fighter_id,fade_slope,fade_slope_dev,population_slope,slope_se,total_min_fought,min_past_10,n_fights,n_fights_reaching_r3,n_round_obs
3522,-0.2229686413604923,-0.22990068818347437,0.006932046822982068,0.08667059668237029,211.4335,42.7333,25,9,51
4897,-0.2190943349753554,-0.22602638179833748,0.006932046822982068,0.07941650539536751,109.6334,35.36665,14,4,27
1995,-0.17225936849885554,-0.1791914153218376,0.006932046822982068,0.06694386902717099,292.1999,103.6833,25,14,62
3269,-0.1645161693087608,-0.17144821613174288,0.006932046822982068,0.07255316809804453,257.7167,74.54995,24,12,58
2706,-0.15630951134076548,-0.16324155816374755,0.006932046822982068,0.09355339632427268,136.4667,25.0,21,5,34
2407,-0.14813835132510952,-0.1550703981480916,0.006932046822982068,0.08986583349816166,162.6667,45.71665,15,10,36
4633,-0.14656863548731502,-0.1535006823102971,0.006932046822982068,0.07712061637750423,177.5832,54.8333,17,7,38
589,-0.14546901002580837,-0.15240105684879043,0.006932046822982068,0.09209804277816915,148.6334,39.4333,14,8,32
2070,-0.14183795106461047,-0.14876999788759254,0.006932046822982068,0.10431194554196441,42.0,10.0,5,2,10
1327,-0.1400235910479359,-0.14695563787091798,0.006932046822982068,0.10101529456325246,62.95,16.8333,6,4,14
2674,-0.13499397908742372,-0.1419260259104058,0.006932046822982068,0.10547774577529755,37.1667,7.066650000000001,4,2,9
103,-0.13202829608068625,-0.13896034290366832,0.006932046822982068,0.08339397580430136,178.05,65.0,12,11,36
3888,-0.12963735693070938,-0.13656940375369145,0.006932046822982068,0.0960984910476616,124.5167,21.01665,14,5,28
5091,-0.12909361859533275,-0.13602566541831482,0.006932046822982068,0.08021152292730759,95.8166,35.0,11,3,23
3080,-0.12881625967033342,-0.13574830649331548,0.006932046822982068,0.08414533449807457,137.4333,41.29995,14,7,32
3146,-0.1275148703961222,-0.13444691721910426,0.006932046822982068,0.09174028051103521,156.2499,27.5333,21,7,38
3905,-0.1264009392152322,-0.13333298603821428,0.006932046822982068,0.08320699314245465,160.9167,57.0167,13,10,35
2134,-0.12622177360724804,-0.1331538204302301,0.006932046822982068,0.09671530664323669,101.4832,20.0,15,4,26
868,-0.12605192436712068,-0.13298397119010275,0.006932046822982068,0.09519120562924217,100.3833,27.9833,11,6,23
2586,-0.12083180326571916,-0.12776385008870123,0.006932046822982068,0.09926824192689214,98.6168,15.0,14,3,24
2923,-0.11972996846899175,-0.12666201529197382,0.006932046822982068,0.0640411265467195,202.7499,93.95,16,8,45
3927,-0.11890027998178543,-0.1258323268047675,0.006932046822982068,0.06949105485488748,293.5499,105.0,21,15,61
3998,-0.11750546512273503,-0.1244375119457171,0.006932046822982068,0.08179405921282829,178.2666,45.59995,19,8,40
3615,-0.11635361394281285,-0.12328566076579492,0.006932046822982068,0.0887678003733893,171.6334,50.0,16,10,38
4055,-0.11489634357724306,-0.12182839040022513,0.006932046822982068,0.0943005845331328,149.4999,25.0,18,5,36
938,-0.1128829383085884,-0.11981498513157046,0.006932046822982068,0.09235932305536915,136.9001,24.76665,21,6,35
1322,-0.11199613140120208,-0.11892817822418415,0.006932046822982068,0.09287162626679314,142.5169,30.0,18,6,34
5085,-0.11195825851434019,-0.11889030533732226,0.006932046822982068,0.07531822794419568,135.9334,56.46665,11,6,30
4713,-0.11089712196015679,-0.11782916878313886,0.006932046822982068,0.08812274765035594,195.0833,49.8,19,10,43
3305,-0.1105564486097153,-0.11748849543269736,0.006932046822982068,0.09887949319433248,53.3,15.0,6,2,12
4421,-0.1076131878398013,-0.11454523466278337,0.006932046822982068,0.0782128830679012,366.5166,93.29995,32,20,80
2963,-0.10690158448028823,-0.1138336313032703,0.006932046822982068,0.09300978900685022,148.7668,40.9833,12,9,31
2694,-0.10398316543792606,-0.11091521226090813,0.006932046822982068,0.10022820029959091,66.2167,15.04995,8,4,16
811,-0.10283779900482996,-0.10976984582781203,0.006932046822982068,0.08357332179048592,175.0667,50.0,15,8,37
939,-0.10167706748196571,-0.10860911430494778,0.006932046822982068,0.0632366163121851,249.9834,115.0,16,10,53
96,-0.10131152279678268,-0.10824356961976475,0.006932046822982068,0.09370789087680571,149.9667,35.0,14,7,32
3777,-0.10105412189365943,-0.1079861687166415,0.006932046822982068,0.07726555728301644,205.1833,75.75,14,12,42
5033,-0.09871532734015268,-0.10564737416313474,0.006932046822982068,0.10867831207621298,18.4833,3.4833,2,1,4
129,-0.09868237175470812,-0.10561441857769019,0.006932046822982068,0.0985604470743084,83.6667,25.0,7,5,18
1417,-0.09819792927011675,-0.10512997609309882,0.006932046822982068,0.0772913662116279,157.5666,52.26665,16,7,35
2976,-0.09809278518866757,-0.10502483201164964,0.006932046822982068,0.10476631946285539,38.9333,9.61665,4,2,9
983,-0.09791712910362803,-0.1048491759266101,0.006932046822982068,0.09644204358155388,109.4333,27.55,10,6,24
1889,-0.09727605051724425,-0.10420809734022632,0.006932046822982068,0.06965341632168677,302.8501,97.34995,27,15,66
4263,-0.09695842398486534,-0.10389047080784741,0.006932046822982068,0.09857455133539944,82.3166,25.0,7,5,18
258,-0.09544131878251012,-0.10237336560549219,0.006932046822982068,0.10095266474871314,62.9833,17.0833,6,4,14
856,-0.09480138723608893,-0.101733434059071,0.006932046822982068,0.10049839669692096,72.6334,15.0,10,3,18
2844,-0.09466904663107054,-0.1016010934540526,0.006932046822982068,0.09155796391285552,167.3501,40.0,16,8,36
4202,-0.09354214275687386,-0.10047418957985593,0.006932046822982068,0.09276524841252433,152.7001,37.35,14,8,34
2868,-0.09237360983407188,-0.09930565665705395,0.006932046822982068,0.09815631833699935,113.6833,16.2333,14,4,26
1344,-0.09209803282671014,-0.09903007964969221,0.006932046822982068,0.10014374243660208,77.1166,20.0,7,4,16
1094,-0.09172570401127915,-0.09865775083426122,0.006932046822982068,0.105051658727724,31.4167,10.0,3,2,7
1034,-0.09149297487944914,-0.09842502170243121,0.006932046822982068,0.07641972009722231,216.9166,79.3666,15,13,45
2458,-0.09142745173825184,-0.09835949856123391,0.006932046822982068,0.08144841865355874,120.1833,45.0,9,5,25
1961,-0.09130514016323406,-0.09823718698621613,0.006932046822982068,0.0940014131182971,129.1167,37.2,11,8,27
1820,-0.09034831472847496,-0.09728036155145703,0.006932046822982068,0.06323732904554139,337.9164,106.08330000000001,31,16,77
3074,-0.08981599053137226,-0.09674803735435433,0.006932046822982068,0.1102833169779305,32.0666,0.0,9,0,11
2795,-0.0879728916568461,-0.09490493847982817,0.006932046822982068,0.07208933682322347,436.53340000000003,113.9833,44,24,97
1203,-0.08792716096408953,-0.0948592077870716,0.006932046822982068,0.08954523782379131,171.3333,51.4333,14,11,37
625,-0.08762739524106028,-0.09455944206404235,0.006932046822982068,0.10438088982936507,33.2333,10.0,4,2,8
2224,-0.08717173093004772,-0.09410377775302979,0.006932046822982068,0.10217730635685217,82.9499,10.0,11,2,20
3836,-0.08685689374192307,-0.09378894056490514,0.006932046822982068,0.0978306941930387,91.9,25.0,9,5,20
1502,-0.08677406577762954,-0.09370611260061161,0.006932046822982068,0.09476502498838169,113.0,34.41665,10,7,24
1375,-0.08658717184072742,-0.09351921866370949,0.006932046822982068,0.05782319197251698,378.7667,174.46665,22,19,77
3441,-0.08658340557250421,-0.09351545239548628,0.006932046822982068,0.07801740465253604,178.8001,58.76665,14,9,39
2159,-0.08539399281197739,-0.09232603963495946,0.006932046822982068,0.07936948990547975,151.7665,51.3833,12,7,34
4548,-0.08512625182598854,-0.09205829864897061,0.006932046822982068,0.09404759846426944,143.5166,29.3833,16,6,32
1748,-0.08394420268201701,-0.09087624950499908,0.006932046822982068,0.09716073698435976,101.2334,24.666650000000004,10,6,22
3931,-0.08367075015578658,-0.09060279697876865,0.006932046822982068,0.09994428983420085,92.1167,15.0,12,3,21
886,-0.08293896930811576,-0.08987101613109783,0.006932046822982068,0.07300044819302168,250.8168,70.5333,25,11,56
2538,-0.08216983989236608,-0.08910188671534815,0.006932046822982068,0.09460538881285568,123.7667,28.65,13,6,28
575,-0.08209834493418201,-0.08903039175716408,0.006932046822982068,0.08514291009888032,230.1501,64.44995,20,14,50
141,-0.08047632808414071,-0.08740837490712278,0.006932046822982068,0.06072862021881511,296.7333,133.85,19,14,63
1063,-0.080197280748321,-0.08712932757130307,0.006932046822982068,0.07812231147607389,238.9332,64.46665,25,11,52
2452,-0.07981408941072393,-0.086746136233706,0.006932046822982068,0.10152041524163266,88.3167,14.16665,11,3,19
4593,-0.07977549400364675,-0.08670754082662882,0.006932046822982068,0.0887640475367557,149.0668,41.05,15,8,34
4791,-0.07949784512019431,-0.08642989194317638,0.006932046822982068,0.09727781168397209,79.20009999999999,18.950000000000003,8,3,18
448,-0.07838849819628851,-0.08532054501927058,0.006932046822982068,0.10635184478082417,82.6999,15.75,14,0,16
3547,-0.07783494676727849,-0.08476699359026056,0.006932046822982068,0.0909182548501301,64.1833,21.9333,6,3,15
3467,-0.07765909392295435,-0.08459114074593642,0.006932046822982068,0.08919151657662353,199.8667,60.0,14,12,40
4878,-0.07745812948833174,-0.0843901763113138,0.006932046822982068,0.0696136922691869,235.3667,79.33335,21,10,52
3803,-0.07735667126708613,-0.0842887180900682,0.006932046822982068,0.09489198248935428,111.0666,30.0,12,6,25
2854,-0.0772562182867808,-0.08418826510976286,0.006932046822982068,0.10753518792622022,27.8833,5.0,3,1,6
1387,-0.07693254635025598,-0.08386459317323805,0.006932046822982068,0.08224873857015891,214.8334,66.16669999999999,16,12,45
4322,-0.07680995197993155,-0.08374199880291362,0.006932046822982068,0.08991701947717862,85.2833,28.0,7,4,18
4949,-0.07633441280289739,-0.08326645962587946,0.006932046822982068,0.09716859936300395,104.0667,21.1333,12,5,25
2209,-0.07615137342160068,-0.08308342024458275,0.006932046822982068,0.10676095574664944,28.7834,5.0,5,1,8
2648,-0.07590637370062224,-0.08283842052360431,0.006932046822982068,0.1069400137502739,35.65,5.0,4,1,8
42,-0.07568185694093128,-0.08261390376391335,0.006932046822982068,0.07275311002247106,189.4833,72.4333,15,9,41
4506,-0.07539587697904881,-0.08232792380203088,0.006932046822982068,0.09685339615303895,104.9666,29.55,9,6,22
875,-0.07513899183358644,-0.0820710386565685,0.006932046822982068,0.07559348710185672,187.0169,60.71665,17,8,41
3231,-0.07511715715617338,-0.08204920397915545,0.006932046822982068,0.07214631841980931,230.7,85.0,16,11,47
112,-0.07499419144927036,-0.08192623827225243,0.006932046822982068,0.09385552082222445,133.6833,31.35,13,7,30
3202,-0.07402265972679144,-0.0809547065497735,0.006932046822982068,0.10684920227730749,27.55,5.0,5,1,8
543,-0.07348206805854726,-0.08041411488152933,0.006932046822982068,0.1068719410555837,31.8666,5.0,5,1,9
4704,-0.07303770127574083,-0.0799697480987229,0.006932046822982068,0.08025476745036861,117.1166,45.0,10,5,26
1099,-0.07274978864393866,-0.07968183546692073,0.006932046822982068,0.09390495500584067,136.8,41.8,10,9,28
2787,-0.07136286891878448,-0.07829491574176654,0.006932046822982068,0.10364811268043625,65.3167,8.166649999999999,10,2,16
838,-0.0711920842694907,-0.07812413109247276,0.006932046822982068,0.09909171748876706,44.1,13.15,6,2,11
4734,-0.0709386032126822,-0.07787065003566426,0.006932046822982068,0.057510339158357196,342.5833,154.3833,22,14,71
4493,-0.07033888265432255,-0.07727092947730461,0.006932046822982068,0.08836912061669691,197.0666,45.09995,20,10,43
2380,-0.07000857276506459,-0.07694061958804665,0.006932046822982068,0.09398576619729657,122.0167,33.85,12,7,27
1935,-0.06967122783212416,-0.07660327465510623,0.006932046822982068,0.1000887357182245,78.2834,15.0,11,3,18
2133,-0.06866694895501138,-0.07559899577799345,0.006932046822982068,0.07193430972872586,205.6167,70.39995,17,9,46
4522,-0.0685651784152417,-0.07549722523822378,0.006932046822982068,0.1023358121825688,59.35,15.0,6,3,13
3373,-0.06824883321335154,-0.07518088003633361,0.006932046822982068,0.08365114092369154,164.6167,45.0,16,7,35
3321,-0.06780477122334262,-0.07473681804632469,0.006932046822982068,0.10703379224701717,32.4834,5.0,4,1,8
3580,-0.06693120979509622,-0.07386325661807829,0.006932046822982068,0.09461324894309292,125.95,35.0,11,7,26
1800,-0.06660951070492424,-0.07354155752790631,0.006932046822982068,0.09606538378110738,105.4836,20.0,17,4,27
336,-0.06651104342994275,-0.07344309025292482,0.006932046822982068,0.1065117364044389,27.6333,7.633299999999998,2,2,6
3809,-0.06643487640791353,-0.0733669232308956,0.006932046822982068,0.0964924744380189,102.2,25.9333,10,6,23
2406,-0.06629549171525896,-0.07322753853824103,0.006932046822982068,0.10342492938477385,51.25,11.666649999999999,5,3,12
4058,-0.06625762552802804,-0.07318967235101011,0.006932046822982068,0.08407340750507315,155.4,50.0,13,8,33
953,-0.06576256754138148,-0.07269461436436354,0.006932046822982068,0.10646566632434792,36.25,5.0,5,1,9
2311,-0.06549199257295517,-0.07242403939593724,0.006932046822982068,0.07975777638132155,158.8666,52.066649999999996,12,7,33
3706,-0.06500587578146425,-0.07193792260444631,0.006932046822982068,0.09744756491396138,87.4,25.0,9,5,19
2176,-0.06491800811425197,-0.07185005493723404,0.006932046822982068,0.10634415656687046,37.95,5.0,6,1,10
3542,-0.0646987696085719,-0.07163081643155397,0.006932046822982068,0.10317351543010259,60.8333,13.61665,5,3,13
2415,-0.06466742907919998,-0.07159947590218205,0.006932046822982068,0.09926513185511199,92.9167,21.85,8,5,21
380,-0.06406851455906676,-0.07100056138204883,0.006932046822982068,0.10240698503276636,56.8,15.0,5,3,12
1205,-0.06404123339313851,-0.07097328021612058,0.006932046822982068,0.08995809296061535,185.8501,45.0,17,9,40
862,-0.06350245650522619,-0.07043450332820826,0.006932046822982068,0.10812118069331915,22.65,5.0,2,1,5
3900,-0.06322491423952536,-0.07015696106250743,0.006932046822982068,0.08058816365256206,183.9666,44.599900000000005,20,7,42
4558,-0.06321718256840296,-0.07014922939138503,0.006932046822982068,0.08864110470471337,90.9666,25.0,11,3,20
4191,-0.06297598723714909,-0.06990803406013116,0.006932046822982068,0.10547565441920181,39.1833,10.0,3,2,8
1874,-0.0628049370267754,-0.06973698384975748,0.006932046822982068,0.10424331283609864,45.7833,10.0,5,2,10
3148,-0.06276959793461835,-0.06970164475760042,0.006932046822982068,0.0683460171643195,307.0834,100.08324999999999,25,15,64
1485,-0.06268169861165339,-0.06961374543463546,0.006932046822982068,0.0954508489055093,127.0666,28.9333,12,6,28
1869,-0.06248613009234048,-0.06941817691532255,0.006932046822982068,0.10027402381666525,65.0,20.0,6,4,14
345,-0.06221502019353847,-0.06914706701652054,0.006932046822982068,0.09855847157148034,77.8666,20.533299999999997,8,5,18
1060,-0.06192751820493192,-0.06885956502791399,0.006932046822982068,0.09017063401708342,168.3667,49.85,14,10,35
3135,-0.06185943811739776,-0.06879148494037983,0.006932046822982068,0.10465231477151174,41.8667,10.0,4,2,9
4087,-0.061354327920570786,-0.06828637474355286,0.006932046822982068,0.09869257703044329,88.55,28.55,6,6,18
2797,-0.061059047943347836,-0.0679910947663299,0.006932046822982068,0.09406910632555635,120.7833,30.0,13,6,28
2443,-0.06100166782992132,-0.06793371465290339,0.006932046822982068,0.10612514733204946,34.8501,5.0,7,1,10
4971,-0.06091458413495776,-0.06784663095793983,0.006932046822982068,0.09215583022253328,148.0834,42.06665,13,9,31
3571,-0.060697224586515,-0.06762927140949707,0.006932046822982068,0.0982879128092613,86.65,25.0,8,5,18
701,-0.060671658900669834,-0.0676037057236519,0.006932046822982068,0.10245223680546442,66.3,15.0,6,3,14
2131,-0.06039917271751741,-0.06733121954049948,0.006932046822982068,0.09859435998174139,87.7,22.8833,8,5,20
3972,-0.06034110402156939,-0.06727315084455146,0.006932046822982068,0.09709088783267385,97.8499,25.0,10,5,22
4669,-0.05947004391444445,-0.06640209073742652,0.006932046822982068,0.10424407115439678,50.5333,6.883299999999998,7,2,13
884,-0.05933320815539053,-0.0662652549783726,0.006932046822982068,0.10477962000680857,42.5833,10.0,4,2,9
739,-0.05932315509940214,-0.06625520192238421,0.006932046822982068,0.10382006829892464,44.9333,14.9333,3,3,9
4841,-0.0590839608763712,-0.06601600769935327,0.006932046822982068,0.1084599297057336,14.9667,4.96665,1,1,3
1625,-0.058911013360537556,-0.06584306018351962,0.006932046822982068,0.10307048291841385,63.0167,13.816650000000001,5,3,13
73,-0.058639558488866664,-0.06557160531184873,0.006932046822982068,0.08841304814124681,113.4667,43.46665,7,7,23
4656,-0.058554061787103234,-0.0654861086100853,0.006932046822982068,0.10528360438004188,32.85,10.0,3,2,7
2875,-0.058395843232979666,-0.06532789005596173,0.006932046822982068,0.10398328306800118,36.5834,10.0,5,2,9
1176,-0.05833029828096914,-0.06526234510395121,0.006932046822982068,0.10486421036643068,39.4166,10.0,4,2,9
1002,-0.05805461198807388,-0.06498665881105595,0.006932046822982068,0.10144484021453609,67.6165,13.7333,8,3,16
4476,-0.058016346887650755,-0.06494839371063282,0.006932046822982068,0.09540001447269547,120.0,40.0,8,8,24
1494,-0.05740204802731155,-0.06433409485029362,0.006932046822982068,0.09130402923287936,78.25,28.666649999999997,5,4,16
438,-0.05705500501213974,-0.06398705183512181,0.006932046822982068,0.10274721430584602,46.0333,15.0,4,3,10
1488,-0.05699361497329221,-0.06392566179627428,0.006932046822982068,0.10039182323480791,60.9666,15.0,9,3,15
2199,-0.056951153579130595,-0.06388320040211266,0.006932046822982068,0.10330002411428865,49.55,15.0,4,3,10
4654,-0.056697580142027595,-0.06362962696500966,0.006932046822982068,0.10407414990745642,43.55,10.0,6,2,10
736,-0.056369292168812146,-0.06330133899179421,0.006932046822982068,0.10069258021656512,77.75,18.2333,7,4,17
4712,-0.05626762174625714,-0.06319966856923921,0.006932046822982068,0.10350930901191135,49.2,11.25,5,3,11
1830,-0.05602522828124255,-0.06295727510422462,0.006932046822982068,0.08983141628436934,200.95,48.9333,17,10,42
2922,-0.05591653715758918,-0.06284858398057125,0.006932046822982068,0.09895639347106089,87.0166,27.0166,6,6,18
2369,-0.055501133605764794,-0.06243318042874686,0.006932046822982068,0.10493831366182091,29.9833,7.449999999999999,4,2,8
356,-0.055028505689058024,-0.06196055251204009,0.006932046822982068,0.10267352419335962,59.2667,9.96665,7,3,14
3330,-0.054966857990989465,-0.061898904813971534,0.006932046822982068,0.09738066477515576,112.7668,24.86665,10,6,24
2704,-0.05459812258256493,-0.061530169405547,0.006932046822982068,0.09483265522566789,117.4333,34.9833,10,7,25
3874,-0.05459575662271955,-0.06152780344570162,0.006932046822982068,0.0920372748272391,159.4333,47.1833,12,10,33
963,-0.054133023273306706,-0.061065070096288775,0.006932046822982068,0.10391025482854006,51.8667,11.96665,4,3,11
4853,-0.05404364422745486,-0.06097569105043693,0.006932046822982068,0.08608905850594449,123.7167,44.26665,10,7,26
4431,-0.053951424105252374,-0.06088347092823444,0.006932046822982068,0.09592118842943655,123.95,26.3333,12,6,28
2553,-0.05387339941460824,-0.06080544623759031,0.006932046822982068,0.09919047037232473,83.55,17.05,10,4,20
2547,-0.0538337272778818,-0.06076577410086387,0.006932046822982068,0.0971692961077293,111.1667,28.11665,9,6,23
3970,-0.053657154820122344,-0.06058920164310441,0.006932046822982068,0.08517180539696759,112.8167,28.049999999999997,13,3,27
2258,-0.053454049030384865,-0.06038609585336693,0.006932046822982068,0.1039604461062095,18.0167,8.0167,1,1,4
1109,-0.05323427211145507,-0.060166318934437135,0.006932046822982068,0.10142672644315638,67.8,16.149950000000004,6,4,15
562,-0.053205348109959714,-0.06013739493294178,0.006932046822982068,0.11036316340612087,22.0167,0.0,5,0,7
2817,-0.05311679040958395,-0.060048837232566016,0.006932046822982068,0.10730627554064599,24.3167,5.0,4,1,6
2751,-0.05293049260627293,-0.059862539429255,0.006932046822982068,0.09680659109657322,97.9666,26.4833,9,6,22
4072,-0.052917410419800755,-0.05984945724278282,0.006932046822982068,0.08968911727916894,86.0166,30.0,7,4,18
1487,-0.05289872228507737,-0.059830769108059435,0.006932046822982068,0.09778027352123908,89.9833,25.0,9,5,19
1437,-0.05261619571510184,-0.05954824253808391,0.006932046822982068,0.10327068409228703,55.0,15.0,4,3,11
3322,-0.05260084297691721,-0.05953288979989928,0.006932046822982068,0.10143614844901934,75.4167,17.1,6,4,16
2294,-0.05240480606185472,-0.05933685288483679,0.006932046822982068,0.08866277540965614,214.6001,42.1833,23,9,48
4751,-0.05217857229078636,-0.05911061911376843,0.006932046822982068,0.10351405429925878,46.4833,13.2333,4,3,10
3829,-0.05181358819074676,-0.05874563501372883,0.006932046822982068,0.05974119336708136,408.5335,156.14995,31,22,87
3459,-0.051722505071295916,-0.058654551894277984,0.006932046822982068,0.10532057476729281,33.1,10.0,3,2,7
3680,-0.05165976123638352,-0.05859180805936559,0.006932046822982068,0.08830522773341384,82.1333,31.7333,6,4,18
2934,-0.05163068126995122,-0.05856272809293329,0.006932046822982068,0.10092970778418178,69.7167,20.0,6,4,14
4074,-0.05154076701240096,-0.05847281383538303,0.006932046822982068,0.10738630841855624,34.0167,1.3500000000000014,8,1,11
3728,-0.051517393506999874,-0.05844944032998194,0.006932046822982068,0.08479195593885201,248.6166,76.2833,18,17,52
164,-0.05143535723493362,-0.05836740405791569,0.006932046822982068,0.10750847004679888,19.9167,5.0,3,1,5
2748,-0.0513959618822496,-0.058328008705231665,0.006932046822982068,0.10278687106404102,46.25,15.0,4,3,10
5043,-0.051286993394328455,-0.05821904021731052,0.006932046822982068,0.1000502606785542,86.9333,14.149999999999999,12,3,20
1644,-0.051241563693212255,-0.058173610516194324,0.006932046822982068,0.09183588602852788,147.5334,40.0,14,8,32
5003,-0.05116502254430046,-0.05809706936728253,0.006932046822982068,0.06469665293923815,219.4167,101.3167,15,9,47
3802,-0.05107762171842984,-0.05800966854141191,0.006932046822982068,0.09216407067340181,66.2,17.683300000000003,7,2,15
1596,-0.051052719336128254,-0.05798476615911032,0.006932046822982068,0.09381956342407138,145.3667,39.04995,11,9,31
4341,-0.050828659442566544,-0.05776070626554861,0.006932046822982068,0.0974851257947024,94.7167,27.61665,8,6,20
4382,-0.050665020744082856,-0.057597067567064925,0.006932046822982068,0.10458845256599054,36.7,8.55,5,2,9
4513,-0.05058911489769059,-0.05752116172067266,0.006932046822982068,0.09025128508978543,76.4334,29.416649999999997,6,4,16
4150,-0.05058731572790246,-0.05751936255088453,0.006932046822982068,0.08953771657752686,166.9667,49.66665,15,10,36
1734,-0.050541029370596624,-0.05747307619357869,0.006932046822982068,0.10543177235243634,39.8833,10.0,3,2,8
2872,-0.05054073593332576,-0.05747278275630783,0.006932046822982068,0.08101497591820638,128.3666,50.0,9,6,27
4228,-0.05050170057952242,-0.05743374740250449,0.006932046822982068,0.09618982571079396,102.5167,30.0,9,6,22
955,-0.05030788586207861,-0.05723993268506068,0.006932046822982068,0.10495879387113022,42.65,9.55,4,2,9
3093,-0.05028928278038191,-0.05722132960336398,0.006932046822982068,0.1018816382514074,60.0,20.0,4,4,12
4977,-0.050223797294496275,-0.057155844117478344,0.006932046822982068,0.0985144194807858,90.0,25.0,8,5,19
749,-0.050182497562190946,-0.057114544385173015,0.006932046822982068,0.10758297678487935,31.6667,5.0,4,1,8
572,-0.050108341735689454,-0.05704038855867152,0.006932046822982068,0.09844639297665064,90.0,30.0,6,6,18
3685,-0.05007422237678217,-0.05700626919976424,0.006932046822982068,0.0933504898507762,121.20009999999999,23.4167,16,4,27
241,-0.04981537067057594,-0.05674741749355801,0.006932046822982068,0.06794261287587745,244.0668,94.41669999999999,17,11,52
1305,-0.049770668646626416,-0.056702715469608485,0.006932046822982068,0.10300330562461002,48.5334,12.46665,5,3,11
4117,-0.04972583580837418,-0.05665788263135625,0.006932046822982068,0.0676546842382424,222.3167,86.94995,18,10,49
538,-0.049703024304340156,-0.056635071127322224,0.006932046822982068,0.10380474596768878,45.0,15.0,3,3,9
639,-0.04963793116769786,-0.05656997799067993,0.006932046822982068,0.10973870769599428,38.55,0.0,6,0,10
2691,-0.04963012541958281,-0.05656217224256488,0.006932046822982068,0.1106658277232355,17.349999999999998,0.0,7,0,8
3870,-0.049543566529846206,-0.056475613352828274,0.006932046822982068,0.10775861022390229,25.6667,5.0,3,1,6
3083,-0.04952332671788336,-0.05645537354086543,0.006932046822982068,0.10743624155650873,32.8,5.0,4,1,7
2544,-0.04928724319523881,-0.05621929001822088,0.006932046822982068,0.09727035288478261,102.4333,32.4333,7,7,21
2188,-0.04925637241275131,-0.05618841923573338,0.006932046822982068,0.0861244351306024,203.85,48.4,23,9,44
4428,-0.04903516157124152,-0.05596720839422359,0.006932046822982068,0.09573760580049197,119.2499,29.9833,11,6,26
2734,-0.04898065889313359,-0.05591270571611566,0.006932046822982068,0.10519554617861171,37.0167,8.51665,4,2,9
2431,-0.04888945478659952,-0.05582150160958159,0.006932046822982068,0.06556380394131354,251.7666,109.9333,17,12,52
4649,-0.04885598692647508,-0.05578803374945715,0.006932046822982068,0.10954064774670938,11.0667,1.066650000000001,1,1,3
4524,-0.04863060902796799,-0.055562655850950056,0.006932046822982068,0.10411941118855793,43.5667,13.566650000000001,3,3,9
4507,-0.048545568642830626,-0.055477615465812695,0.006932046822982068,0.05172556203699546,521.3834,220.6333,35,25,109
1553,-0.048267900769156616,-0.055199947592138685,0.006932046822982068,0.09954783392879359,66.9834,20.0,7,4,15
3200,-0.04819896925243112,-0.05513101607541319,0.006932046822982068,0.082696482990966,101.5167,42.21665,7,5,22
576,-0.04814658955250669,-0.05507863637548876,0.006932046822982068,0.09502103588582436,120.7333,26.5333,13,6,27
2498,-0.04802743532861475,-0.054959482151596815,0.006932046822982068,0.10011548390764334,78.1666,17.5333,8,4,17
2023,-0.047546776680730776,-0.054478823503712845,0.006932046822982068,0.08311478181072714,101.4834,42.21665,7,5,21
1362,-0.04754244842049965,-0.05447449524348172,0.006932046822982068,0.09979005062461391,83.0833,23.8833,6,5,17
3947,-0.04712327928281883,-0.0540553261058009,0.006932046822982068,0.10034104195851645,78.9,16.61665,9,4,17
671,-0.046885315125163196,-0.053817361948145265,0.006932046822982068,0.10329384903949607,54.9,14.899999999999999,4,3,11
483,-0.04688139175438939,-0.05381343857737146,0.006932046822982068,0.08880354750293253,83.3834,29.916649999999997,8,4,18
1839,-0.04669291372260484,-0.05362496054558691,0.006932046822982068,0.103392655914808,53.6501,12.916649999999999,5,3,12
2041,-0.046481289836246935,-0.053413336659229003,0.006932046822982068,0.10358147315471077,61.1833,7.300000000000001,7,3,15
3892,-0.046462784092661205,-0.053394830915643274,0.006932046822982068,0.09610353903911098,108.05,35.0,8,7,22
2695,-0.04644783985150723,-0.0533798866744893,0.006932046822982068,0.10119117650619958,63.5167,20.0,5,4,13
4020,-0.04643370903720463,-0.0533657558601867,0.006932046822982068,0.10353076295988305,53.8499,13.866600000000002,4,3,11
307,-0.04630204991920216,-0.053234096742184225,0.006932046822982068,0.10812404684422369,22.6,5.0,2,1,5
5083,-0.04611769171493012,-0.053049738537912186,0.006932046822982068,0.0967638837216715,107.5833,25.0,11,5,24
824,-0.04608128461365059,-0.05301333143663266,0.006932046822982068,0.09050872938338303,167.6999,35.45,20,8,39
865,-0.046027443008975884,-0.05295948983195795,0.006932046822982068,0.10594029123580044,30.0,10.0,2,2,6
1590,-0.045914562439443855,-0.052846609262425924,0.006932046822982068,0.09580915105245842,116.3501,34.41665,9,7,24
2747,-0.04585869849871613,-0.052790745321698196,0.006932046822982068,0.10452212260933373,54.3501,10.0,6,2,13
3589,-0.04583548447260268,-0.05276753129558475,0.006932046822982068,0.08997263636100689,180.15,50.35,15,11,38
835,-0.04582231091398738,-0.052754357736969446,0.006932046822982068,0.08897481895056894,104.4501,30.0,9,4,22
4096,-0.04569471883822477,-0.05262676566120684,0.006932046822982068,0.11101146362421307,22.0,0.0,5,0,6
2578,-0.045594317058208274,-0.05252636388119034,0.006932046822982068,0.0849999131346689,238.4334,58.16665,24,12,52
276,-0.04491376367154792,-0.051845810494529986,0.006932046822982068,0.10005509912081731,82.25,16.86665,8,4,18
3506,-0.044832952829549466,-0.051764999652531535,0.006932046822982068,0.10556722242734708,35.0,10.0,3,2,7
170,-0.04476843664758198,-0.05170048347056405,0.006932046822982068,0.10182914596067763,69.0333,15.0,7,3,15
3569,-0.04475808168163166,-0.05169012850461373,0.006932046822982068,0.08662640241139817,97.5667,35.0,10,5,22
4978,-0.044754866008158416,-0.051686912831140484,0.006932046822982068,0.10327068409228703,55.0,15.0,4,3,11
1550,-0.044678993904177566,-0.051611040727159635,0.006932046822982068,0.06911337110989933,183.26670000000001,92.2833,10,8,38
1272,-0.04465873631491052,-0.05159078313789259,0.006932046822982068,0.08667629291467108,119.7001,34.5,12,5,26
2826,-0.04456262719779168,-0.05149467402077375,0.006932046822982068,0.10468969787572645,42.1,10.0,4,2,9
4534,-0.04449096163098154,-0.05142300845396361,0.006932046822982068,0.09799836487397817,95.3667,25.0,9,5,21
2859,-0.044346250647439585,-0.051278297470421653,0.006932046822982068,0.10738206675585353,25.1166,5.0,4,1,6
2991,-0.044327187205752606,-0.051259234028734675,0.006932046822982068,0.10278988045113012,46.2667,15.0,4,3,10
692,-0.04430115222530021,-0.05123319904828228,0.006932046822982068,0.08182737004897646,281.15,78.65,25,16,59
1757,-0.0441509904780981,-0.051083037301080166,0.006932046822982068,0.07562660241866405,185.8998,59.3999,17,9,43
4451,-0.043743660622048354,-0.05067570744503042,0.006932046822982068,0.10271422840341586,55.35,15.0,5,3,12
1945,-0.04368741947787007,-0.05061946630085214,0.006932046822982068,0.1024923481984185,67.7333,15.0,6,3,14
4335,-0.04348065354567524,-0.05041270036865731,0.006932046822982068,0.08996654230768802,180.9167,46.71665,16,10,38
2459,-0.043261861236207816,-0.050193908059189885,0.006932046822982068,0.07992386078595158,230.9666,63.78325,20,12,50
656,-0.0432076977243587,-0.05013974454734077,0.006932046822982068,0.07339776756940268,242.4335,67.31665,24,10,54
2809,-0.043049098225308405,-0.04998114504829047,0.006932046822982068,0.10755755764406941,29.25,3.4499999999999993,4,1,7
952,-0.042778767408576744,-0.04971081423155881,0.006932046822982068,0.10561477036291515,41.2834,6.26665,5,2,10
2269,-0.04271250151306869,-0.04964454833605076,0.006932046822982068,0.10331340456512897,54.0667,15.0,4,3,11
2264,-0.042608526352622064,-0.04954057317560413,0.006932046822982068,0.10549935811473829,38.7333,10.0,3,2,8
4200,-0.04244488714280142,-0.049376933965783486,0.006932046822982068,0.09742076002607847,108.75,30.0,8,6,22
4944,-0.04239297780696901,-0.04932502462995108,0.006932046822982068,0.09548276297969208,105.4332,28.4333,11,6,24
5087,-0.042284789002139195,-0.04921683582512126,0.006932046822982068,0.1018816382514074,60.0,20.0,4,4,12
4608,-0.04209166732106502,-0.04902371414404709,0.006932046822982068,0.1024853211914713,56.7333,16.7333,4,4,12
2175,-0.04189966887343536,-0.04883171569641743,0.006932046822982068,0.10197217379005225,58.5334,15.0,6,3,13
4641,-0.04183454872683497,-0.04876659554981704,0.006932046822982068,0.09999097547370599,71.6333,19.99995,6,5,16
4062,-0.041679972898615594,-0.04861201972159766,0.006932046822982068,0.10380474596768878,45.0,15.0,3,3,9
3456,-0.04163560251220597,-0.04856764933518804,0.006932046822982068,0.08137957952622471,98.4001,40.0,9,4,22
2497,-0.04159704877702814,-0.04852909560001021,0.006932046822982068,0.10247655364895839,57.1166,14.5333,6,3,12
1001,-0.04146797704265302,-0.04840002386563509,0.006932046822982068,0.08030263485052234,118.1333,46.99995,10,6,26
4325,-0.041227367597721436,-0.048159414420703504,0.006932046822982068,0.08269909114031677,185.6499,47.9333,18,8,42
3962,-0.0410958788593037,-0.04802792568228577,0.006932046822982068,0.1030649299935629,65.2833,10.0,9,2,15
4409,-0.04077298612754711,-0.04770503295052918,0.006932046822982068,0.10335257986492336,52.4833,15.0,4,3,11
3765,-0.040753343025641056,-0.047685389848623125,0.006932046822982068,0.10602831603843395,37.2,7.633299999999998,3,2,8
26,-0.04051104136269848,-0.04744308818568055,0.006932046822982068,0.10290832294321244,38.3834,10.0,7,2,11
2013,-0.04049936444025796,-0.04743141126324003,0.006932046822982068,0.10088987132684489,71.6,20.0,6,4,15
2194,-0.04042053976781503,-0.0473525865907971,0.006932046822982068,0.10803944258286134,18.3833,5.0,2,1,4
4225,-0.04031427956705456,-0.047246326390036626,0.006932046822982068,0.10310845886673412,48.1833,15.0,4,3,10
155,-0.04030479653555195,-0.047236843358534016,0.006932046822982068,0.07754133620009453,195.3,75.0,13,11,40
2445,-0.04021912004147393,-0.047151166864456,0.006932046822982068,0.09289030029281235,147.7499,40.0,13,8,32
3120,-0.040170851670045485,-0.047102898493027553,0.006932046822982068,0.10795336003392013,24.8167,5.0,2,1,5
1083,-0.04009303253381141,-0.04702507935679348,0.006932046822982068,0.10775256551014319,22.1833,5.0,3,1,5
4695,-0.040038881013245355,-0.04697092783622742,0.006932046822982068,0.0929976320388383,153.8,45.0,11,9,31
3398,-0.03973885648009281,-0.04667090330307488,0.006932046822982068,0.10333884910131409,53.25,15.0,4,3,11
1814,-0.03954346950040861,-0.04647551632339068,0.006932046822982068,0.10387426919143898,53.5,10.0,6,2,12
1374,-0.039524650808158784,-0.04645669763114085,0.006932046822982068,0.08114716433589707,201.0501,61.5,17,11,43
4442,-0.03943440362785979,-0.04636645045084186,0.006932046822982068,0.10805317330224437,29.1334,1.4832999999999998,4,1,8
2250,-0.03940764685770526,-0.04633969368068733,0.006932046822982068,0.08759816748131204,112.85,34.55,10,5,25
1664,-0.03939936107550945,-0.046331407898491515,0.006932046822982068,0.08014376142643026,200.8835,52.01665,19,9,46
167,-0.03935574571595322,-0.046287792538935287,0.006932046822982068,0.10371813874712192,43.45,11.3,4,3,10
3048,-0.03909175677416246,-0.04602380359714453,0.006932046822982068,0.10525327898517949,32.65,10.0,3,2,7
1901,-0.03893159974182319,-0.04586364656480526,0.006932046822982068,0.10101899440767849,67.2833,18.8333,6,4,14
990,-0.03880748695157211,-0.04573953377455418,0.006932046822982068,0.10844963629021372,15.0,5.0,1,1,3
53,-0.03860622698772362,-0.04553827381070569,0.006932046822982068,0.07903758278425796,178.0333,62.34995,13,10,38
2096,-0.03858690601475354,-0.04551895283773561,0.006932046822982068,0.10362243180388113,43.3,11.5,4,3,10
1793,-0.038564008076696424,-0.04549605489967849,0.006932046822982068,0.11008226305584161,25.95,0.0,5,0,8
3102,-0.03855534613313173,-0.0454873929561138,0.006932046822982068,0.07629656852154405,229.1167,85.0,15,13,46
2524,-0.03853968093983029,-0.04547172776281236,0.006932046822982068,0.1037079377267122,45.5,9.26665,5,3,11
3513,-0.03840151918655673,-0.0453335660095388,0.006932046822982068,0.10139066113870586,64.9833,20.0,5,4,13
4419,-0.038276773417962276,-0.045208820240944345,0.006932046822982068,0.06865334561564973,212.6332,86.41659999999999,16,9,45
1649,-0.03815781079727381,-0.04508985762025588,0.006932046822982068,0.09850108037960635,85.6,19.85,10,4,20
80,-0.03756624797774929,-0.04449829480073136,0.006932046822982068,0.11069765155424877,21.3,0.0,5,0,6
34,-0.037492702611617267,-0.044424749434599335,0.006932046822982068,0.09102628288691439,75.9833,25.0,6,3,16
4551,-0.03732172762843442,-0.04425377445141649,0.006932046822982068,0.10764310268192281,32.2833,5.0,3,1,7
4942,-0.03722394246543475,-0.04415598928841682,0.006932046822982068,0.10375899216153031,52.05,12.95,4,3,11
485,-0.03719139246529139,-0.04412343928827346,0.006932046822982068,0.10301109093473303,67.6833,11.0333,7,3,15
7,-0.03716419367963399,-0.04409624050261606,0.006932046822982068,0.10779785174489788,16.6167,5.0,2,1,4
3543,-0.03710953711762579,-0.04404158394060786,0.006932046822982068,0.09790108052359714,96.1,30.0,7,6,20
2709,-0.03710662127912581,-0.04403866810210788,0.006932046822982068,0.10610610189366185,29.35,9.350000000000001,2,2,6
2322,-0.0369618286733563,-0.04389387549633837,0.006932046822982068,0.09636085269621161,112.7,35.0,8,7,23
4061,-0.0369520933914694,-0.043884140214451466,0.006932046822982068,0.09108545899629372,162.3501,47.36665,13,10,34
3291,-0.03683042906167845,-0.04376247588466052,0.006932046822982068,0.10556722242734708,35.0,10.0,3,2,7
3731,-0.03682730641039871,-0.04375935323338078,0.006932046822982068,0.09959689679579635,80.0,25.0,6,5,16
82,-0.03679443133435747,-0.043726478157339536,0.006932046822982068,0.06591093533827705,198.5333,100.0,12,8,42
960,-0.03670327303335432,-0.04363531985633639,0.006932046822982068,0.10594029123580044,30.0,10.0,2,2,6
4256,-0.03666900457177675,-0.04360105139475882,0.006932046822982068,0.10868655097645198,14.2167,4.21665,1,1,3
3612,-0.03661938383912494,-0.04355143066210701,0.006932046822982068,0.10380474596768878,45.0,15.0,3,3,9
1123,-0.03658814860099296,-0.043520195423975026,0.006932046822982068,0.1110754268549509,16.0667,0.0,2,0,4
3988,-0.03657769950958038,-0.04350974633256245,0.006932046822982068,0.1077994408767039,28.3667,5.0,3,1,6
3983,-0.036524380163629,-0.04345642698661107,0.006932046822982068,0.10458344526576188,45.9,10.0,5,2,10
453,-0.036490619435145345,-0.043422666258127414,0.006932046822982068,0.10590499211440173,34.6166,6.5333000000000006,4,2,8
2402,-0.03623372201469014,-0.04316576883767221,0.006932046822982068,0.10748184775497559,22.6167,5.0,3,1,6
3632,-0.03623044881406412,-0.04316249563704619,0.006932046822982068,0.07461057213043876,148.8666,63.1,10,6,32
1876,-0.036072040496408816,-0.043004087319390885,0.006932046822982068,0.09818704996165442,85.7,25.0,8,5,18
4674,-0.03604051443912654,-0.04297256126210861,0.006932046822982068,0.1057671668448005,29.3167,7.449999999999999,3,2,7
3357,-0.035953406129730324,-0.04288545295271239,0.006932046822982068,0.10195694690905603,61.0833,15.0,6,3,13
17,-0.03586583113897433,-0.0427978779619564,0.006932046822982068,0.08247341883984685,116.6666,36.5333,10,4,26
2575,-0.03569521418113345,-0.04262726100411552,0.006932046822982068,0.09812739865069635,104.0,25.816650000000003,8,6,22
35,-0.035669510329632496,-0.042601557152614565,0.006932046822982068,0.11098405816020959,20.0167,0.0,5,0,6
1932,-0.035603687574111254,-0.04253573439709332,0.006932046822982068,0.10391988500500296,51.3167,12.100000000000001,4,3,11
3860,-0.035579684619499806,-0.042511731442481875,0.006932046822982068,0.10471525596304121,35.8667,10.0,4,2,8
546,-0.035560018170552224,-0.04249206499353429,0.006932046822982068,0.10733477383007074,24.4,5.0,4,1,6
5042,-0.03549621044175113,-0.0424282572647332,0.006932046822982068,0.11078587272124295,19.9,0.0,7,0,8
2608,-0.03539790607469085,-0.04232995289767292,0.006932046822982068,0.09560755699254772,112.7,35.0,9,7,23
2791,-0.03517840627741908,-0.04211045310040115,0.006932046822982068,0.09858409092947559,62.65,16.450000000000003,6,3,15
2781,-0.03516636486268573,-0.042098411685667796,0.006932046822982068,0.09837657126340317,91.0833,20.0,11,4,21
3112,-0.03515834977420128,-0.04209039659718335,0.006932046822982068,0.08605674216345711,143.76670000000001,50.0,10,8,29
3049,-0.03513667919814331,-0.04206872602112538,0.006932046822982068,0.10662265810028478,31.3168,5.0,6,1,9
4772,-0.03512648887800726,-0.04205853570098933,0.006932046822982068,0.10382762483013795,56.3,10.0,8,2,13
2543,-0.035117635145769,-0.04204968196875107,0.006932046822982068,0.10126946319653142,64.1334,15.0,8,3,15
3212,-0.03506402361591395,-0.04199607043889602,0.006932046822982068,0.10895379923440013,17.2834,2.4666499999999996,2,1,4
4008,-0.035001683111211226,-0.041933729934193295,0.006932046822982068,0.10269494633418152,52.85,15.0,5,3,11
4948,-0.03500070496945917,-0.04193275179244124,0.006932046822982068,0.10647818660794008,27.7833,7.7833000000000006,2,2,6
1806,-0.034948462435899386,-0.041880509258881454,0.006932046822982068,0.09879581979064264,87.8833,27.8833,6,6,18
2122,-0.03488544499777641,-0.04181749182075848,0.006932046822982068,0.09835591519940176,91.6333,25.0,8,5,19
1195,-0.0348653082578552,-0.04179735508083727,0.006932046822982068,0.0974028654358082,91.4333,30.0,7,6,19
4975,-0.03464704155305488,-0.04157908837603695,0.006932046822982068,0.09958217073243789,86.7334,22.01665,7,5,18
4874,-0.03461438464973424,-0.041546431472716305,0.006932046822982068,0.09659657475782371,94.1501,26.799950000000003,9,6,21
1301,-0.03458486719130412,-0.041516914014286185,0.006932046822982068,0.10377429006641514,58.3,10.0,7,2,14
3043,-0.034212613013566096,-0.041144659836548164,0.006932046822982068,0.07499701561280717,215.6999,70.11659999999999,18,10,46
1351,-0.03419776670605716,-0.04112981352903923,0.006932046822982068,0.10380474596768878,45.0,15.0,3,3,9
2020,-0.0341709671029809,-0.04110301392596297,0.006932046822982068,0.10380474596768878,45.0,15.0,3,3,9
2836,-0.03411577392964385,-0.04104782075262592,0.006932046822982068,0.10563558363251752,35.15,7.433299999999999,4,2,8
3958,-0.033974222664412586,-0.040906269487394654,0.006932046822982068,0.07158647995096172,214.3501,79.4333,17,11,47
2252,-0.03387226862551525,-0.040804315448497316,0.006932046822982068,0.0840940077051602,167.5333,49.0,14,9,36
2591,-0.033793924078420155,-0.040725970901402224,0.006932046822982068,0.10696373051832254,37.8999,5.0,5,1,9
378,-0.033589758127954276,-0.040521804950936345,0.006932046822982068,0.0799070862583053,203.8499,61.01665,19,11,46
4384,-0.033540705528133374,-0.04047275235111544,0.006932046822982068,0.10028346985378477,74.05,24.05,5,5,15
3091,-0.033501080995315256,-0.040433127818297325,0.006932046822982068,0.10089210763711953,72.95,16.4,7,4,16
1072,-0.03347836362103501,-0.04041041044401708,0.006932046822982068,0.1018816382514074,60.0,20.0,4,4,12
1024,-0.03340891543397941,-0.04034096225696148,0.006932046822982068,0.0970965144286991,95.3501,29.183300000000003,8,6,20
3674,-0.033241176412946154,-0.04017322323592822,0.006932046822982068,0.10380474596768878,45.0,15.0,3,3,9
4542,-0.03320155254498015,-0.040133599367962215,0.006932046822982068,0.08130307581964377,123.15,48.41665,9,6,26
1432,-0.033079226948872345,-0.040011273771854414,0.006932046822982068,0.10594029123580044,30.0,10.0,2,2,6
534,-0.03298418080817501,-0.03991622763115708,0.006932046822982068,0.1073971229882173,25.2334,5.0,3,1,6
2615,-0.032960178332984175,-0.03989222515596624,0.006932046822982068,0.10425480568482821,42.9,12.899999999999999,3,3,9
3490,-0.032544440957444284,-0.03947648778042635,0.006932046822982068,0.10593736910475482,41.1334,2.6000000000000014,9,1,13
273,-0.032479348748388336,-0.039411395571370404,0.006932046822982068,0.09853579206232144,80.7,25.0,7,5,17
3402,-0.03231202150131209,-0.03924406832429416,0.006932046822982068,0.09808440291331444,103.6999,20.0,12,4,25
28,-0.03228637990591886,-0.039218426728900926,0.006932046822982068,0.10380474596768878,45.0,15.0,3,3,9
2365,-0.032127601693201904,-0.03905964851618397,0.006932046822982068,0.10594029123580044,30.0,10.0,2,2,6
3993,-0.03209522299329314,-0.03902726981627521,0.006932046822982068,0.10799073773598525,24.4167,5.0,2,1,5
4747,-0.031973272078281545,-0.038905318901263614,0.006932046822982068,0.09273210282898324,153.1834,39.86665,13,8,32
954,-0.03196720113098717,-0.03889924795396924,0.006932046822982068,0.09392808498378552,135.4167,33.2333,13,7,31
606,-0.031896875757467746,-0.038828922580449815,0.006932046822982068,0.10550620345699481,34.4833,10.0,3,2,7
2190,-0.03184444217015532,-0.03877648899313739,0.006932046822982068,0.1046702642860377,35.2,10.0,4,2,8
1089,-0.031797562788610255,-0.038729609611592324,0.006932046822982068,0.10936066748613354,37.5,0.0,6,0,10
2967,-0.03169484522188138,-0.03862689204486345,0.006932046822982068,0.10782243154839645,22.7666,5.0,3,1,5
826,-0.031675070402119,-0.038607117225101066,0.006932046822982068,0.10703341472796515,37.2666,5.0,5,1,9
1731,-0.03164179027444808,-0.03857383709743015,0.006932046822982068,0.10815864497976944,21.9167,5.0,2,1,5
1326,-0.0313298505351657,-0.03826189735814777,0.006932046822982068,0.10398310945102343,41.4666,10.0,5,2,10
1562,-0.0312846924319275,-0.038216739254909565,0.006932046822982068,0.11082406275455478,13.2834,0.0,3,0,4
5095,-0.031233017457629374,-0.03816506428061144,0.006932046822982068,0.1032968757665934,54.4667,15.0,4,3,11
280,-0.031198102059915085,-0.038130148882897154,0.006932046822982068,0.09750083018613759,98.9,27.3,8,6,21
3928,-0.03116470911785802,-0.03809675594084009,0.006932046822982068,0.10594029123580044,30.0,10.0,2,2,6
3877,-0.031092232083140547,-0.038024278906122616,0.006932046822982068,0.10765808871952713,34.3834,5.0,4,1,8
4103,-0.031029121238356015,-0.037961168061338084,0.006932046822982068,0.10426074787630513,32.4333,10.0,4,2,8
2220,-0.030786899790913265,-0.037718946613895334,0.006932046822982068,0.10795172713612144,24.8333,5.0,2,1,5
1337,-0.030681768325508493,-0.03761381514849056,0.006932046822982068,0.10311346674617336,48.2167,15.0,4,3,10
1017,-0.030619054406744735,-0.037551101229726803,0.006932046822982068,0.10906986703923219,18.75,1.8333000000000013,2,1,5
156,-0.030577777616441933,-0.037509824439424,0.006932046822982068,0.09887407009783675,77.65,20.0,9,4,18
4123,-0.03056281588673597,-0.03749486270971804,0.006932046822982068,0.0819243729349054,307.1833,83.56665,24,18,65
4739,-0.03056012427855964,-0.03749217110154171,0.006932046822982068,0.10075310868496999,68.2834,20.0,6,4,14
3862,-0.03053639428377703,-0.0374684411067591,0.006932046822982068,0.08873064227177592,106.8833,40.0,7,6,22
1974,-0.030359830386699024,-0.03729187720968109,0.006932046822982068,0.10554573224728836,37.5167,10.0,3,2,8
4714,-0.030322572753083456,-0.037254619576065524,0.006932046822982068,0.09909331535056408,103.5333,20.0,10,4,23
3852,-0.030116958465530294,-0.03704900528851236,0.006932046822982068,0.10594029123580044,30.0,10.0,2,2,6
1013,-0.03009606525196263,-0.0370281120749447,0.006932046822982068,0.10633643720919064,28.4,8.399999999999999,2,2,6
396,-0.02992488953702424,-0.03685693636000631,0.006932046822982068,0.10390579014932941,46.2333,11.9833,4,3,10
3620,-0.029851592281149905,-0.036783639104131974,0.006932046822982068,0.10798308869489111,17.9333,5.0,2,1,4
3521,-0.02982801217220244,-0.03676005899518451,0.006932046822982068,0.1020508532383595,60.9333,12.133299999999998,7,3,14
423,-0.029624284970773393,-0.03655633179375546,0.006932046822982068,0.10548335791818887,32.7334,7.066650000000001,4,2,8
2398,-0.02962364613479883,-0.0365556929577809,0.006932046822982068,0.10812779371657964,22.5333,5.0,2,1,5
3951,-0.029618920659768767,-0.036550967482750836,0.006932046822982068,0.10803339946965802,23.9167,5.0,2,1,5
298,-0.029435810253582072,-0.03636785707656414,0.006932046822982068,0.1069582416557533,35.35,3.6499999999999986,5,1,9
1589,-0.029431861239228592,-0.03636390806221066,0.006932046822982068,0.10516792582936949,45.55,10.0,4,2,10
4268,-0.029349124916267504,-0.03628117173924957,0.006932046822982068,0.10312844476298319,48.3167,15.0,4,3,10
417,-0.029347477479795922,-0.03627952430277799,0.006932046822982068,0.10820456471333711,19.9167,5.0,2,1,4
1358,-0.029152468351728487,-0.036084515174710556,0.006932046822982068,0.11058115787209132,19.9166,0.0,3,0,5
569,-0.029151883774194753,-0.03608393059717682,0.006932046822982068,0.10754237579230395,20.5667,5.0,3,1,5
1258,-0.029141406169272487,-0.036073452992254555,0.006932046822982068,0.09553993078933473,108.0167,28.2833,11,6,24
2125,-0.029125441116837722,-0.03605748793981979,0.006932046822982068,0.10870625352231213,14.15,4.149999999999999,1,1,3
1600,-0.029113579782731554,-0.03604562660571362,0.006932046822982068,0.0780209230516022,268.9832,83.05,21,15,56
4264,-0.029056156079629074,-0.03598820290261114,0.006932046822982068,0.10542480839222404,39.9833,10.0,3,2,8
1514,-0.029039412037281567,-0.035971458860263636,0.006932046822982068,0.10052404093181762,69.7334,20.0,6,4,15
4242,-0.028768996845402135,-0.035701043668384204,0.006932046822982068,0.07114345543564232,285.8502,59.0999,35,11,70
3424,-0.02872320201382634,-0.03565524883680841,0.006932046822982068,0.10681364976679751,26.2,6.199999999999999,2,2,6
541,-0.02861876186688865,-0.03555080868987072,0.006932046822982068,0.10767220286878448,21.3667,5.0,3,1,5
2891,-0.028593916863179386,-0.035525963686161455,0.006932046822982068,0.09780561522501809,93.7333,24.916649999999997,9,5,20
1491,-0.028544272161189564,-0.03547631898417163,0.006932046822982068,0.09712393260682435,107.4667,28.7,9,6,23
552,-0.028524150108014193,-0.03545619693099626,0.006932046822982068,0.10594029123580044,30.0,10.0,2,2,6
2433,-0.02844379160993416,-0.03537583843291623,0.006932046822982068,0.107231459394275,41.2667,4.166649999999999,5,1,10
763,-0.02837677359174918,-0.03530882041473125,0.006932046822982068,0.08634440691142203,115.3,30.0,13,4,26
4574,-0.02835486541010679,-0.03528691223308886,0.006932046822982068,0.10441801654486398,43.4833,10.0,5,2,10
363,-0.028299402856087848,-0.035231449679069916,0.006932046822982068,0.109377672593131,11.7167,1.7166499999999996,1,1,3
4607,-0.02823655906760187,-0.03516860589058394,0.006932046822982068,0.10800226875751767,18.0833,5.0,2,1,4
2910,-0.028205128685776265,-0.035137175508758334,0.006932046822982068,0.10136588014390462,69.1833,20.0,5,4,14
1744,-0.02819705474530887,-0.03512910156829094,0.006932046822982068,0.10579433623131207,40.7499,7.833300000000001,4,2,10
3869,-0.028123512384725165,-0.03505555920770723,0.006932046822982068,0.10800014023257556,18.0667,5.0,2,1,4
3265,-0.028011840748888135,-0.034943887571870204,0.006932046822982068,0.10380078002112482,41.0001,10.0,6,2,10
4137,-0.02798560476195689,-0.03491765158493896,0.006932046822982068,0.10844963629021372,15.0,5.0,1,1,3
3193,-0.02793693787121368,-0.03486898469419575,0.006932046822982068,0.10819827257389376,22.9833,3.3999999999999986,3,1,6
4126,-0.02788796611286442,-0.03482001293584649,0.006932046822982068,0.10380474596768878,45.0,15.0,3,3,9
92,-0.027878311008753646,-0.034810357831735715,0.006932046822982068,0.09905893827729537,76.35,24.96665,6,5,16
1614,-0.027851730127813404,-0.03478377695079547,0.006932046822982068,0.10773299094244118,16.2,5.0,2,1,4
4237,-0.02777832907886983,-0.0347103759018519,0.006932046822982068,0.09965811905427428,84.4833,20.0,9,4,18
1595,-0.02773030021490982,-0.03466234703789189,0.006932046822982068,0.09239441204216856,61.9,15.0,7,1,14
4805,-0.027423752877269197,-0.034355799700251266,0.006932046822982068,0.1018816382514074,60.0,20.0,4,4,12
2548,-0.02725023696351147,-0.03418228378649354,0.006932046822982068,0.08562718751270927,219.2001,70.6833,15,14,45
344,-0.027243094715624014,-0.03417514153860608,0.006932046822982068,0.10594029123580044,30.0,10.0,2,2,6
4566,-0.0271439359314602,-0.03407598275444227,0.006932046822982068,0.11015946609378714,24.55,0.0,5,0,8
921,-0.02713494917971631,-0.03406699600269838,0.006932046822982068,0.09831430507328572,99.9501,25.0,9,5,21
1957,-0.027118754170914396,-0.034050800993896464,0.006932046822982068,0.1086932518603055,17.75,3.2666500000000003,2,1,4
1871,-0.02705891162757046,-0.03399095845055253,0.006932046822982068,0.10762617465334323,21.2167,5.0,3,1,5
4709,-0.02705668512424552,-0.03398873194722759,0.006932046822982068,0.08253259037205823,274.3334,82.4833,22,17,57
105,-0.02703560753082336,-0.03396765435380543,0.006932046822982068,0.10594029123580044,30.0,10.0,2,2,6
1443,-0.02699871975668232,-0.03393076657966439,0.006932046822982068,0.10808653998911256,18.7833,5.0,2,1,4
1790,-0.026969173521917196,-0.033901220344899265,0.006932046822982068,0.10844963629021372,15.0,5.0,1,1,3
673,-0.026909358452242738,-0.033841405275224806,0.006932046822982068,0.09077386731039702,167.0334,36.36665,19,8,38
2881,-0.026895682743150177,-0.033827729566132246,0.006932046822982068,0.10809598101496298,18.8667,5.0,2,1,4
1673,-0.026894289729467537,-0.033826336552449605,0.006932046822982068,0.1027533397361266,46.0667,15.0,4,3,10
667,-0.02688260137554315,-0.03381464819852522,0.006932046822982068,0.10560947504306538,31.7834,8.816650000000001,3,2,7
3597,-0.026734626386331797,-0.033666673209313866,0.006932046822982068,0.09990896039422037,90.6167,17.5833,9,4,20
571,-0.026660715538531096,-0.033592762361513165,0.006932046822982068,0.06579172240748446,285.7498,96.63329999999999,24,12,63
3668,-0.02663285382664004,-0.03356490064962211,0.006932046822982068,0.10391617120043545,55.1001,10.0,7,2,12
5028,-0.026612288442088107,-0.033544335265070176,0.006932046822982068,0.10804269786908773,23.8,5.0,2,1,5
1315,-0.026534624596221877,-0.033466671419203946,0.006932046822982068,0.1003948281294025,68.7166,20.0,6,4,15
1281,-0.026506240611463568,-0.033438287434445636,0.006932046822982068,0.0984767312495945,105.3666,22.0333,10,5,23
3558,-0.0264655812181626,-0.03339762804114467,0.006932046822982068,0.10594029123580044,30.0,10.0,2,2,6
2229,-0.0263734081843297,-0.03330545500731177,0.006932046822982068,0.10320797151541151,48.8667,15.0,4,3,10
4879,-0.026359041721034898,-0.03329108854401697,0.006932046822982068,0.09607649200377913,108.3166,30.0,10,6,23
4736,-0.02635368393029116,-0.03328573075327323,0.006932046822982068,0.08197299849680721,203.2334,65.0,15,11,42
4404,-0.02625258167119992,-0.03318462849418199,0.006932046822982068,0.08977542035818498,179.4667,56.69995,13,12,37
784,-0.026226566758906514,-0.03315861358188858,0.006932046822982068,0.1018816382514074,60.0,20.0,4,4,12
4172,-0.026168442173682166,-0.033100488996664235,0.006932046822982068,0.09531681437467811,127.5,29.5333,12,6,27
3292,-0.02614004636339707,-0.03307209318637914,0.006932046822982068,0.10380474596768878,45.0,15.0,3,3,9
4316,-0.025913714924776537,-0.032845761747758606,0.006932046822982068,0.10463046596711705,41.6166,10.0,5,2,9
1909,-0.025729939343433483,-0.03266198616641555,0.006932046822982068,0.10717306904250255,28.2333,5.0,5,1,7
1870,-0.02562652189495225,-0.03255856871793432,0.006932046822982068,0.09372223797925455,45.0,20.0,3,2,9
245,-0.025566673487357576,-0.032498720310339645,0.006932046822982068,0.09154218348415322,75.1834,19.2833,7,2,16
2129,-0.025507759581227904,-0.03243980640420997,0.006932046822982068,0.061485922244013454,355.35,139.66665,25,17,74
1345,-0.025313657995200523,-0.03224570481818259,0.006932046822982068,0.09800370394148632,109.5166,24.11665,10,5,23
399,-0.025281520781227612,-0.03221356760420968,0.006932046822982068,0.10844963629021372,15.0,5.0,1,1,3
4496,-0.02527064402187474,-0.03220269084485681,0.006932046822982068,0.09113269279720602,156.4834,45.0,14,9,33
4694,-0.02525428959895891,-0.03218633642194098,0.006932046822982068,0.10844963629021372,15.0,5.0,1,1,3
1360,-0.025201446075796316,-0.032133492898778385,0.006932046822982068,0.10290996282118689,61.3334,15.0,5,3,13
430,-0.02517774849531039,-0.03210979531829246,0.006932046822982068,0.10493708404064687,39.6333,9.633299999999998,3,3,9
1469,-0.025175729273142662,-0.03210777609612473,0.006932046822982068,0.101944743250867,64.6166,17.1333,5,4,14
1545,-0.025159360316500026,-0.032091407139482095,0.006932046822982068,0.10763187254779182,52.95,1.2833000000000006,6,1,13
4640,-0.02496760044287572,-0.03189964726585779,0.006932046822982068,0.10542480839222404,39.9833,10.0,3,2,8
3172,-0.02490958855396909,-0.03184163537695116,0.006932046822982068,0.09958721757409573,81.6167,25.0,6,5,17
1720,-0.02483198104229517,-0.03176402786527724,0.006932046822982068,0.10844963629021372,15.0,5.0,1,1,3
4723,-0.024784302443965567,-0.031716349266947635,0.006932046822982068,0.10594029123580044,30.0,10.0,2,2,6
3707,-0.02454629609431918,-0.03147834291730125,0.006932046822982068,0.10745269664132938,34.7667,5.0,4,1,8
2334,-0.024498467593979126,-0.031430514416961194,0.006932046822982068,0.1025382034361497,51.7834,15.0,5,3,11
5086,-0.024388559202844995,-0.031320606025827064,0.006932046822982068,0.10544409309224777,39.7,10.0,3,2,8
2210,-0.024359585554028354,-0.03129163237701042,0.006932046822982068,0.10747579367522492,19.65,5.0,3,1,5
1669,-0.02430119946848506,-0.031233246291467127,0.006932046822982068,0.10303932599115717,54.7167,14.71665,5,3,11
402,-0.024183711643465156,-0.031115758466447225,0.006932046822982068,0.08815757128593732,201.5168,46.6333,20,10,45
2603,-0.024132515079737817,-0.031064561902719886,0.006932046822982068,0.10612128059940969,30.3666,6.933299999999999,3,2,7
3649,-0.02410323816529554,-0.03103528498827761,0.006932046822982068,0.09166795742580999,164.1,40.0,15,8,35
2549,-0.02407844687484282,-0.031010493697824888,0.006932046822982068,0.10196678008530562,59.6667,13.6833,7,3,14
3401,-0.024074974539572764,-0.031007021362554833,0.006932046822982068,0.10091547080022834,75.9333,20.0,6,4,16
2071,-0.024068811711531756,-0.031000858534513825,0.006932046822982068,0.11167233437829353,1.3833,0.0,1,0,1
1021,-0.0239362491835337,-0.030868296006515767,0.006932046822982068,0.06774015929137793,432.7499,146.9333,30,26,88
4698,-0.023934620010583923,-0.03086666683356599,0.006932046822982068,0.09558533114727057,107.9166,32.7833,9,7,23
1127,-0.023931725008999802,-0.03086377183198187,0.006932046822982068,0.10843907187134479,24.0333,5.0,2,1,4
466,-0.023914865551836317,-0.030846912374818385,0.006932046822982068,0.10491701131058961,37.1333,10.0,4,2,8
4923,-0.02381519124246468,-0.03074723806544675,0.006932046822982068,0.10512778386606579,46.1834,10.0,4,2,10
1330,-0.023788715388796677,-0.030720762211778746,0.006932046822982068,0.09053786477501363,71.7334,20.0,8,2,17
247,-0.023762282238835128,-0.030694329061817197,0.006932046822982068,0.10380474596768878,45.0,15.0,3,3,9
2313,-0.02373546274030241,-0.030667509563284477,0.006932046822982068,0.10817676242669935,21.4667,5.0,2,1,5
3757,-0.023516927263926714,-0.030448974086908782,0.006932046822982068,0.10820255445093253,16.0667,3.9499999999999993,2,1,4
2496,-0.023449161918452206,-0.030381208741434275,0.006932046822982068,0.09192309936414834,154.8667,45.0,13,9,32
3808,-0.023376565822283736,-0.030308612645265805,0.006932046822982068,0.108154880060463,22.0,5.0,2,1,5
1668,-0.02330683459711998,-0.03023888142010205,0.006932046822982068,0.10555426931658418,37.1667,10.0,3,2,8
1129,-0.023285190631550667,-0.030217237454532735,0.006932046822982068,0.10752174971012272,26.0333,5.0,3,1,6
4014,-0.023274578331102278,-0.030206625154084347,0.006932046822982068,0.09792509580173343,98.7,30.0,7,6,20
650,-0.02316960113701797,-0.03010164796000004,0.006932046822982068,0.10455938678828144,41.25,11.25,3,3,9
1328,-0.02301449012342923,-0.0299465369464113,0.006932046822982068,0.10779785174489788,16.6167,5.0,2,1,4
1000,-0.022978259992592565,-0.029910306815574633,0.006932046822982068,0.10380474596768878,45.0,15.0,3,3,9
3300,-0.022903647363804323,-0.02983569418678639,0.006932046822982068,0.10335651844436675,51.8,15.0,4,3,11
4988,-0.022871739047661044,-0.029803785870643112,0.006932046822982068,0.11152198250552901,7.1166,0.0,3,0,3
1554,-0.022756689489749342,-0.02968873631273141,0.006932046822982068,0.10837509535105455,19.4833,4.4833,2,1,4
1107,-0.022711322113353007,-0.029643368936335075,0.006932046822982068,0.10594029123580044,30.0,10.0,2,2,6
4890,-0.022705104012434855,-0.029637150835416924,0.006932046822982068,0.10780648762233347,22.7166,5.0,3,1,5
3487,-0.02261992027744579,-0.02955196710042786,0.006932046822982068,0.10048167956040512,67.6833,20.0,6,4,15
4203,-0.022581695910528898,-0.029513742733510966,0.006932046822982068,0.09947453607829103,79.0667,25.0,6,5,16
2557,-0.022507743672022427,-0.029439790495004496,0.006932046822982068,0.10514465756163091,31.9667,10.0,3,2,7
2267,-0.02235517408684095,-0.029287220909823018,0.006932046822982068,0.10594029123580044,30.0,10.0,2,2,6
290,-0.022306292573873895,-0.029238339396855963,0.006932046822982068,0.10197241474051139,65.0333,16.9333,5,4,14
1369,-0.022304358890863338,-0.029236405713845406,0.006932046822982068,0.09570251842048297,115.3333,25.0,14,5,26
5062,-0.022286989423159934,-0.029219036246142003,0.006932046822982068,0.10104178837971198,62.55,20.0,5,4,13
2800,-0.022273226491778,-0.02920527331476007,0.006932046822982068,0.10799222658609262,24.4,5.0,2,1,5
260,-0.022267797058372837,-0.029199843881354905,0.006932046822982068,0.10594029123580044,30.0,10.0,2,2,6
604,-0.02225251703332884,-0.029184563856310908,0.006932046822982068,0.09607530496538198,103.8167,25.0,12,5,24
1928,-0.02212488721050844,-0.02905693403349051,0.006932046822982068,0.1033562300050357,51.9833,15.0,4,3,11
1466,-0.022078590782337162,-0.02901063760531923,0.006932046822982068,0.1026477139808129,63.85,12.583300000000001,6,3,14
1738,-0.022057846091295217,-0.028989892914277286,0.006932046822982068,0.06583802915215001,310.3333,116.0166,22,16,65
3577,-0.022039597441170847,-0.028971644264152916,0.006932046822982068,0.10594029123580044,30.0,10.0,2,2,6
2994,-0.021960679566514,-0.028892726389496068,0.006932046822982068,0.0987782168760781,88.0,28.0,6,6,18
3395,-0.021886094963885844,-0.028818141786867913,0.006932046822982068,0.10628518789971293,28.6167,8.61665,2,2,6
3127,-0.02186396138921428,-0.02879600821219635,0.006932046822982068,0.1054236355835122,40.0,10.0,3,2,8
421,-0.021726822394081826,-0.028658869217063895,0.006932046822982068,0.10127067653981302,61.95,19.11665,5,4,13
2437,-0.021643717937453993,-0.02857576476043606,0.006932046822982068,0.10894216284147822,13.3333,3.3333000000000013,1,1,3
4660,-0.02160734386657381,-0.02853939068955588,0.006932046822982068,0.10335224010410872,51.0833,15.0,4,3,11
3282,-0.021550451080582244,-0.028482497903564313,0.006932046822982068,0.10132637672612188,64.4833,20.0,5,4,13
1829,-0.0215356123049886,-0.028467659127970668,0.006932046822982068,0.09292004467482685,145.1499,42.9833,11,9,30
4231,-0.021454372790703627,-0.028386419613685696,0.006932046822982068,0.10716789632946415,39.6166,5.0,5,1,9
526,-0.021390716228027372,-0.02832276305100944,0.006932046822982068,0.11156084266094554,12.899899999999999,0.0,4,0,4
2896,-0.021352057892100425,-0.028284104715082494,0.006932046822982068,0.11134011297836392,8.8666,0.0,2,0,3
3596,-0.02134986667551202,-0.02828191349849409,0.006932046822982068,0.1041756423375741,69.5667,7.21665,8,2,17
4116,-0.02130466899185985,-0.02823671581484192,0.006932046822982068,0.10138650402009827,68.2333,20.0,5,4,14
4379,-0.021188993763717672,-0.02812104058669974,0.006932046822982068,0.0987143591164069,99.85,24.75,8,5,21
1406,-0.0210920566247654,-0.02802410344774747,0.006932046822982068,0.1106755051946351,23.5833,0.0,3,0,5
445,-0.021089646142686543,-0.028021692965668612,0.006932046822982068,0.10821234718503372,20.0,5.0,2,1,4
3011,-0.021085639710061384,-0.028017686533043453,0.006932046822982068,0.10809598101496298,18.8667,5.0,2,1,4
446,-0.02105519387300049,-0.02798724069598256,0.006932046822982068,0.107173584293305,32.8334,5.0,5,1,8
872,-0.020971203560597673,-0.027903250383579742,0.006932046822982068,0.10126517614379672,62.2666,15.0,7,3,14
2494,-0.020963213058416315,-0.027895259881398383,0.006932046822982068,0.10594029123580044,30.0,10.0,2,2,6
232,-0.020960227664130214,-0.027892274487112283,0.006932046822982068,0.09496527698626991,104.0333,23.700000000000003,11,4,24
674,-0.020816155824213027,-0.027748202647195096,0.006932046822982068,0.10508256245707087,44.3667,10.0,4,2,9
1646,-0.02078817835087367,-0.02772022517385574,0.006932046822982068,0.10818703320851522,19.7333,5.0,2,1,4
4002,-0.02076657540949133,-0.027698622232473397,0.006932046822982068,0.08658335608767352,222.5998,50.0,24,10,50
3473,-0.020685628069249368,-0.027617674892231436,0.006932046822982068,0.10434537971494619,42.4333,12.4333,3,3,9
225,-0.02066040381626807,-0.02759245063925014,0.006932046822982068,0.0999960258892155,76.2,20.0,7,4,16
2531,-0.02064214024520483,-0.027574187068186897,0.006932046822982068,0.10869870890824951,19.3667,3.316650000000001,2,1,5
4994,-0.020514331369772532,-0.0274463781927546,0.006932046822982068,0.10722022550251552,32.0834,5.0,4,1,7
2444,-0.020385928611361764,-0.027317975434343833,0.006932046822982068,0.10473318323905605,42.1,10.0,4,2,9
2179,-0.020276327478397225,-0.027208374301379293,0.006932046822982068,0.10541406008677437,30.866600000000002,6.5333000000000006,4,2,8
3081,-0.020225843673580796,-0.027157890496562864,0.006932046822982068,0.07354465905435677,362.65,113.9833,27,22,75
755,-0.02020541176474212,-0.02713745858772419,0.006932046822982068,0.10550414294814033,34.4667,10.0,3,2,7
1694,-0.020193098110596424,-0.027125144933578493,0.006932046822982068,0.09630480738225715,100.6667,19.7667,13,3,23
1619,-0.020003330810953422,-0.02693537763393549,0.006932046822982068,0.10682027730275219,26.1667,6.166649999999999,2,2,6
1260,-0.01988743299431968,-0.026819479817301747,0.006932046822982068,0.09868366094832923,84.5,25.0,7,5,18
537,-0.019747969297154815,-0.026680016120136884,0.006932046822982068,0.10844963629021372,15.0,5.0,1,1,3
1456,-0.01974369914047518,-0.02667574596345725,0.006932046822982068,0.10638308880398226,28.2,8.2,2,2,6
957,-0.019718881901839576,-0.026650928724821644,0.006932046822982068,0.1076796343608681,31.9833,5.0,3,1,7
4389,-0.019710742739519865,-0.026642789562501934,0.006932046822982068,0.09763512219412337,92.8667,30.0,7,6,19
1762,-0.019600641847820933,-0.026532688670803002,0.006932046822982068,0.1053326761270707,33.1833,10.0,3,2,7
3403,-0.019493913205778864,-0.026425960028760933,0.006932046822982068,0.05866525586171435,340.8666,156.99995,20,16,70
3796,-0.019355585883655827,-0.026287632706637896,0.006932046822982068,0.10754794230167725,23.25,5.0,3,1,6
5072,-0.019344795081176425,-0.026276841904158493,0.006932046822982068,0.10065757894024462,75.9166,16.8833,8,4,17
2300,-0.019220824160665145,-0.026152870983647214,0.006932046822982068,0.10512110259586485,43.9334,10.0,4,2,9
4160,-0.019153587883628184,-0.026085634706610253,0.006932046822982068,0.10545686279514856,39.5,10.0,3,2,8
1480,-0.019045802300842338,-0.025977849123824406,0.006932046822982068,0.10510700355170546,46.15,10.0,4,2,10
1036,-0.019024856173993788,-0.025956902996975856,0.006932046822982068,0.10863258146883059,21.7333,3.0,2,1,5
3805,-0.01888835040517812,-0.025820397228160187,0.006932046822982068,0.11161445615547042,4.5333,0.0,2,0,2
2058,-0.018836201412522763,-0.02576824823550483,0.006932046822982068,0.10053521687998188,76.7334,14.850000000000001,11,3,18
2479,-0.018798096058950466,-0.025730142881932535,0.006932046822982068,0.10444464475393192,41.9,11.899999999999999,3,3,9
128,-0.01867816660430036,-0.025610213427282428,0.006932046822982068,0.10546540849310763,40.6167,7.666649999999999,4,2,9
1238,-0.01859336635712102,-0.02552541318010309,0.006932046822982068,0.10749757893323547,20.15,5.0,3,1,5
4106,-0.018478980065519766,-0.025411026888501834,0.006932046822982068,0.10382131927570407,44.2334,11.36665,4,3,10
4453,-0.01846216950524735,-0.02539421632822942,0.006932046822982068,0.10594029123580044,30.0,10.0,2,2,6
1851,-0.01837819398160838,-0.025310240804590448,0.006932046822982068,0.10503781375274707,38.1,10.0,4,2,8
4824,-0.018257453078509858,-0.025189499901491927,0.006932046822982068,0.10844963629021372,15.0,5.0,1,1,3
2253,-0.018187465197901872,-0.02511951202088394,0.006932046822982068,0.10503964847396882,52.3666,8.583300000000001,5,2,11
409,-0.018173403252703335,-0.025105450075685404,0.006932046822982068,0.10026918469643491,53.5,15.0,8,3,14
5014,-0.018137819155828013,-0.025069865978810082,0.006932046822982068,0.10817389057576546,19.6,5.0,2,1,4
2336,-0.018136166988127356,-0.025068213811109425,0.006932046822982068,0.07318537616182827,251.55,93.9,18,14,53
4460,-0.01805766533561952,-0.024989712158601587,0.006932046822982068,0.11156167828925852,7.45,0.0,1,0,2
2392,-0.017929500935377263,-0.02486154775835933,0.006932046822982068,0.09080809281148865,173.1167,50.0,14,10,36
2807,-0.017914061883270004,-0.024846108706252073,0.006932046822982068,0.09602633268709079,107.5333,35.0,8,7,22
3023,-0.017854313208638183,-0.024786360031620252,0.006932046822982068,0.10594029123580044,30.0,10.0,2,2,6
3619,-0.01776467592363269,-0.024696722746614757,0.006932046822982068,0.10451652830097712,50.1833,10.0,6,2,12
2631,-0.017745336608645752,-0.02467738343162782,0.006932046822982068,0.10796239627561087,24.2667,5.0,3,1,5
3581,-0.01772157095009238,-0.024653617773074447,0.006932046822982068,0.10594029123580044,30.0,10.0,2,2,6
3922,-0.017705278030301953,-0.024637324853284022,0.006932046822982068,0.10521599838766768,36.3667,8.2,4,2,9
5017,-0.01768044076654926,-0.02461248758953133,0.006932046822982068,0.108111301640862,22.8167,5.0,2,1,5
20688,-0.017672721905053885,-0.024604768728035954,0.006932046822982068,0.10844963629021372,15.0,5.0,1,1,3
4466,-0.01764562678393732,-0.024577673606919388,0.006932046822982068,0.10594029123580044,30.0,10.0,2,2,6
1933,-0.017627374756982752,-0.02455942157996482,0.006932046822982068,0.08693093387969933,230.9334,52.9,22,11,52
3578,-0.01762497452691031,-0.024557021349892377,0.006932046822982068,0.10083837036708679,71.2334,15.0,9,3,17
706,-0.017623461531274875,-0.024555508354256943,0.006932046822982068,0.09844639297665064,90.0,30.0,6,6,18
1285,-0.01762214650484198,-0.024554193327824048,0.006932046822982068,0.08360317326979577,185.5998,42.9833,18,7,40
3890,-0.017604682866065372,-0.02453672968904744,0.006932046822982068,0.10814697837514499,22.1667,5.0,2,1,5
467,-0.017592429966665636,-0.024524476789647705,0.006932046822982068,0.10271614471795842,59.0499,14.4833,6,3,12
4068,-0.017559295606596168,-0.024491342429578237,0.006932046822982068,0.10594029123580044,30.0,10.0,2,2,6
4652,-0.017500824808125908,-0.024432871631107977,0.006932046822982068,0.10236974517424259,57.4333,17.4333,4,4,12
2828,-0.017444985970176238,-0.024377032793158306,0.006932046822982068,0.09927244567395076,77.7,25.0,6,5,16
1975,-0.017402979033823464,-0.024335025856805532,0.006932046822982068,0.10225562054553718,58.0833,18.0833,4,4,12
1117,-0.017357593776889484,-0.024289640599871553,0.006932046822982068,0.09200528970666753,67.4167,22.75,5,3,14
687,-0.017284072749782154,-0.024216119572764223,0.006932046822982068,0.10830266310969483,15.5167,3.5500000000000007,2,1,4
4681,-0.017254362288792676,-0.024186409111774745,0.006932046822982068,0.10129163109784795,74.5999,15.0,9,3,17
325,-0.017221995831263447,-0.024154042654245516,0.006932046822982068,0.1018816382514074,60.0,20.0,4,4,12
3429,-0.0172213250798629,-0.02415337190284497,0.006932046822982068,0.09533048917405841,112.8166,31.15,10,7,25
2766,-0.017133553539458626,-0.024065600362440695,0.006932046822982068,0.0969154124292308,104.8,34.8,7,7,21
4414,-0.01706932675566315,-0.024001373578645218,0.006932046822982068,0.09837608052816121,95.8333,24.11665,9,5,20
3626,-0.017041869055385222,-0.02397391587836729,0.006932046822982068,0.1065117364044389,27.6333,7.633299999999998,2,2,6
634,-0.01703533295880217,-0.02396737978178424,0.006932046822982068,0.10844963629021372,15.0,5.0,1,1,3
2339,-0.016931894764115232,-0.0238639415870973,0.006932046822982068,0.11153441099889497,7.6833,0.0,1,0,2
3917,-0.016914698940567942,-0.02384674576355001,0.006932046822982068,0.10594029123580044,30.0,10.0,2,2,6
228,-0.01683297906829607,-0.02376502589127814,0.006932046822982068,0.11127898672489238,7.6,0.0,2,0,3
2664,-0.01683184054366496,-0.02376388736664703,0.006932046822982068,0.09521844917459112,123.4,33.9333,10,8,26
1505,-0.016768838060677905,-0.023700884883659974,0.006932046822982068,0.1079352596124121,25.0,5.0,2,1,5
3217,-0.01672218880888068,-0.02365423563186275,0.006932046822982068,0.09807235366045997,96.3333,24.316650000000003,9,5,20
3285,-0.016690096307948887,-0.023622143130930955,0.006932046822982068,0.10065813415691824,70.1,20.0,6,4,15
2592,-0.016687265007139043,-0.02361931183012111,0.006932046822982068,0.09792836026085056,95.0,30.0,7,6,19
977,-0.01668696137207023,-0.023619008195052298,0.006932046822982068,0.09915474200044448,86.7333,20.0,9,4,19
855,-0.016556920649401268,-0.023488967472383337,0.006932046822982068,0.10525756335997077,40.0,10.0,4,2,8
4898,-0.0165503224055027,-0.02348236922848477,0.006932046822982068,0.10930874635296012,11.9833,1.9832999999999998,1,1,3
2340,-0.01653754936010002,-0.02346959618308209,0.006932046822982068,0.10307532633871433,47.9667,15.0,4,3,10
21,-0.01649353401652017,-0.02342558083950224,0.006932046822982068,0.10817430739924516,21.5333,5.0,2,1,5
1547,-0.01648630452615293,-0.023418351349135,0.006932046822982068,0.10297888509739862,51.9834,10.0,8,2,13
497,-0.01647176065152838,-0.023403807474510447,0.006932046822982068,0.09166153578337845,142.3334,45.0,12,9,30
997,-0.016468013806693136,-0.023400060629675205,0.006932046822982068,0.1059446078393304,29.9833,9.9833,2,2,6
4646,-0.016408655325716656,-0.023340702148698725,0.006932046822982068,0.11131224557400236,7.949999999999999,0.0,2,0,3
1892,-0.016327374906605057,-0.023259421729587126,0.006932046822982068,0.10594029123580044,30.0,10.0,2,2,6
3253,-0.016325428908356733,-0.0232574757313388,0.006932046822982068,0.10844963629021372,15.0,5.0,1,1,3
2441,-0.01627293476804995,-0.023204981591032018,0.006932046822982068,0.10844963629021372,15.0,5.0,1,1,3
3529,-0.016236806982967953,-0.02316885380595002,0.006932046822982068,0.10069631938060238,72.0,20.0,6,4,15
4222,-0.016177772724571556,-0.023109819547553624,0.006932046822982068,0.10806548889522197,23.5,5.0,2,1,5
4176,-0.01614287702890531,-0.023074923851887377,0.006932046822982068,0.10844963629021372,15.0,5.0,1,1,3
297,-0.016102213083846077,-0.023034259906828145,0.006932046822982068,0.10798736790713549,17.9667,5.0,2,1,4
2644,-0.016044096162283333,-0.022976142985265402,0.006932046822982068,0.10844963629021372,15.0,5.0,1,1,3
3906,-0.016019068513943753,-0.02295111533692582,0.006932046822982068,0.09376485384226436,134.8499,38.19995,11,8,29
1135,-0.01598174912816118,-0.022913795951143248,0.006932046822982068,0.10844963629021372,15.0,5.0,1,1,3
1411,-0.015924011321456485,-0.022856058144438553,0.006932046822982068,0.10594029123580044,30.0,10.0,2,2,6
4461,-0.01588675636896009,-0.02281880319194216,0.006932046822982068,0.0986422219926618,76.85,18.7333,10,4,18
1465,-0.015836297425406955,-0.022768344248389024,0.006932046822982068,0.10868856374668334,30.75,3.0,3,1,6
305,-0.015731233315349837,-0.022663280138331906,0.006932046822982068,0.10502070178613523,48.4666,10.0,4,2,10
2845,-0.015673312241205713,-0.022605359064187782,0.006932046822982068,0.10903543477576343,13.0,3.0,1,1,3
2238,-0.015666398004827217,-0.022598444827809285,0.006932046822982068,0.10371336772424929,53.5333,11.26665,5,3,12
1860,-0.015621735939681535,-0.022553782762663604,0.006932046822982068,0.10327068409228703,55.0,15.0,4,3,11
693,-0.015576709386337678,-0.022508756209319747,0.006932046822982068,0.10818864644444202,19.75,5.0,2,1,4
4320,-0.015552717390813427,-0.022484764213795496,0.006932046822982068,0.1018816382514074,60.0,20.0,4,4,12
979,-0.01555022169648482,-0.02248226851946689,0.006932046822982068,0.094000014615604,130.9167,33.15,13,7,29
1270,-0.01549085060957454,-0.02242289743255661,0.006932046822982068,0.10385814531585856,44.7667,14.76665,3,3,9
1768,-0.015416620568544526,-0.022348667391526595,0.006932046822982068,0.06659195166025854,336.9833,111.9,27,16,71
2077,-0.015274325213013737,-0.022206372035995806,0.006932046822982068,0.1079352596124121,25.0,5.0,2,1,5
3847,-0.015273181119735791,-0.02220522794271786,0.006932046822982068,0.10388980094619717,46.0333,11.95,4,3,10
1704,-0.015224230982522343,-0.02215627780550441,0.006932046822982068,0.10112903802578402,82.8499,13.350000000000001,9,3,19
462,-0.015198494424732135,-0.022130541247714203,0.006932046822982068,0.10772829487837972,29.6167,5.0,3,1,6
2893,-0.01516853981210168,-0.022100586635083748,0.006932046822982068,0.10496775753630122,43.1334,10.0,4,2,9
1969,-0.015127112168818586,-0.022059158991800654,0.006932046822982068,0.10844963629021372,15.0,5.0,1,1,3
4504,-0.015122143622458742,-0.02205419044544081,0.006932046822982068,0.10780543521723608,16.6667,5.0,2,1,4
4515,-0.015084202355318304,-0.022016249178300373,0.006932046822982068,0.09643228782766664,106.55,33.2,8,7,22
2697,-0.01497546320191789,-0.02190751002489996,0.006932046822982068,0.1083346922273742,16.1666,3.683299999999999,2,1,4
1684,-0.014970446616784261,-0.02190249343976633,0.006932046822982068,0.10544409309224777,39.7,10.0,3,2,8
2660,-0.014900231963305515,-0.021832278786287584,0.006932046822982068,0.08884972674498438,204.6998,44.7666,20,10,45
622,-0.014886622441787609,-0.021818669264769677,0.006932046822982068,0.10289578637046291,46.8667,15.0,4,3,10
2292,-0.014867106664174113,-0.02179915348715618,0.006932046822982068,0.10820456471333711,19.9167,5.0,2,1,4
2371,-0.014859493236133645,-0.021791540059115714,0.006932046822982068,0.10902767303077357,16.4333,2.0500000000000007,2,1,4
818,-0.014839458523730847,-0.021771505346712915,0.006932046822982068,0.11088387879420286,21.2834,0.0,4,0,5
174,-0.014796008623231365,-0.021728055446213434,0.006932046822982068,0.10594029123580044,30.0,10.0,2,2,6
302,-0.014747728349948627,-0.021679775172930696,0.006932046822982068,0.10338423078430735,54.4666,10.0,7,2,13
2771,-0.014746018690886133,-0.0216780655138682,0.006932046822982068,0.10594029123580044,30.0,10.0,2,2,6
4259,-0.014672863139313742,-0.02160490996229581,0.006932046822982068,0.10450139062949264,41.5833,11.583300000000001,3,3,9
646,-0.014634659583847388,-0.021566706406829457,0.006932046822982068,0.08976531825903308,82.1,25.11665,8,4,18
3142,-0.014600078826592224,-0.021532125649574293,0.006932046822982068,0.11066417058753822,24.1833,0.0,5,0,6
2212,-0.014585947074839529,-0.021517993897821597,0.006932046822982068,0.10134985935947693,69.6667,20.0,5,4,14
630,-0.014549370012381012,-0.02148141683536308,0.006932046822982068,0.09792019339045933,86.05,25.0,8,5,19
1027,-0.014542891695040347,-0.021474938518022416,0.006932046822982068,0.103049610493026,63.4333,12.95,6,3,14
3705,-0.014478995512706889,-0.021411042335688957,0.006932046822982068,0.1064214564712999,28.0333,8.0333,2,2,6
2801,-0.014460687356470749,-0.021392734179452817,0.006932046822982068,0.10626404611325194,31.7666,7.0333000000000006,3,2,7
3084,-0.014432802105567227,-0.021364848928549295,0.006932046822982068,0.11100287773839,16.7834,0.0,2,0,4
4835,-0.014313943961114243,-0.02124599078409631,0.006932046822982068,0.09841866007202443,99.8001,18.6,12,4,24
767,-0.01416908076063473,-0.021101127583616798,0.006932046822982068,0.10800226875751767,18.0833,5.0,2,1,4
5052,-0.0141546710082283,-0.02108671783121037,0.006932046822982068,0.10593816430357975,32.0333,8.05,3,2,7
2486,-0.014058255549442681,-0.02099030237242475,0.006932046822982068,0.10804161089711002,16.3166,4.383299999999998,2,1,4
2197,-0.013950700987386735,-0.020882747810368803,0.006932046822982068,0.10844963629021372,15.0,5.0,1,1,3
4489,-0.013903897766390855,-0.020835944589372924,0.006932046822982068,0.08690228353510623,107.9499,40.0,9,6,23
4531,-0.01385603254097726,-0.02078807936395933,0.006932046822982068,0.10144324021442261,62.55,18.8833,5,4,13
3623,-0.01384794103293616,-0.02077998785591823,0.006932046822982068,0.09648302834691393,116.7666,24.2666,11,7,26
988,-0.01380859963033693,-0.020740646453319,0.006932046822982068,0.10844963629021372,15.0,5.0,1,1,3
1058,-0.013712918515797593,-0.020644965338779662,0.006932046822982068,0.10681602450696713,45.7167,5.0,6,1,11
2966,-0.01365043340227971,-0.020582480225261778,0.006932046822982068,0.10782786045365003,26.7667,5.0,3,1,6
3954,-0.013609455399265794,-0.020541502222247862,0.006932046822982068,0.10844963629021372,15.0,5.0,1,1,3
2151,-0.013604530873784396,-0.020536577696766464,0.006932046822982068,0.10594029123580044,30.0,10.0,2,2,6
626,-0.013557534714804698,-0.020489581537786766,0.006932046822982068,0.09773646747545733,105.5667,25.0,10,5,22
1984,-0.01355394311869506,-0.020485989941677128,0.006932046822982068,0.11071651279247656,20.9167,0.0,4,0,5
202,-0.013493355657634837,-0.020425402480616906,0.006932046822982068,0.10065332984398685,72.5167,20.0,6,4,15
1249,-0.013490260771257725,-0.020422307594239793,0.006932046822982068,0.09945869141392931,83.6332,20.0,9,4,19
2462,-0.0134248684852121,-0.020356915308194168,0.006932046822982068,0.10813942996277978,22.3167,5.0,2,1,5
2916,-0.01339461060564063,-0.020326657428622698,0.006932046822982068,0.10758672033353908,20.7666,5.0,3,1,5
3673,-0.01337264735510988,-0.02030469417809195,0.006932046822982068,0.11084669131145737,12.45,0.0,3,0,4
3195,-0.013365992706192886,-0.020298039529174954,0.006932046822982068,0.09792836026085056,95.0,30.0,7,6,19
2397,-0.013354082577906504,-0.020286129400888572,0.006932046822982068,0.09688195332003037,105.0,35.0,7,7,21
958,-0.013339306015023616,-0.020271352838005685,0.006932046822982068,0.10576296974216606,37.35,9.05,3,2,8
4926,-0.01332489489534381,-0.02025694171832588,0.006932046822982068,0.10374599418513551,48.6667,10.0,7,2,12
1052,-0.013284289197175541,-0.02021633602015761,0.006932046822982068,0.10380474596768878,45.0,15.0,3,3,9
4892,-0.01326983563183878,-0.02020188245482085,0.006932046822982068,0.09519841274758695,136.7501,27.26665,14,6,30
1873,-0.013262784650655751,-0.02019483147363782,0.006932046822982068,0.08464504924280988,136.5164,34.15,17,5,31
385,-0.013224087486097387,-0.020156134309079456,0.006932046822982068,0.10555462085726924,37.15,10.0,3,2,8
2636,-0.013179783641794215,-0.020111830464776284,0.006932046822982068,0.09271286681249821,149.5001,40.0,13,8,32
1956,-0.013085941977348307,-0.020017988800330375,0.006932046822982068,0.10594029123580044,30.0,10.0,2,2,6
1219,-0.012998533290154095,-0.019930580113136163,0.006932046822982068,0.09920184055028532,93.3,16.46665,11,4,22
2822,-0.012998353496805552,-0.01993040031978762,0.006932046822982068,0.10798952592379607,17.9833,5.0,2,1,4
5048,-0.012921614890201237,-0.019853661713183306,0.006932046822982068,0.1043134392367498,42.6,12.600000000000001,3,3,9
809,-0.012914692430953854,-0.019846739253935923,0.006932046822982068,0.10802515782448138,18.2667,5.0,2,1,4
3968,-0.01286255792752922,-0.01979460475051129,0.006932046822982068,0.10672613520527101,43.7333,5.0,6,1,10
21888,-0.012820618199529246,-0.019752665022511315,0.006932046822982068,0.10844963629021372,15.0,5.0,1,1,3
1076,-0.012807604250161173,-0.019739651073143242,0.006932046822982068,0.1079352596124121,25.0,5.0,2,1,5
820,-0.012768973943396843,-0.01970102076637891,0.006932046822982068,0.1045208956476273,34.2833,10.0,4,2,8
4292,-0.012757564422682971,-0.01968961124566504,0.006932046822982068,0.10212546858324306,58.7833,18.7833,4,4,12
1241,-0.012731767049209562,-0.01966381387219163,0.006932046822982068,0.10844963629021372,15.0,5.0,1,1,3
1246,-0.012636605581199695,-0.019568652404181763,0.006932046822982068,0.11130774068309915,16.0666,0.0,3,0,4
23,-0.012592913486939503,-0.019524960309921572,0.006932046822982068,0.10752321832601977,34.0,5.0,3,1,7
902,-0.012588078756667443,-0.01952012557964951,0.006932046822982068,0.10594029123580044,30.0,10.0,2,2,6
726,-0.01256301745726959,-0.019495064280251658,0.006932046822982068,0.10752516594926989,23.8,5.0,3,1,6
3489,-0.012552825644328323,-0.019484872467310392,0.006932046822982068,0.10793001454707833,17.5333,5.0,2,1,4
2359,-0.012545806735473952,-0.01947785355845602,0.006932046822982068,0.10099934953845331,77.6334,19.5,6,4,16
1049,-0.01252367204952971,-0.01945571887251178,0.006932046822982068,0.10733500408873883,26.95,5.0,4,1,7
30,-0.012413652585645255,-0.019345699408627324,0.006932046822982068,0.10821234718503372,20.0,5.0,2,1,4
3671,-0.012413484907826521,-0.01934553173080859,0.006932046822982068,0.10139017266223585,67.9167,20.0,5,4,14
4685,-0.012389180553678731,-0.0193212273766608,0.006932046822982068,0.10363613354780604,60.4,6.36665,11,2,17
4753,-0.012300419564108444,-0.019232466387090513,0.006932046822982068,0.11123116632774835,17.4167,0.0,3,0,5
1676,-0.012267941866306455,-0.019199988689288523,0.006932046822982068,0.10193644174117426,59.4334,15.0,6,3,13
4290,-0.012235320484618124,-0.019167367307600193,0.006932046822982068,0.11039891612383011,19.9501,0.0,5,0,6
2146,-0.012217828075941385,-0.019149874898923454,0.006932046822982068,0.10844963629021372,15.0,5.0,1,1,3
1908,-0.012196026075046745,-0.019128072898028814,0.006932046822982068,0.10805047624187665,23.7,5.0,2,1,5
3308,-0.012185019365803806,-0.019117066188785874,0.006932046822982068,0.10553218561266724,37.95,10.0,3,2,8
122,-0.012170184237426912,-0.01910223106040898,0.006932046822982068,0.11110603722154996,15.9,0.0,2,0,4
2128,-0.012036575111766618,-0.018968621934748686,0.006932046822982068,0.10032377098932674,73.9501,20.0,7,4,16
469,-0.012016247923705248,-0.018948294746687317,0.006932046822982068,0.1072206389966725,30.3333,5.0,4,1,7
4343,-0.01199209152606093,-0.018924138349043,0.006932046822982068,0.10123639926655764,62.6167,19.5,5,4,13
4895,-0.01198192837112004,-0.01891397519410211,0.006932046822982068,0.10844963629021372,15.0,5.0,1,1,3
1936,-0.011969668414637438,-0.018901715237619507,0.006932046822982068,0.10515181483734282,43.4666,10.0,4,2,9
4189,-0.011891791750173693,-0.01882383857315576,0.006932046822982068,0.109347642659102,11.8333,1.8333000000000013,1,1,3
1067,-0.011884739690099871,-0.01881678651308194,0.006932046822982068,0.11121103005991109,12.6167,0.0,3,0,4
2170,-0.011854716973005087,-0.018786763795987156,0.006932046822982068,0.09746894730293452,87.55,25.0,9,5,19
4979,-0.01183848842667657,-0.01877053524965864,0.006932046822982068,0.10814667517254575,19.3333,5.0,2,1,4
3092,-0.01183079578142908,-0.018762842604411148,0.006932046822982068,0.1018816382514074,60.0,20.0,4,4,12
3540,-0.011823280128935798,-0.018755326951917867,0.006932046822982068,0.11175909743928565,2.35,0.0,1,0,1
4615,-0.01178319245405006,-0.018715239277032128,0.006932046822982068,0.10759072159645473,28.45,5.0,4,1,7
3913,-0.011741538392729678,-0.018673585215711747,0.006932046822982068,0.10844963629021372,15.0,5.0,1,1,3
2184,-0.011727257505702332,-0.0186593043286844,0.006932046822982068,0.10543185165857906,33.9,10.0,3,2,7
3990,-0.011656886104463957,-0.018588932927446025,0.006932046822982068,0.10380474596768878,45.0,15.0,3,3,9
5059,-0.011656707769816813,-0.018588754592798882,0.006932046822982068,0.10723889683758894,29.1166,4.183299999999999,4,1,7
3341,-0.011524339493218766,-0.018456386316200835,0.006932046822982068,0.10284941895791797,46.6,15.0,4,3,10
3031,-0.011496009681816528,-0.018428056504798597,0.006932046822982068,0.07456036001761447,186.9333,75.0,12,9,38
969,-0.011481200775101744,-0.018413247598083812,0.006932046822982068,0.11164576089677086,6.6667000000000005,0.0,1,0,2
1970,-0.011410586977203083,-0.01834263380018515,0.006932046822982068,0.06073313159880476,336.3502,131.01665,24,15,71
4936,-0.01127702116691633,-0.0182090679898984,0.006932046822982068,0.10821234718503372,20.0,5.0,2,1,4
550,-0.011274286802595613,-0.01820633362557768,0.006932046822982068,0.10390695337883299,44.55,14.55,3,3,9
3664,-0.011273101729627245,-0.018205148552609313,0.006932046822982068,0.11119710772221139,14.9167,0.0,2,0,4
4051,-0.011252882158117403,-0.018184928981099472,0.006932046822982068,0.10757876185735725,23.05,5.0,3,1,6
48,-0.011229422430844321,-0.01816146925382639,0.006932046822982068,0.10976163478498978,43.9334,0.0,8,0,12
3932,-0.011212386298371967,-0.018144433121354036,0.006932046822982068,0.11097932863792058,20.5833,0.0,3,0,5
1771,-0.011210197540341867,-0.018142244363323935,0.006932046822982068,0.11177233114739427,2.5167,0.0,1,0,1
123,-0.011168477858795874,-0.018100524681777943,0.006932046822982068,0.07385887682393505,259.35,91.2,19,15,54
2353,-0.01115553845075918,-0.018087585273741248,0.006932046822982068,0.10535176232130808,33.3167,10.0,3,2,7
553,-0.011139004806337366,-0.018071051629319435,0.006932046822982068,0.05778959159187445,325.3,150.65,19,12,67
3087,-0.011119181556932613,-0.018051228379914682,0.006932046822982068,0.09688195332003037,105.0,35.0,7,7,21
1913,-0.011104829258517187,-0.018036876081499256,0.006932046822982068,0.10784760138061115,16.95,5.0,2,1,4
3830,-0.011078649926209157,-0.018010696749191226,0.006932046822982068,0.08385603796866677,265.0,85.0,19,17,53
2576,-0.011065859355381662,-0.01799790617836373,0.006932046822982068,0.10677443022464796,28.9334,5.0,6,1,8
4921,-0.011043213577637219,-0.017975260400619288,0.006932046822982068,0.10479968431094953,35.6667,9.816650000000001,4,2,8
3000,-0.01102961677659827,-0.01796166359958034,0.006932046822982068,0.10334753202998134,52.8333,15.0,4,3,11
2276,-0.011024434042557412,-0.01795648086553948,0.006932046822982068,0.10332726136023741,53.6667,15.0,4,3,11
1111,-0.011012887103677201,-0.01794493392665927,0.006932046822982068,0.10844963629021372,15.0,5.0,1,1,3
2163,-0.010993390464739496,-0.017925437287721564,0.006932046822982068,0.10725632863817369,26.4667,5.0,3,1,6
1687,-0.01098363691952893,-0.017915683742511,0.006932046822982068,0.10815937916690131,21.9,5.0,2,1,5
588,-0.01097050036265974,-0.01790254718564181,0.006932046822982068,0.10798523071772641,17.95,5.0,2,1,4
734,-0.010940650898194283,-0.01787269772117635,0.006932046822982068,0.11134350972641104,9.8,0.0,2,0,3
1401,-0.010939869069337416,-0.017871915892319484,0.006932046822982068,0.10353098816070397,54.3501,11.86665,5,3,12
1821,-0.010922800257724099,-0.017854847080706168,0.006932046822982068,0.10781915269105614,22.9333,5.0,3,1,5
949,-0.010884262500472766,-0.017816309323454835,0.006932046822982068,0.08344576893582757,178.51670000000001,65.0,12,11,36
1391,-0.01086850431704622,-0.01780055114002829,0.006932046822982068,0.11131812483172875,12.4499,0.0,3,0,4
1732,-0.010798059782307402,-0.01773010660528947,0.006932046822982068,0.0991168214322838,88.8501,19.416649999999997,10,4,19
1030,-0.01078960440695802,-0.01772165122994009,0.006932046822982068,0.10286694073256189,46.7,15.0,4,3,10
1141,-0.010776635333751592,-0.01770868215673366,0.006932046822982068,0.07908413416386205,233.6,74.7,19,13,49
2831,-0.010711878256377663,-0.017643925079359732,0.006932046822982068,0.08595540176035939,238.7168,56.89995,23,12,52
2944,-0.01066902869883813,-0.0176010755218202,0.006932046822982068,0.10335646311086766,51.7167,15.0,4,3,11
2384,-0.010595798866836377,-0.017527845689818446,0.006932046822982068,0.10788364225685716,17.2,5.0,2,1,4
1121,-0.01050341708811144,-0.017435463911093508,0.006932046822982068,0.109086650783675,16.0333,1.7833000000000006,2,1,4
3369,-0.010496038610375999,-0.017428085433358068,0.006932046822982068,0.09811939249070205,101.3666,26.066599999999998,8,6,22
1173,-0.010461417925202558,-0.017393464748184626,0.006932046822982068,0.10305460038167293,47.8333,15.0,4,3,10
3964,-0.010431302861234427,-0.017363349684216496,0.006932046822982068,0.10811817421058166,19.0667,5.0,2,1,4
3258,-0.010296664219708613,-0.01722871104269068,0.006932046822982068,0.10841660915252965,15.2333,3.1999999999999993,2,1,4
1904,-0.010214701445449153,-0.01714674826843122,0.006932046822982068,0.0990371890789905,84.15,25.0,7,5,17
246,-0.010187686524865954,-0.017119733347848023,0.006932046822982068,0.11152014226801046,11.3333,0.0,2,0,3
694,-0.010173151839527605,-0.017105198662509674,0.006932046822982068,0.10510650239365776,39.7667,10.0,4,2,9
3758,-0.010103652060704477,-0.017035698883686546,0.006932046822982068,0.10896121657318597,18.4833,1.0833000000000013,3,1,5
3345,-0.010092381369345569,-0.017024428192327638,0.006932046822982068,0.10747564336817483,19.9834,5.0,3,1,5
2719,-0.01007661930624985,-0.01700866612923192,0.006932046822982068,0.10699408274016778,26.3833,5.0,4,1,7
3457,-0.01004855461673989,-0.016980601439721958,0.006932046822982068,0.10478412024658806,42.7167,10.0,4,2,9
3227,-0.010034546477943933,-0.016966593300926,0.006932046822982068,0.10555390861930752,37.1833,10.0,3,2,8
1570,-0.009947215191810955,-0.016879262014793023,0.006932046822982068,0.10331626339744832,57.6333,8.0,11,2,15
3564,-0.00993057385462277,-0.01686262067760484,0.006932046822982068,0.10054169109504472,80.2833,15.0,10,3,19
1454,-0.00986055542248735,-0.01679260224546942,0.006932046822982068,0.10844963629021372,15.0,5.0,1,1,3
5081,-0.00983978204656993,-0.016771828869552,0.006932046822982068,0.11105696167294439,15.0333,0.0,4,0,5
4395,-0.009823355987076197,-0.016755402810058266,0.006932046822982068,0.10594029123580044,30.0,10.0,2,2,6
4505,-0.009626429334010908,-0.016558476156992977,0.006932046822982068,0.10524168453891848,41.8167,10.0,4,2,9
1041,-0.009592816915436172,-0.01652486373841824,0.006932046822982068,0.08804155298339449,171.05,56.2667,13,11,36
4877,-0.009544096120169866,-0.016476142943151934,0.006932046822982068,0.09807673351763349,92.3167,28.35,7,6,19
443,-0.009517553667121675,-0.016449600490103744,0.006932046822982068,0.10615556372349458,29.55,6.51665,3,2,7
2820,-0.009484625657230648,-0.016416672480212717,0.006932046822982068,0.10046167549331318,66.2,20.0,6,4,14
3190,-0.009475048751748368,-0.016407095574730437,0.006932046822982068,0.1054236355835122,40.0,10.0,3,2,8
434,-0.009422058010983014,-0.016354104833965082,0.006932046822982068,0.09929437576433,90.0167,24.1833,7,5,19
2522,-0.009400630384665338,-0.016332677207647407,0.006932046822982068,0.09885129667023015,82.8,25.0,7,5,17
1223,-0.009383400421188761,-0.01631544724417083,0.006932046822982068,0.10272913947399147,67.7333,9.5,11,2,17
3358,-0.009275646262525809,-0.016207693085507877,0.006932046822982068,0.098950170488754,88.7667,25.0,7,5,18
4670,-0.00922670303713969,-0.01615874986012176,0.006932046822982068,0.10178267334702809,76.85,14.166649999999999,8,3,17
665,-0.009158086150770524,-0.016090132973752592,0.006932046822982068,0.09850165876547387,97.3166,21.95,9,5,22
2383,-0.009119785378119971,-0.01605183220110204,0.006932046822982068,0.10821234718503372,20.0,5.0,2,1,4
2568,-0.009077966289006874,-0.016010013111988942,0.006932046822982068,0.11165902707269401,1.25,0.0,1,0,1
2007,-0.009031591155486206,-0.015963637978468274,0.006932046822982068,0.10706979385555357,45.35,5.0,5,1,10
56,-0.00894079510848467,-0.01587284193146674,0.006932046822982068,0.10821234718503372,20.0,5.0,2,1,4
294,-0.008907281711194079,-0.015839328534176148,0.006932046822982068,0.1018816382514074,60.0,20.0,4,4,12
894,-0.008838500087813908,-0.015770546910795977,0.006932046822982068,0.09540001447269547,120.0,40.0,8,8,24
1727,-0.00882121705328242,-0.015753263876264488,0.006932046822982068,0.10629391277261045,63.5167,2.1332999999999984,10,1,16
1510,-0.008700022415695223,-0.01563206923867729,0.006932046822982068,0.10813911681298483,22.9333,2.7833000000000006,3,1,6
1434,-0.008620783507742438,-0.015552830330724505,0.006932046822982068,0.11084040588704311,21.9667,0.0,4,0,7
2769,-0.008611522899923705,-0.015543569722905772,0.006932046822982068,0.10608941720689559,29.4167,9.416649999999999,2,2,6
599,-0.008605719936268786,-0.015537766759250855,0.006932046822982068,0.10776450202732006,16.4,5.0,2,1,4
4849,-0.008596502184204883,-0.015528549007186952,0.006932046822982068,0.10844963629021372,15.0,5.0,1,1,3
2654,-0.008592196024629437,-0.015524242847611504,0.006932046822982068,0.10800834461825426,24.2167,5.0,2,1,5
1300,-0.00857167993118373,-0.015503726754165796,0.006932046822982068,0.11103548158733971,18.7333,0.0,5,0,6
1271,-0.00855399045047521,-0.015486037273457277,0.006932046822982068,0.10738982908183745,35.15,3.933299999999999,5,1,9
4052,-0.008520056855768579,-0.015452103678750648,0.006932046822982068,0.10844963629021372,15.0,5.0,1,1,3
2594,-0.008482613713486947,-0.015414660536469015,0.006932046822982068,0.10502609097668981,48.25,10.0,4,2,10
1313,-0.00845132205954818,-0.015383368882530246,0.006932046822982068,0.10894690533794932,13.3167,3.316650000000001,1,1,3
3907,-0.008414269432730322,-0.015346316255712391,0.006932046822982068,0.1073018936466191,34.6667,5.0,4,1,8
36,-0.008363133595324625,-0.015295180418306693,0.006932046822982068,0.10555190069391046,34.8667,10.0,3,2,7
4235,-0.008305202452939461,-0.015237249275921528,0.006932046822982068,0.10869938256779914,21.2667,2.8500000000000014,2,1,5
1393,-0.008287613396896352,-0.01521966021987842,0.006932046822982068,0.10139215425779084,67.0833,20.0,5,4,14
972,-0.008222677155255494,-0.015154723978237562,0.006932046822982068,0.10765887762144882,32.2667,5.0,3,1,7
802,-0.008205837781505763,-0.015137884604487832,0.006932046822982068,0.10844963629021372,15.0,5.0,1,1,3
394,-0.00819423543214572,-0.015126282255127787,0.006932046822982068,0.10490771450722026,38.5333,10.0,4,2,9
670,-0.008182211837341417,-0.015114258660323484,0.006932046822982068,0.09733293955373507,110.5666,23.166649999999997,11,5,24
2811,-0.00815791158674704,-0.015089958409729109,0.006932046822982068,0.10638693188620293,28.1833,8.1833,2,2,6
1534,-0.008150512351564814,-0.015082559174546883,0.006932046822982068,0.071204869611771,173.7666,76.34994999999999,11,7,37
695,-0.008135000742237237,-0.015067047565219305,0.006932046822982068,0.10794356560759312,24.9167,5.0,2,1,5
638,-0.008104352804723425,-0.015036399627705494,0.006932046822982068,0.10484408318400139,36.4667,10.0,4,2,8
2403,-0.008046920533055918,-0.014978967356037985,0.006932046822982068,0.10762048429863957,21.0333,5.0,3,1,5
2692,-0.008046189508389767,-0.014978236331371835,0.006932046822982068,0.11080495447352444,15.3167,0.0,3,0,4
2623,-0.008043482228109217,-0.014975529051091285,0.006932046822982068,0.10844963629021372,15.0,5.0,1,1,3
451,-0.007950243059354562,-0.014882289882336629,0.006932046822982068,0.10805543967798685,18.5167,5.0,2,1,4
31,-0.007942843688355454,-0.014874890511337521,0.006932046822982068,0.10743892261277123,19.6333,5.0,3,1,5
3311,-0.007915564530202302,-0.01484761135318437,0.006932046822982068,0.10844963629021372,15.0,5.0,1,1,3
20689,-0.007899257897895643,-0.01483130472087771,0.006932046822982068,0.10844963629021372,15.0,5.0,1,1,3
1421,-0.00779950091038826,-0.014731547733370327,0.006932046822982068,0.0859376943710789,142.5833,38.1667,14,6,32
2152,-0.007783532377566523,-0.014715579200548591,0.006932046822982068,0.09303103334471403,135.3833,40.0,12,8,28
3238,-0.007679901845983976,-0.014611948668966044,0.006932046822982068,0.10814722125620689,15.4833,3.8832999999999984,2,1,4
744,-0.007660909154539079,-0.014592955977521147,0.006932046822982068,0.10380474596768878,45.0,15.0,3,3,9
4794,-0.00765568312776983,-0.014587729950751898,0.006932046822982068,0.09030763483496362,174.7168,48.99995,14,11,37
4992,-0.0076515118766601045,-0.014583558699642172,0.006932046822982068,0.10806303226996695,23.5333,5.0,2,1,5
1461,-0.007611093929871385,-0.014543140752853453,0.006932046822982068,0.10586936335903634,39.45,6.71665,4,2,9
1464,-0.007546871145018932,-0.014478917968001,0.006932046822982068,0.0920582870609655,147.55,45.0,12,9,31
2374,-0.007510716671939304,-0.014442763494921372,0.006932046822982068,0.10791398940456921,17.4167,5.0,2,1,4
4911,-0.007457525917559151,-0.014389572740541218,0.006932046822982068,0.10844963629021372,15.0,5.0,1,1,3
4847,-0.0074561057454561415,-0.01438815256843821,0.006932046822982068,0.11150277817892876,2.9000000000000004,0.0,2,0,2
1120,-0.007410011305189384,-0.014342058128171452,0.006932046822982068,0.11152017837563957,8.1333,0.0,3,0,3
2745,-0.007381472132699002,-0.01431351895568107,0.006932046822982068,0.09389884662495966,125.8834,40.0,10,8,26
3078,-0.007357230766925327,-0.014289277589907395,0.006932046822982068,0.11144656346426333,8.3833,0.0,1,0,2
3880,-0.007354852015706467,-0.014286898838688535,0.006932046822982068,0.08631416851616242,222.7,70.0,17,14,45
761,-0.00728155174462049,-0.014213598567602558,0.006932046822982068,0.1012008688391278,90.6666,15.0,9,3,20
2409,-0.00724405260286276,-0.014176099425844827,0.006932046822982068,0.08569982081918026,235.0332,61.599900000000005,20,14,51
2610,-0.007241796940919631,-0.014173843763901699,0.006932046822982068,0.11159523393278016,7.15,0.0,1,0,2
3895,-0.007162111675399486,-0.014094158498381554,0.006932046822982068,0.10866325806222742,19.5333,3.433299999999999,2,1,5
581,-0.007154279899070412,-0.01408632672205248,0.006932046822982068,0.10328599829019802,54.7,15.0,4,3,11
1004,-0.007002909167769872,-0.01393495599075194,0.006932046822982068,0.10444162466279006,41.9167,11.916649999999999,3,3,9
2326,-0.006903541952065758,-0.013835588775047826,0.006932046822982068,0.10594029123580044,30.0,10.0,2,2,6
1930,-0.006900835297390087,-0.013832882120372154,0.006932046822982068,0.105330247789595,33.1667,10.0,3,2,7
3550,-0.006894795240693581,-0.013826842063675649,0.006932046822982068,0.11147686354846466,8.15,0.0,1,0,2
2955,-0.006890955603392749,-0.013823002426374817,0.006932046822982068,0.10197031083669987,61.65,15.0,7,3,13
1824,-0.006852251178432105,-0.013784298001414173,0.006932046822982068,0.09448435559571981,114.9333,26.34995,14,6,28
1188,-0.006852013849724724,-0.013784060672706792,0.006932046822982068,0.11039738776440088,26.7001,0.0,3,0,6
9982,-0.00683997713584386,-0.013772023958825928,0.006932046822982068,0.10844963629021372,15.0,5.0,1,1,3
679,-0.0068299689773958965,-0.013762015800377964,0.006932046822982068,0.10191028136527393,54.0,15.0,6,3,12
3160,-0.006821042794371845,-0.013753089617353912,0.006932046822982068,0.10191700964031629,66.5,15.0,7,3,15
3471,-0.006790773131196332,-0.0137228199541784,0.006932046822982068,0.11161841523383456,6.9333,0.0,1,0,2
321,-0.006774220180987251,-0.013706267003969319,0.006932046822982068,0.10184626576002515,58.35,15.0,6,3,13
4976,-0.006732794237466515,-0.013664841060448582,0.006932046822982068,0.10855161949772126,14.666699999999999,4.666649999999999,1,1,3
2442,-0.006730624498541314,-0.013662671321523382,0.006932046822982068,0.10890015790408197,19.4667,2.4499999999999993,2,1,5
199,-0.0067278404478835945,-0.013659887270865662,0.006932046822982068,0.11125686895689278,9.7,0.0,1,0,2
268,-0.006726530063785663,-0.01365857688676773,0.006932046822982068,0.10701582576422741,45.6333,5.0,5,1,10
524,-0.006714295758430847,-0.013646342581412915,0.006932046822982068,0.1001064377112624,75.0,25.0,5,5,15
237,-0.0066888485436685475,-0.013620895366650615,0.006932046822982068,0.11147045735399007,8.2,0.0,1,0,2
3409,-0.0066784705105504385,-0.013610517333532506,0.006932046822982068,0.10844963629021372,15.0,5.0,1,1,3
522,-0.006660345117893118,-0.013592391940875186,0.006932046822982068,0.10799222658609262,24.4,5.0,2,1,5
2829,-0.0066247102970135524,-0.01355675711999562,0.006932046822982068,0.11084058479301656,14.4667,0.0,4,0,5
2,-0.006563188367626008,-0.013495235190608076,0.006932046822982068,0.09787472281426435,99.7333,25.0,10,5,21
602,-0.006484446855505216,-0.013416493678487284,0.006932046822982068,0.094949554826142,105.4333,30.0,11,6,24
4815,-0.006480867500307277,-0.013412914323289345,0.006932046822982068,0.0966532120840495,94.0666,30.0,8,6,20
2866,-0.006453713904751058,-0.013385760727733126,0.006932046822982068,0.1053982318638139,33.65,10.0,3,2,7
1140,-0.0064266052971187855,-0.013358652120100853,0.006932046822982068,0.07467398309681667,234.1333,85.2666,17,13,49
3383,-0.006383715161002391,-0.013315761983984459,0.006932046822982068,0.10380474596768878,45.0,15.0,3,3,9
1320,-0.006369220140853311,-0.013301266963835379,0.006932046822982068,0.1080182759894967,24.1,5.0,2,1,5
335,-0.0063672627937329035,-0.013299309616714971,0.006932046822982068,0.09248359472303391,157.2666,47.2833,11,10,32
3614,-0.006324155668620989,-0.013256202491603057,0.006932046822982068,0.10809973657280554,18.9,5.0,2,1,4
1055,-0.00629720645979747,-0.013229253282779537,0.006932046822982068,0.10813258270785436,19.2,5.0,2,1,4
2304,-0.006293332062925501,-0.013225378885907569,0.006932046822982068,0.10036480222986201,80.8999,17.5833,8,4,18
10976,-0.006283659320105733,-0.013215706143087801,0.006932046822982068,0.1117148420118273,1.8333,0.0,1,0,1
3654,-0.006280147442977513,-0.01321219426595958,0.006932046822982068,0.11062448655550194,50.9501,3.233299999999998,7,0,7
327,-0.0062793656341532,-0.013211412457135268,0.006932046822982068,0.10799222658609262,24.4,5.0,2,1,5
2537,-0.00624978189695228,-0.013181828719934348,0.006932046822982068,0.11080884418585188,12.066699999999999,0.0,3,0,4
1503,-0.006195662057196588,-0.013127708880178656,0.006932046822982068,0.10844963629021372,15.0,5.0,1,1,3
222,-0.006187636680332794,-0.013119683503314862,0.006932046822982068,0.09148673341392928,137.3667,36.96665,15,8,31
4627,-0.006138961117101409,-0.013071007940083477,0.006932046822982068,0.11120921626039311,10.0,0.0,1,0,2
188,-0.006103380880426386,-0.013035427703408453,0.006932046822982068,0.10897969634860591,13.2,3.1999999999999993,1,1,3
1102,-0.006062078697326678,-0.012994125520308746,0.006932046822982068,0.10844963629021372,15.0,5.0,1,1,3
1244,-0.005977260536774376,-0.012909307359756443,0.006932046822982068,0.10380474596768878,45.0,15.0,3,3,9
2939,-0.005962847080680484,-0.012894893903662552,0.006932046822982068,0.09859267988175383,84.3833,25.0,7,5,18
4437,-0.0058462366700171705,-0.012778283492999238,0.006932046822982068,0.10005385062740231,82.3167,16.3333,10,4,18
1409,-0.0058156564035653805,-0.012747703226547448,0.006932046822982068,0.10334603019516687,52.9167,15.0,4,3,11
1805,-0.005801432102098904,-0.012733478925080971,0.006932046822982068,0.10844963629021372,15.0,5.0,1,1,3
5058,-0.00574421928424785,-0.012676266107229918,0.006932046822982068,0.1055283618034533,34.6667,10.0,3,2,7
4143,-0.005725280209427394,-0.012657327032409462,0.006932046822982068,0.10844963629021372,15.0,5.0,1,1,3
5026,-0.005701136535071806,-0.012633183358053874,0.006932046822982068,0.10600059009026352,29.7667,9.76665,2,2,6
765,-0.005641160335191876,-0.012573207158173944,0.006932046822982068,0.10921654990572703,12.3333,2.3333000000000013,1,1,3
3235,-0.005611490158436411,-0.012543536981418479,0.006932046822982068,0.1080374027204365,18.3667,5.0,2,1,4
1161,-0.0056063688917558545,-0.012538415714737922,0.006932046822982068,0.1073431084164153,30.3333,5.0,4,1,7
94,-0.005594035789973652,-0.01252608261295572,0.006932046822982068,0.10597383297378402,29.0,6.7833000000000006,3,2,7
1777,-0.005579047865827735,-0.012511094688809803,0.006932046822982068,0.11142207528538478,8.5667,0.0,1,0,2
4601,-0.005564257133469732,-0.0124963039564518,0.006932046822982068,0.10821234718503372,20.0,5.0,2,1,4
2092,-0.005463583625268063,-0.012395630448250131,0.006932046822982068,0.10594029123580044,30.0,10.0,2,2,6
843,-0.005438049141146858,-0.012370095964128925,0.006932046822982068,0.10940742574355132,11.6,1.6000000000000014,1,1,3
5084,-0.005425865051467071,-0.012357911874449139,0.006932046822982068,0.10791533589869858,26.0333,5.0,3,1,6
2900,-0.005394942548680501,-0.012326989371662569,0.006932046822982068,0.1053327084299111,46.4167,8.95,4,2,10
991,-0.0053764386846037,-0.012308485507585768,0.006932046822982068,0.09636297897345841,113.1833,35.0,8,7,23
490,-0.005370764913989404,-0.012302811736971472,0.006932046822982068,0.10800834461825426,24.2167,5.0,2,1,5
3272,-0.005350132098161923,-0.01228217892114399,0.006932046822982068,0.1117133211915118,1.8167,0.0,1,0,1
2629,-0.0053435273272626664,-0.012275574150244734,0.006932046822982068,0.10472551220184058,45.1167,10.0,5,2,10
3259,-0.00534007096103697,-0.012272117784019038,0.006932046822982068,0.10389821013734289,47.35,12.45,4,3,10
3575,-0.0052782145382361785,-0.012210261361218246,0.006932046822982068,0.10844963629021372,15.0,5.0,1,1,3
587,-0.005226660936970564,-0.012158707759952632,0.006932046822982068,0.11142207528538478,8.5667,0.0,1,0,2
2509,-0.005220777038964004,-0.012152823861946072,0.006932046822982068,0.10844963629021372,15.0,5.0,1,1,3
3313,-0.005169244238750772,-0.01210129106173284,0.006932046822982068,0.09745592758248564,105.05,30.0,8,6,22
57,-0.005099963311000449,-0.012032010133982517,0.006932046822982068,0.10287307133666093,61.6166,15.0,5,3,13
348,-0.005072712963451778,-0.012004759786433845,0.006932046822982068,0.10813965790365558,19.2667,5.0,2,1,4
4981,-0.005054173703715323,-0.011986220526697391,0.006932046822982068,0.10594029123580044,30.0,10.0,2,2,6
2621,-0.005044658036052529,-0.011976704859034596,0.006932046822982068,0.10594029123580044,30.0,10.0,2,2,6
908,-0.005028029879875701,-0.011960076702857769,0.006932046822982068,0.10844963629021372,15.0,5.0,1,1,3
3370,-0.0048416802887616016,-0.01177372711174367,0.006932046822982068,0.10594029123580044,30.0,10.0,2,2,6
102,-0.004826322966615248,-0.011758369789597316,0.006932046822982068,0.08453423886499699,159.4667,45.0,14,7,35
2215,-0.004816425240165129,-0.011748472063147197,0.006932046822982068,0.07102046396632568,420.3168,116.51665,35,22,89
3234,-0.0047976892400772965,-0.011729736063059364,0.006932046822982068,0.10380474596768878,45.0,15.0,3,3,9
3661,-0.0047883388968530715,-0.01172038571983514,0.006932046822982068,0.07915340386936945,240.0166,70.0,21,12,50
1765,-0.004695064025425578,-0.011627110848407646,0.006932046822982068,0.11031319882326367,24.6666,0.0,4,0,7
2309,-0.004691851424640409,-0.011623898247622477,0.006932046822982068,0.09753437128492455,80.4,24.8333,8,5,18
2718,-0.004684012501543236,-0.011616059324525304,0.006932046822982068,0.1114060138382384,13.2333,0.0,2,0,3
4289,-0.00467280192127482,-0.011604848744256888,0.006932046822982068,0.10691257527547203,20.0333,5.0,4,1,6
3491,-0.004608672261615719,-0.011540719084597787,0.006932046822982068,0.10799520715656682,24.3667,5.0,2,1,5
1613,-0.004577944960149149,-0.011509991783131217,0.006932046822982068,0.11087601277848215,17.7666,0.0,2,0,4
4662,-0.004574625346834349,-0.011506672169816417,0.006932046822982068,0.11120921626039311,10.0,0.0,1,0,2
4752,-0.00455541146470262,-0.011487458287684688,0.006932046822982068,0.09523257459731117,111.6666,32.1833,10,7,24
1716,-0.0045458015159644235,-0.011477848338946491,0.006932046822982068,0.10293585812183736,86.9667,8.833300000000001,10,3,21
4147,-0.0045040065982741755,-0.011436053421256243,0.006932046822982068,0.10810347237384664,18.9333,5.0,2,1,4
2059,-0.004503870081981804,-0.011435916904963872,0.006932046822982068,0.10594029123580044,30.0,10.0,2,2,6
1422,-0.004490595877817285,-0.011422642700799353,0.006932046822982068,0.10380474596768878,45.0,15.0,3,3,9
978,-0.004476206217438008,-0.011408253040420075,0.006932046822982068,0.0826645751385375,200.0,70.0,13,12,40
137,-0.004470235741894756,-0.011402282564876824,0.006932046822982068,0.07702931278149414,206.2833,71.34994999999999,15,11,43
3379,-0.004454257272223302,-0.01138630409520537,0.006932046822982068,0.10844963629021372,15.0,5.0,1,1,3
21385,-0.004433804528640361,-0.011365851351622429,0.006932046822982068,0.11166903283128835,1.35,0.0,1,0,1
4995,-0.004426695205035317,-0.011358742028017385,0.006932046822982068,0.11151076508200977,10.6667,0.0,4,0,4
2155,-0.0044082863741378405,-0.011340333197119908,0.006932046822982068,0.11137511116448892,20.25,0.0,7,0,7
2352,-0.004405632403355138,-0.011337679226337206,0.006932046822982068,0.10806529653583458,18.6,5.0,2,1,4
435,-0.004393228785894627,-0.011325275608876695,0.006932046822982068,0.10821234718503372,20.0,5.0,2,1,4
20656,-0.004387389637206122,-0.01131943646018819,0.006932046822982068,0.10844963629021372,15.0,5.0,1,1,3
3021,-0.0043807781313956245,-0.011312824954377692,0.006932046822982068,0.11142250578905755,12.3667,0.0,2,0,3
924,-0.00433822632432243,-0.011270273147304498,0.006932046822982068,0.11166054841579454,6.5167,0.0,1,0,2
2298,-0.00430412809109437,-0.011236174914076438,0.006932046822982068,0.10048859033347203,65.75,16.76665,7,4,15
1780,-0.004281791609810996,-0.011213838432793064,0.006932046822982068,0.10844963629021372,15.0,5.0,1,1,3
9983,-0.00425355919782966,-0.011185606020811728,0.006932046822982068,0.11151432762433772,7.85,0.0,1,0,2
3268,-0.004183046631830444,-0.011115093454812512,0.006932046822982068,0.11049550780224916,27.2667,0.0,4,0,6
230,-0.004168016645436924,-0.011100063468418991,0.006932046822982068,0.10818539553072865,19.7167,5.0,2,1,4
705,-0.0041195328234879805,-0.011051579646470048,0.006932046822982068,0.11120921626039311,10.0,0.0,1,0,2
2550,-0.0040510056448947234,-0.010983052467876791,0.006932046822982068,0.07288921092791788,287.7167,92.76665,22,15,61
3811,-0.004047834792945622,-0.01097988161592769,0.006932046822982068,0.10566124587790875,33.7,9.350000000000001,3,2,7
2100,-0.003982514137690399,-0.010914560960672467,0.006932046822982068,0.10549524175603311,38.8167,10.0,3,2,8
2729,-0.003946168105591023,-0.01087821492857309,0.006932046822982068,0.10815019804107352,22.1,5.0,2,1,5
4375,-0.003921741300615092,-0.01085378812359716,0.006932046822982068,0.07947616841563161,163.2834,54.9333,12,8,35
2143,-0.003857033694614923,-0.01078908051759699,0.006932046822982068,0.0980728791027884,101.15,25.0,9,5,21
1493,-0.003810608224747775,-0.010742655047729843,0.006932046822982068,0.10594029123580044,30.0,10.0,2,2,6
3096,-0.0038006840092506674,-0.010732730832232735,0.006932046822982068,0.1083439130535346,19.5833,4.583300000000001,2,1,4
3150,-0.003792521320807791,-0.010724568143789859,0.006932046822982068,0.1116356678272322,6.7667,0.0,1,0,2
2744,-0.0037915399873354417,-0.01072358681031751,0.006932046822982068,0.10380474596768878,45.0,15.0,3,3,9
4459,-0.0037572360602207847,-0.010689282883202852,0.006932046822982068,0.11111705633795871,16.4501,2.2166499999999996,3,0,3
4618,-0.0037162505963268247,-0.010648297419308892,0.006932046822982068,0.10433805312452342,46.55,10.0,5,2,11
962,-0.00363396943376348,-0.010566016256745548,0.006932046822982068,0.10517231014825068,40.5666,10.0,4,2,9
2432,-0.003627221496997314,-0.010559268319979382,0.006932046822982068,0.09421570168226819,127.3667,37.76665,10,8,27
2981,-0.0036258187710712817,-0.01055786559405335,0.006932046822982068,0.11060926534971596,18.5666,0.0,3,0,5
2233,-0.0035594667041332862,-0.010491513527115354,0.006932046822982068,0.11145909116715669,15.3501,0.0,3,0,4
2720,-0.003516336874914954,-0.010448383697897022,0.006932046822982068,0.1111786576093643,24.0334,0.0,6,0,7
1810,-0.0034705620306895507,-0.010402608853671618,0.006932046822982068,0.11156738756912365,7.4,0.0,1,0,2
3299,-0.00336012343021344,-0.010292170253195508,0.006932046822982068,0.0922995527848468,140.85,38.8,13,8,31
3767,-0.003256844292239723,-0.01018889111522179,0.006932046822982068,0.10450435634457497,41.5667,11.566650000000001,3,3,9
20467,-0.003183496629102869,-0.010115543452084937,0.006932046822982068,0.1086119764317446,14.4667,4.46665,1,1,3
272,-0.003181182380124826,-0.010113229203106894,0.006932046822982068,0.11158607415920764,7.2333,0.0,1,0,2
3526,-0.0031743719123584887,-0.010106418735340557,0.006932046822982068,0.09709496657101241,109.0666,29.36665,9,6,23
563,-0.0030912424804758103,-0.010023289303457878,0.006932046822982068,0.11093038601535188,19.0333,0.0,3,0,5
511,-0.0030579131909911636,-0.009989960013973231,0.006932046822982068,0.11163063609142906,10.6,0.0,2,0,3
3255,-0.0030439933993640393,-0.009976040222346107,0.006932046822982068,0.1015960849166322,62.5167,14.4833,6,4,15
697,-0.0030393389966619838,-0.009971385819644052,0.006932046822982068,0.08354699225381829,179.48329999999999,65.0,12,11,36
641,-0.0030071248220666794,-0.009939171645048747,0.006932046822982068,0.09749015190608469,104.8334,25.799949999999995,9,6,23
3566,-0.003005006893052169,-0.009937053716034237,0.006932046822982068,0.10647560429877653,32.55,6.316650000000001,3,2,8
496,-0.002998816145671014,-0.009930862968653082,0.006932046822982068,0.10468114839107329,43.8,10.0,5,2,10
15,-0.0029975740832637503,-0.009929620906245818,0.006932046822982068,0.10742820060589099,35.0,5.0,3,1,7
846,-0.002871842724340182,-0.00980388954732225,0.006932046822982068,0.11082947663501373,18.15,0.0,2,0,4
4737,-0.0028581240225391035,-0.009790170845521171,0.006932046822982068,0.09149068457572351,147.2833,43.2,13,9,32
1433,-0.0028577819963814437,-0.009789828819363511,0.006932046822982068,0.09947685147054462,79.0833,25.0,6,5,16
2917,-0.0027889034409282294,-0.009720950263910297,0.006932046822982068,0.1067156396904673,26.6833,6.683299999999999,2,2,6
2733,-0.00277777822951322,-0.009709825052495288,0.006932046822982068,0.11144698681689101,11.1,0.0,2,0,3
4525,-0.0027555962745941477,-0.009687643097576215,0.006932046822982068,0.10086131779959465,70.5667,20.566650000000003,5,5,15
2713,-0.0027272231040169877,-0.009659269926999055,0.006932046822982068,0.11180085799492015,2.9,0.0,1,0,1
1242,-0.002643123954495925,-0.009575170777477993,0.006932046822982068,0.1113757818639828,7.9167,0.0,2,0,3
3511,-0.0026290899333911285,-0.009561136756373196,0.006932046822982068,0.11158792974949418,7.2166999999999994,0.0,1,0,2
278,-0.0025908308874070017,-0.00952287771038907,0.006932046822982068,0.07680356587277302,185.2833,71.2333,13,10,39
1548,-0.002565964759906578,-0.009498011582888646,0.006932046822982068,0.11118822663849338,15.183399999999999,0.0,2,0,4
3984,-0.0025111623298529227,-0.00944320915283499,0.006932046822982068,0.09290615163788113,144.0667,45.0,11,9,29
2466,-0.0024981759790954237,-0.009430222802077491,0.006932046822982068,0.10812213731244953,22.6333,5.0,2,1,5
1559,-0.002487981181591767,-0.009420028004573835,0.006932046822982068,0.11132483385467226,13.05,0.0,3,0,4
1652,-0.0024705030844212874,-0.009402549907403355,0.006932046822982068,0.10594029123580044,30.0,10.0,2,2,6
3075,-0.0024700944017832837,-0.009402141224765351,0.006932046822982068,0.08730178180672644,211.6335,60.8333,17,13,44
3863,-0.002452469275469175,-0.009384516098451243,0.006932046822982068,0.10305719866884638,47.85,15.0,4,3,10
4609,-0.0024058225864211314,-0.0093378694094032,0.006932046822982068,0.11131612644593801,3.5333,0.0,3,0,3
1481,-0.002388189023025706,-0.009320235846007774,0.006932046822982068,0.10908598175134447,12.8167,2.816650000000001,1,1,3
3482,-0.0023430857972102604,-0.009275132620192328,0.006932046822982068,0.09953036346858127,71.95,20.0,7,4,16
1483,-0.0023061647223897004,-0.009238211545371768,0.006932046822982068,0.11094227761937264,17.1333,0.0,2,0,4
422,-0.00229393528870448,-0.009225982111686548,0.006932046822982068,0.10713887514813722,34.7,5.0,4,1,8
1725,-0.0022025107300201975,-0.009134557553002265,0.006932046822982068,0.1018820807243937,54.0166,15.0,6,3,12
5104,-0.002158424697069036,-0.009090471520051104,0.006932046822982068,0.10319713555198712,81.6999,10.0,10,2,18
4598,-0.002147223365062863,-0.00907927018804493,0.006932046822982068,0.10801690507449077,18.2,5.0,2,1,4
4970,-0.002143051043773668,-0.009075097866755736,0.006932046822982068,0.08097473596511105,306.2501,85.0,26,17,65
3320,-0.0021178372536737313,-0.009049884076655799,0.006932046822982068,0.09914095874114186,87.7,25.0,7,5,18
2434,-0.002050036813305401,-0.008982083636287469,0.006932046822982068,0.09983628841923418,73.85,21.583299999999998,6,5,16
171,-0.0020462165655101847,-0.008978263388492252,0.006932046822982068,0.09763419072483148,101.1001,25.0,10,5,21
4115,-0.0020357494118283066,-0.008967796234810374,0.006932046822982068,0.08131076463022918,285.0832,69.9333,29,15,64
5037,-0.0019901447187257526,-0.00892219154170782,0.006932046822982068,0.10243089442591151,69.2,15.0,6,3,14
1159,-0.0019534273326484745,-0.008885474155630542,0.006932046822982068,0.10816721040361824,19.5333,5.0,2,1,4
1817,-0.0019274628442405078,-0.008859509667222576,0.006932046822982068,0.11120921626039311,10.0,0.0,1,0,2
2489,-0.0018708377863663117,-0.00880288460934838,0.006932046822982068,0.10034912010683085,69.85,20.0,6,4,15
3017,-0.0018143920103149925,-0.00874643883329706,0.006932046822982068,0.10380474596768878,45.0,15.0,3,3,9
4540,-0.0018118703771138776,-0.008743917200095945,0.006932046822982068,0.10335651848207096,50.0,15.0,4,3,10
24,-0.0017902732422731662,-0.008722320065255234,0.006932046822982068,0.10226456394938152,82.0,7.7333,13,2,21
703,-0.001726260827806132,-0.0086583076507882,0.006932046822982068,0.10637946732470466,45.3667,5.0,7,1,12
2421,-0.001684721643514628,-0.008616768466496696,0.006932046822982068,0.1024007638479944,57.25,17.25,4,4,12
285,-0.0016761264468821034,-0.008608173269864171,0.006932046822982068,0.10403837090910341,43.95,13.95,3,3,9
4208,-0.0016261558915154064,-0.008558202714497474,0.006932046822982068,0.11167233437829353,1.3833,0.0,1,0,1
2613,-0.0016259376185554326,-0.0085579844415375,0.006932046822982068,0.10844963629021372,15.0,5.0,1,1,3
1396,-0.0016165072927053778,-0.008548554115687446,0.006932046822982068,0.11155783851701004,7.4833,0.0,1,0,2
1737,-0.0015727965820084176,-0.008504843404990485,0.006932046822982068,0.10844963629021372,15.0,5.0,1,1,3
3737,-0.001567207320323379,-0.008499254143305447,0.006932046822982068,0.10815411550495903,22.0167,5.0,2,1,5
339,-0.0015347105235463563,-0.008466757346528424,0.006932046822982068,0.10244830975297452,64.3834,15.0,6,3,13
4124,-0.0015332582036923182,-0.008465305026674386,0.006932046822982068,0.10210317378460584,55.4667,15.0,6,3,12
4348,-0.0015256479071823837,-0.008457694730164451,0.006932046822982068,0.10817869768322246,24.1833,4.183299999999999,2,1,5
2321,-0.0015078315111835766,-0.008439878334165644,0.006932046822982068,0.10251324691045989,61.2167,15.0,6,3,13
20654,-0.0013981381409412892,-0.008330184963923357,0.006932046822982068,0.11169951492551813,1.6667,0.0,1,0,1
4597,-0.001394589029926758,-0.008326635852908826,0.006932046822982068,0.10733743477176937,28.4667,5.0,4,1,7
1236,-0.0013679378993906996,-0.008299984722372767,0.006932046822982068,0.11169939818634914,6.1,0.0,1,0,2
4018,-0.001345699908655999,-0.008277746731638067,0.006932046822982068,0.10844963629021372,15.0,5.0,1,1,3
1924,-0.0012336550174671954,-0.008165701840449263,0.006932046822982068,0.10844963629021372,15.0,5.0,1,1,3
1435,-0.0012329407321689584,-0.008164987555151026,0.006932046822982068,0.10717905490708243,24.383399999999998,5.0,4,1,6
40,-0.0011108295668312536,-0.008042876389813321,0.006932046822982068,0.10844963629021372,15.0,5.0,1,1,3
4197,-0.0010988023589373975,-0.008030849181919465,0.006932046822982068,0.1079352596124121,25.0,5.0,2,1,5
4644,-0.0010798116726663193,-0.008011858495648387,0.006932046822982068,0.11077711045408335,29.6166,0.0,6,0,7
654,-0.001072407421207548,-0.008004454244189616,0.006932046822982068,0.10679730776549558,39.7833,5.0,6,1,10
2504,-0.0010484957861568263,-0.007980542609138894,0.006932046822982068,0.0835863271253948,183.5333,65.0,12,11,37
4078,-0.0010374884599426348,-0.007969535282924703,0.006932046822982068,0.10898434703518929,13.1833,3.183299999999999,1,1,3
1010,-0.0010326681488181102,-0.007964714971800178,0.006932046822982068,0.09721921842291922,99.0,25.0,10,5,22
1333,-0.0010099323588588982,-0.007941979181840966,0.006932046822982068,0.10759573952350261,27.0166,5.0,3,1,6
4105,-0.0009803456137869515,-0.00791239243676902,0.006932046822982068,0.09894806031343246,83.3667,20.0,10,4,18
10036,-0.0009783095918220281,-0.007910356414804096,0.006932046822982068,0.10844963629021372,15.0,5.0,1,1,3
4509,-0.000952102268398188,-0.007884149091380256,0.006932046822982068,0.11142286746603511,14.5,2.0,2,0,2
3921,-0.0009394740919613344,-0.007871520914943402,0.006932046822982068,0.10800254425315066,24.2833,5.0,2,1,5
3819,-0.0009234012367950349,-0.007855448059777103,0.006932046822982068,0.10844963629021372,15.0,5.0,1,1,3
1247,-0.0008618248994847286,-0.007793871722466796,0.006932046822982068,0.10710538238132523,25.25,5.0,4,1,7
4101,-0.0008541416772710267,-0.0077861885002530945,0.006932046822982068,0.11080165730736823,11.25,0.0,2,0,3
1179,-0.0007478156733735936,-0.007679862496355661,0.006932046822982068,0.10844963629021372,15.0,5.0,1,1,3
1965,-0.0007206224297132248,-0.007652669252695293,0.006932046822982068,0.11160245517771711,7.0832999999999995,0.0,1,0,2
2254,-0.0006891459945783801,-0.007621192817560448,0.006932046822982068,0.10513025512887567,40.4834,10.0,4,2,9
37,-0.0006867829122151128,-0.007618829735197181,0.006932046822982068,0.1118430648553445,3.55,0.0,1,0,1
850,-0.0006833325708944134,-0.007615379393876481,0.006932046822982068,0.10475882412312407,44.5,10.0,5,2,10
190,-0.0006514266203582345,-0.007583473443340302,0.006932046822982068,0.1042868437123469,51.35,10.0,6,2,11
4402,-0.0005825549270380252,-0.007514601750020093,0.006932046822982068,0.08127497561447837,216.5,75.0,15,13,44
4842,-0.0005814881207979947,-0.0075135349437800624,0.006932046822982068,0.11125352146670041,18.95,0.0,3,0,4
4079,-0.000548255570443119,-0.007480302393425187,0.006932046822982068,0.11152861381796647,8.8834,0.0,2,0,3
2909,-0.000539886800974043,-0.007471933623956111,0.006932046822982068,0.10594029123580044,30.0,10.0,2,2,6
71,-0.0005383792685610686,-0.007470426091543136,0.006932046822982068,0.09214565739311473,146.2833,45.0,12,9,30
1978,-0.0005355082599605735,-0.007467555082942641,0.006932046822982068,0.10720253519919945,32.0166,5.0,4,1,7
714,-0.0005331750433897635,-0.007465221866371831,0.006932046822982068,0.10362225259124683,44.4667,12.05,4,3,10
1538,-0.0005281059935679771,-0.007460152816550045,0.006932046822982068,0.10133335612834035,61.7,15.0,7,3,14
1192,-0.0005222336309968611,-0.007454280453978929,0.006932046822982068,0.11143893702677331,8.5334,0.0,2,0,3
901,-0.0005182305189572588,-0.007450277341939327,0.006932046822982068,0.10844963629021372,15.0,5.0,1,1,3
2149,-0.00044486672755748077,-0.0073769135505395485,0.006932046822982068,0.1117683474571644,11.0167,1.0166500000000003,1,0,1
4813,-0.0004335945412974086,-0.007365641364279476,0.006932046822982068,0.11150718594397949,8.85,0.0,2,0,3
3893,-0.00041450822575829754,-0.007346555048740365,0.006932046822982068,0.08915523260890311,183.4334,48.24995,16,11,40
1632,-0.00039179593579044894,-0.007323842758772517,0.006932046822982068,0.10510008820656813,38.6333,10.0,4,2,8
1311,-0.00031975163973283795,-0.007251798462714906,0.006932046822982068,0.1018816382514074,60.0,20.0,4,4,12
106,-0.00030233554778759907,-0.007234382370769667,0.006932046822982068,0.10594029123580044,30.0,10.0,2,2,6
3304,-0.0002985254546520374,-0.007230572277634105,0.006932046822982068,0.10844963629021372,15.0,5.0,1,1,3
3082,-0.0002924641104580456,-0.007224510933440113,0.006932046822982068,0.11167233437829353,1.3833,0.0,1,0,1
4487,-0.0002692247093617423,-0.00720127153234381,0.006932046822982068,0.11120921626039311,10.0,0.0,1,0,2
2723,-0.0002517941338696771,-0.007183840956851745,0.006932046822982068,0.10844963629021372,15.0,5.0,1,1,3
4016,-0.0002383854908096731,-0.007170432313791741,0.006932046822982068,0.10594029123580044,30.0,10.0,2,2,6
2338,-0.00019000720104987018,-0.007122054024031938,0.006932046822982068,0.11162486107273588,9.2,0.0,3,0,3
4993,-0.0001814521633649556,-0.007113498986347023,0.006932046822982068,0.10197441201833132,59.55,19.55,4,4,12
3073,-0.0001797747161247894,-0.007111821539106857,0.006932046822982068,0.11168199886667061,12.0,2.0,1,0,1
4252,-0.00016612634064603823,-0.007098173163628106,0.006932046822982068,0.10844963629021372,15.0,5.0,1,1,3
3725,-0.00013962107112337405,-0.007071667894105442,0.006932046822982068,0.06293171339341026,308.7833,140.0,18,16,62
1449,-0.000122250536676141,-0.007054297359658209,0.006932046822982068,0.1039785014829118,42.8,9.4333,6,2,11
1003,-0.00011883257186162764,-0.007050879394843695,0.006932046822982068,0.10790242915491895,17.3333,5.0,2,1,4
3678,-9.981079529418173e-05,-0.0070318576182762495,0.006932046822982068,0.11149580424854094,8.0,0.0,1,0,2
2482,-6.335127467355182e-05,-0.00699539809765562,0.006932046822982068,0.10335651848207096,50.0,15.0,4,3,10
3996,1.1811137565247848e-05,-0.00692023568541682,0.006932046822982068,0.10260143494861143,56.2167,16.21665,4,4,12
4969,6.246735644413817e-05,-0.00686957946653793,0.006932046822982068,0.10844963629021372,15.0,5.0,1,1,3
2287,7.905782975321709e-05,-0.006852988993228851,0.006932046822982068,0.1117156997248112,6.333399999999999,0.0,2,0,2
1763,9.143679341709794e-05,-0.00684061002956497,0.006932046822982068,0.1037159478898043,45.8667,12.399999999999999,4,3,10
424,0.00011505860925525423,-0.0068169882137268135,0.006932046822982068,0.11173686613153655,2.0833,0.0,1,0,1
1126,0.0001292124209208911,-0.006802834402061177,0.006932046822982068,0.10274103485622725,46.0,15.0,4,3,10
4965,0.00015448283113961032,-0.0067775639918424575,0.006932046822982068,0.09074550177809303,150.3833,29.0333,23,6,39
4578,0.00016220371246134391,-0.006769843110520724,0.006932046822982068,0.11158499830135245,4.0,0.0,2,0,2
4201,0.00017700825833114834,-0.0067550385646509194,0.006932046822982068,0.11131081550730232,15.0,5.0,1,0,1
3568,0.00020126715476425586,-0.006730779668217812,0.006932046822982068,0.10554663425155175,37.4833,10.0,3,2,8
658,0.0002515850543026313,-0.0066804617686794365,0.006932046822982068,0.10452596720171839,34.2833,10.0,4,2,8
1686,0.0002772872878744866,-0.006654759535107581,0.006932046822982068,0.10531027997436006,38.0833,8.5,4,2,9
1064,0.0003118052648609926,-0.006620241558121075,0.006932046822982068,0.09800691560793555,106.5833,20.0,13,4,24
4350,0.00034055668605486276,-0.006591490136927205,0.006932046822982068,0.10734343462384599,31.55,5.0,4,1,8
1645,0.0003792442585526957,-0.006552802564429372,0.006932046822982068,0.10101763290860731,69.2666,18.95,6,4,15
3821,0.00038421688978836684,-0.006547829933193701,0.006932046822982068,0.09957712539566493,84.35,25.0,6,5,17
1116,0.0004577579733514789,-0.006474288849630589,0.006932046822982068,0.09513591006917267,128.6666,34.43325,10,8,27
1357,0.0004704654095735207,-0.006461581413408547,0.006932046822982068,0.09689278352900385,110.9333,30.0,9,6,23
1453,0.00048022157493417695,-0.006451825248047891,0.006932046822982068,0.10540269119756786,52.9833,6.633299999999998,6,2,13
204,0.0004973989665750696,-0.006434647856406998,0.006932046822982068,0.10594029123580044,30.0,10.0,2,2,6
3552,0.0005013485733570151,-0.006430698249625053,0.006932046822982068,0.1116556662127007,6.5667,0.0,1,0,2
4334,0.0005120083616992482,-0.0064200384612828195,0.006932046822982068,0.10594029123580044,30.0,10.0,2,2,6
220,0.0005168886288718748,-0.006415158194110193,0.006932046822982068,0.10844963629021372,15.0,5.0,1,1,3
9,0.0005562784655375238,-0.006375768357444544,0.006932046822982068,0.09921091081903939,77.3167,25.0,6,5,16
1862,0.0005783823989127862,-0.006353664424069282,0.006932046822982068,0.11167829260233167,5.4,0.0,2,0,2
2628,0.000586395763542749,-0.006345651059439319,0.006932046822982068,0.08396556810350952,173.4666,61.1833,12,11,36
21388,0.000590476479553714,-0.006341570343428354,0.006932046822982068,0.11182986188707121,3.3333,0.0,1,0,1
3006,0.0005941595440356493,-0.006337887278946418,0.006932046822982068,0.10470649020671201,47.7,10.0,5,2,11
2835,0.0006010602100877498,-0.006330986612894318,0.006932046822982068,0.10059040648758104,79.95,18.9833,7,4,17
1266,0.0006052987358311198,-0.006326748087150948,0.006932046822982068,0.10720426845851075,28.45,5.0,5,1,7
2630,0.0006240057729791082,-0.00630804105000296,0.006932046822982068,0.10778250969530688,29.1667,5.0,3,1,6
2008,0.0006304703631392437,-0.006301576459842824,0.006932046822982068,0.10594029123580044,30.0,10.0,2,2,6
2025,0.0006449492832956878,-0.00628709753968638,0.006932046822982068,0.09807598566859065,81.4332,20.0,11,4,19
4535,0.0006563299281767652,-0.0062757168948053025,0.006932046822982068,0.10285039489958926,62.9666,15.0,5,3,13
659,0.0006601545772975713,-0.0062718922456844965,0.006932046822982068,0.11109673146642587,14.35,0.0,2,0,3
1142,0.0006643680646750798,-0.006267678758306988,0.006932046822982068,0.10600484635635593,29.75,9.75,2,2,6
712,0.0006828159000636597,-0.006249230922918408,0.006932046822982068,0.10489626860549034,42.1333,10.0,4,2,9
3425,0.0006849610060494253,-0.0062470858169326425,0.006932046822982068,0.09941580170011931,78.65,25.0,6,5,16
3593,0.0007844165460416412,-0.006147630276940427,0.006932046822982068,0.10473036705474671,34.2834,9.55,4,2,8
2701,0.0008737493379192898,-0.006058297485062778,0.006932046822982068,0.09266451725973217,142.8667,36.86665,14,8,31
1226,0.0009033603755978911,-0.006028686447384177,0.006932046822982068,0.10844963629021372,15.0,5.0,1,1,3
4689,0.0009292894329047648,-0.006002757390077303,0.006932046822982068,0.10802722727188738,18.2833,5.0,2,1,4
2563,0.0010186088784150463,-0.0059134379445670215,0.006932046822982068,0.10478166095057724,42.7,10.0,4,2,9
4053,0.0010413909655890667,-0.005890655857393001,0.006932046822982068,0.10374162835966765,68.3666,10.0,7,2,14
2681,0.001049307952528773,-0.005882738870453295,0.006932046822982068,0.10810347237384664,18.9333,5.0,2,1,4
2329,0.0010775342247502226,-0.005854512598231845,0.006932046822982068,0.1089091237402575,13.45,3.4499999999999993,1,1,3
3611,0.0011240158213411885,-0.005808031001640879,0.006932046822982068,0.08141580209420582,200.8498,46.9333,22,8,46
173,0.0011411908125081192,-0.005790856010473949,0.006932046822982068,0.11130038138679915,9.416699999999999,0.0,1,0,2
1317,0.0011513017032854667,-0.005780745119696601,0.006932046822982068,0.10770194652992593,21.6834,5.0,3,1,5
1486,0.0011700607848219285,-0.005761986038160139,0.006932046822982068,0.10798523071772641,17.95,5.0,2,1,4
124,0.0012028985742634233,-0.0057291482487186445,0.006932046822982068,0.11173342596575532,6.4,0.0,2,0,2
3069,0.001252278171896594,-0.005679768651085474,0.006932046822982068,0.1078883750844071,17.2333,5.0,2,1,4
3363,0.0012719259903739679,-0.0056601208326081,0.006932046822982068,0.1114652066057214,11.6667,0.0,2,0,3
2278,0.001289156077836486,-0.005642890745145582,0.006932046822982068,0.10676344909732885,26.45,6.449999999999999,2,2,6
4856,0.0013175489833336645,-0.005614497839648403,0.006932046822982068,0.10072403912289431,71.4834,20.0,6,4,15
3559,0.0013389620031657602,-0.005593084819816308,0.006932046822982068,0.11147045735399007,8.2,0.0,1,0,2
3677,0.0013468260855836883,-0.0055852207373983795,0.006932046822982068,0.11160961474680978,7.0167,0.0,1,0,2
896,0.0013470754469395753,-0.0055849713760424925,0.006932046822982068,0.10286066301853297,61.7667,15.0,5,3,13
4918,0.001375448792682493,-0.005556598030299575,0.006932046822982068,0.06640025087574743,244.3668,79.5667,23,8,56
1074,0.0013867953696139216,-0.005545251453368146,0.006932046822982068,0.10815530429085858,19.4167,5.0,2,1,4
4620,0.001394599623537416,-0.005537447199444652,0.006932046822982068,0.11149580424854094,8.0,0.0,1,0,2
1993,0.0014050951322523387,-0.005526951690729729,0.006932046822982068,0.09486094131378989,116.9333,26.0333,14,6,27
3536,0.001425665599708751,-0.005506381223273317,0.006932046822982068,0.10486553021516833,43.6167,8.9333,5,2,10
3484,0.0015039676025644872,-0.005428079220417581,0.006932046822982068,0.09593103096208616,107.6,29.36665,10,6,23
1828,0.0015416367714221812,-0.0053904100515598866,0.006932046822982068,0.10594029123580044,30.0,10.0,2,2,6
5068,0.0015454903339249797,-0.005386556489057088,0.006932046822982068,0.10844963629021372,15.0,5.0,1,1,3
1031,0.0015784908226473254,-0.005353556000334742,0.006932046822982068,0.11148900928862285,16.8834,0.0,3,0,4
3610,0.0016088583746374603,-0.0053231884483446075,0.006932046822982068,0.11140795172474688,8.5,0.0,2,0,3
2721,0.0016304963830141997,-0.005301550439967868,0.006932046822982068,0.11142431970471448,8.55,0.0,1,0,2
213,0.0016322818615140521,-0.005299764961468016,0.006932046822982068,0.1117072417069185,1.75,0.0,1,0,1
5025,0.0016371300490391968,-0.005294916773942871,0.006932046822982068,0.11120921626039311,10.0,0.0,1,0,2
3770,0.001652500103661087,-0.005279546719320981,0.006932046822982068,0.08428799090811907,153.1166,51.7333,12,9,33
2698,0.001661296357602272,-0.005270750465379796,0.006932046822982068,0.11161314202272177,6.9833,0.0,1,0,2
463,0.0016907515757278637,-0.005241295247254204,0.006932046822982068,0.11185351266296324,9.75,0.0,1,0,1
3804,0.0016916745622393417,-0.005240372260742726,0.006932046822982068,0.10193377891175986,58.5833,15.0,6,3,13
3839,0.001766347826157041,-0.005165698996825027,0.006932046822982068,0.05762740263693067,338.65,150.36655,22,15,72
264,0.0017943454948358174,-0.00513770132814625,0.006932046822982068,0.11131287753195535,9.333300000000001,0.0,1,0,2
3228,0.0017969786257789767,-0.005135068197203091,0.006932046822982068,0.10551815950696021,38.3167,10.0,3,2,8
3480,0.0018044530188486797,-0.005127593804133388,0.006932046822982068,0.09232847840451375,153.0,45.0,12,9,31
1042,0.0018581592204641884,-0.005073887602517879,0.006932046822982068,0.10765708347159082,31.6833,5.0,3,1,7
77,0.001861659762370788,-0.00507038706061128,0.006932046822982068,0.10596193497990514,29.9167,9.916649999999999,2,2,6
4888,0.0018666977829867497,-0.005065349039995318,0.006932046822982068,0.09844856295213325,93.0166,25.0,8,5,19
3090,0.001883020282710271,-0.005049026540271797,0.006932046822982068,0.10162858887688712,54.8168,13.166649999999999,7,3,14
2477,0.001906194855462312,-0.005025851967519756,0.006932046822982068,0.1116187300862985,5.1,0.0,2,0,2
2356,0.0019279657754232874,-0.00500408104755878,0.006932046822982068,0.11073216278562517,28.3833,2.4499999999999993,5,0,5
1090,0.0019342140886162455,-0.004997832734365822,0.006932046822982068,0.11102144525118907,13.35,0.0,2,0,3
3181,0.001951462372059014,-0.004980584450923054,0.006932046822982068,0.11046475438640711,23.4334,0.0,4,0,6
4346,0.001984599517836903,-0.004947447305145165,0.006932046822982068,0.10244477951837702,68.95,15.0,6,3,14
4113,0.002056979284419974,-0.004875067538562094,0.006932046822982068,0.1071455765601316,32.2167,5.0,4,1,8
1729,0.0020883704746572423,-0.0048436763483248255,0.006932046822982068,0.10520654653366368,32.35,10.0,3,2,7
177,0.002095281205304683,-0.004836765617677385,0.006932046822982068,0.11120921626039311,10.0,0.0,1,0,2
3041,0.0020957019302696367,-0.004836344892712431,0.006932046822982068,0.10257285784390274,67.7,15.0,6,3,15
1310,0.0021198302836928458,-0.004812216539289222,0.006932046822982068,0.08457464681749573,167.3167,55.0,12,9,34
1848,0.0021452074006553115,-0.004786839422326756,0.006932046822982068,0.11186451122499733,9.25,0.0,2,0,2
5054,0.0021683564002396277,-0.00476369042274244,0.006932046822982068,0.10380474596768878,45.0,15.0,3,3,9
1091,0.0022808357405705694,-0.004651211082411498,0.006932046822982068,0.10844963629021372,15.0,5.0,1,1,3
2842,0.0022940309190293134,-0.004638015903952754,0.006932046822982068,0.10547714861035148,34.25,10.0,3,2,7
4217,0.0022965907111886777,-0.00463545611179339,0.006932046822982068,0.11142832157144264,12.8167,0.0,2,0,3
17107,0.002343676878419937,-0.004588369944562131,0.006932046822982068,0.10844963629021372,15.0,5.0,1,1,3
3504,0.0023926374223305217,-0.004539409400651546,0.006932046822982068,0.10572795470778623,34.15,9.316650000000001,3,2,7
1146,0.0024047548213294283,-0.004527292001652639,0.006932046822982068,0.11120921626039311,10.0,0.0,1,0,2
415,0.002415470846744942,-0.004516575976237126,0.006932046822982068,0.07137700481501832,201.6,77.6166,16,9,44
3267,0.0024293821222627215,-0.004502664700719346,0.006932046822982068,0.10528860389817002,32.8833,10.0,3,2,7
4424,0.0024359792482636852,-0.0044960675747183826,0.006932046822982068,0.09390988387187975,137.9167,32.083299999999994,14,7,30
4275,0.002439701316728708,-0.0044923455062533596,0.006932046822982068,0.10594029123580044,30.0,10.0,2,2,6
2428,0.002444776012165294,-0.004487270810816774,0.006932046822982068,0.11143773276571178,8.45,0.0,1,0,2
4135,0.0024531383097873907,-0.004478908513194677,0.006932046822982068,0.10844963629021372,15.0,5.0,1,1,3
1380,0.002468043616206287,-0.004464003206775781,0.006932046822982068,0.11143272727920393,18.0,0.0,2,0,3
833,0.0024840074903316137,-0.004448039332650454,0.006932046822982068,0.11149580424854094,8.0,0.0,1,0,2
1306,0.002488202373003,-0.004443844449979068,0.006932046822982068,0.11168578655300901,6.25,0.0,1,0,2
4266,0.0024905659450885163,-0.0044414808778935515,0.006932046822982068,0.11184981520400487,3.6667,0.0,1,0,1
5064,0.002493040041097793,-0.004439006781884275,0.006932046822982068,0.11182880181706692,3.3167,0.0,1,0,1
4672,0.0026202170479808357,-0.004311829775001232,0.006932046822982068,0.10930008719187206,12.0167,2.0166500000000003,1,1,3
498,0.002622532820821679,-0.004309514002160389,0.006932046822982068,0.10857631308574568,20.8167,1.2833000000000006,3,1,6
1198,0.0026417010413043937,-0.004290345781677674,0.006932046822982068,0.11161491904488795,6.9666999999999994,0.0,1,0,2
1795,0.0026423565122079508,-0.004289690310774117,0.006932046822982068,0.10702896733778493,28.7333,5.0,4,1,7
2217,0.0026426047234306554,-0.004289442099551412,0.006932046822982068,0.11177492320725674,2.55,0.0,1,0,1
1427,0.002649966834628435,-0.004282079988353633,0.006932046822982068,0.0917549651696721,151.85,44.09995,13,9,32
1197,0.002655793784078116,-0.004276253038903952,0.006932046822982068,0.10332293729472147,53.8,15.0,4,3,11
2703,0.002674986154018456,-0.004257060668963612,0.006932046822982068,0.11186684021152886,9.5,0.0,1,0,1
4080,0.00268242963175668,-0.004249617191225388,0.006932046822982068,0.10333144402605787,45.1834,13.166649999999999,4,3,10
1573,0.0026828336320518197,-0.004249213190930248,0.006932046822982068,0.10507408222650527,46.5,10.0,4,2,10
5056,0.0027124601718043553,-0.0042195866511777124,0.006932046822982068,0.11188361026817445,4.3333,0.0,1,0,1
4836,0.002775842006419744,-0.004156204816562324,0.006932046822982068,0.1086456793977874,18.55,3.5833000000000013,2,1,4
3837,0.0027938118184978314,-0.004138235004484236,0.006932046822982068,0.10447771450968582,41.7167,11.71665,3,3,9
1692,0.0027956633849610035,-0.004136383438021064,0.006932046822982068,0.11134239862352958,9.1333,0.0,1,0,2
2906,0.0027964093295851297,-0.004135637493396938,0.006932046822982068,0.11120921626039311,10.0,0.0,1,0,2
2274,0.002816083525562385,-0.004115963297419683,0.006932046822982068,0.11143551897061404,8.4667,0.0,1,0,2
2565,0.002828165758885665,-0.004103881064096403,0.006932046822982068,0.11166061724665574,12.2167,2.2166499999999996,1,0,1
737,0.0028380363934116604,-0.004094010429570407,0.006932046822982068,0.10594029123580044,30.0,10.0,2,2,6
4533,0.0028870104619896225,-0.004045036360992445,0.006932046822982068,0.09093821353179032,156.9,40.0,16,8,34
2032,0.002924977932140053,-0.004007068890842015,0.006932046822982068,0.1117569162694032,7.2333,0.0,2,0,2
2647,0.00296150913293203,-0.003970537690050038,0.006932046822982068,0.11125648945693714,14.45,0.0,2,0,4
925,0.003001974869784393,-0.003930071953197675,0.006932046822982068,0.10380474596768878,45.0,15.0,3,3,9
4803,0.003045763249111134,-0.0038862835738709338,0.006932046822982068,0.111428820186321,8.5167,0.0,1,0,2
2185,0.0030850366371611235,-0.0038470101858209442,0.006932046822982068,0.09699003396187741,101.8833,30.0,8,6,21
2936,0.0031071752247968805,-0.0038248715981851872,0.006932046822982068,0.07849108253201592,115.8833,50.0,7,4,24
2696,0.0031161369380007316,-0.003815909884981336,0.006932046822982068,0.11190117275178992,4.7667,0.0,1,0,1
3298,0.003155787918412869,-0.003776258904569199,0.006932046822982068,0.10844963629021372,15.0,5.0,1,1,3
3111,0.0031746215438567087,-0.003757425279125359,0.006932046822982068,0.10319362688885222,52.9666,12.9666,4,4,12
4798,0.0031846416899073407,-0.003747405133074727,0.006932046822982068,0.10651890677687505,26.05,4.383299999999998,3,2,7
4503,0.003187475957378827,-0.0037445708656032406,0.006932046822982068,0.10816214333864897,19.4833,5.0,2,1,4
3224,0.0031981500502845854,-0.0037338967726974824,0.006932046822982068,0.09976175121783765,75.6,16.24995,9,4,18
1474,0.003233609085710678,-0.00369843773727139,0.006932046822982068,0.10766187670644843,31.7,5.0,3,1,7
4405,0.003241146986497271,-0.003690899836484797,0.006932046822982068,0.11166856823122145,6.4333,0.0,1,0,2
343,0.0032678616422459577,-0.00366418518073611,0.006932046822982068,0.1077062411031724,31.583399999999997,5.0,3,1,7
1363,0.0032752606939085473,-0.0036567861290735205,0.006932046822982068,0.107832254546094,23.05,5.0,3,1,5
882,0.003323870625249475,-0.0036081761977325927,0.006932046822982068,0.09691185932832358,113.9167,30.0,9,6,23
4188,0.003341272982332097,-0.003590773840649971,0.006932046822982068,0.10117465122392139,70.6833,18.4333,6,4,15
3458,0.0034052838762310155,-0.0035267629467510522,0.006932046822982068,0.10844963629021372,15.0,5.0,1,1,3
3462,0.0034596770711524723,-0.0034723697518295954,0.006932046822982068,0.10594029123580044,30.0,10.0,2,2,6
800,0.0034686524490645763,-0.0034633943739174914,0.006932046822982068,0.10548345054773264,34.3,10.0,3,2,7
3941,0.0035248452771865684,-0.0034072015457954994,0.006932046822982068,0.11084022139556937,12.7501,0.0,3,0,4
3152,0.0035743983484635886,-0.003357648474518479,0.006932046822982068,0.11183803314872448,10.0167,0.016650000000000276,1,0,1
275,0.00360456289511041,-0.003327483927871658,0.006932046822982068,0.10675138139218496,24.1499,5.0,5,1,7
2451,0.00363285420640162,-0.003299192616580448,0.006932046822982068,0.07644799362232381,217.6334,79.85,15,12,44
519,0.003650713071988205,-0.0032813337509938626,0.006932046822982068,0.10595669128172598,56.9,5.0,7,1,13
4099,0.003671288842368049,-0.003260757980614019,0.006932046822982068,0.1077445414619724,22.1167,5.0,3,1,5
4333,0.003680142083906331,-0.0032519047390757367,0.006932046822982068,0.1118430648553445,3.55,0.0,1,0,1
2303,0.0037064515370960572,-0.0032255952858860105,0.006932046822982068,0.1113786303092275,12.2333,0.0,2,0,3
3846,0.0037097681437549203,-0.0032222786792271475,0.006932046822982068,0.10251909104475065,67.4833,10.0,11,2,18
1612,0.0037172558171972648,-0.003214791005784803,0.006932046822982068,0.10604958654116461,28.3,6.2833000000000006,3,2,7
3171,0.0037715419542677115,-0.0031605048687143563,0.006932046822982068,0.10691550810006825,39.4667,5.0,5,1,9
3396,0.0037933957367682174,-0.0031386510862138504,0.006932046822982068,0.10549607269741668,38.8,10.0,3,2,8
3375,0.0037959049489381795,-0.0031361418740438883,0.006932046822982068,0.11170530576645381,6.0333000000000006,0.0,1,0,2
397,0.0038154447909588564,-0.0031166020320232113,0.006932046822982068,0.0941876621973732,131.7332,36.1833,11,8,28
2327,0.003828932870727767,-0.003103113952254301,0.006932046822982068,0.1116857185002488,5.5167,0.0,2,0,2
4093,0.0038592775553708053,-0.0030727692676112625,0.006932046822982068,0.11187271278137392,4.1,0.0,1,0,1
330,0.0038643183744336515,-0.0030677284485484163,0.006932046822982068,0.11121118495945277,13.05,0.34999999999999964,3,0,3
3183,0.003868866107223447,-0.0030631807157586208,0.006932046822982068,0.10844963629021372,15.0,5.0,1,1,3
2165,0.0038730479086288355,-0.0030589989143532323,0.006932046822982068,0.11168199886667061,12.0,2.0,1,0,1
2382,0.003991201638984818,-0.00294084518399725,0.006932046822982068,0.11153756785195129,9.45,0.0,2,0,3
440,0.004017941668139858,-0.002914105154842209,0.006932046822982068,0.11177876541421597,2.6,0.0,1,0,1
4340,0.004045131747549526,-0.002886915075432542,0.006932046822982068,0.08930199807877381,175.3833,46.2333,17,10,39
1779,0.004081462711741703,-0.0028505841112403648,0.006932046822982068,0.11185263326041771,3.7167,0.0,1,0,1
2483,0.004164304091821414,-0.002767742731160654,0.006932046822982068,0.11146967019523478,25.0833,0.0,3,0,4
2740,0.004284454754255814,-0.0026475920687262537,0.006932046822982068,0.10065402030953412,67.6667,20.0,6,4,14
881,0.00431273346528197,-0.0026193133577000977,0.006932046822982068,0.11004601694999211,43.5334,5.816649999999999,9,0,9
683,0.004356001345372683,-0.002576045477609385,0.006932046822982068,0.0853907256348849,152.6333,49.9833,11,9,32
3329,0.004380628131890681,-0.002551418691091387,0.006932046822982068,0.10870436579389132,13.3667,1.8999999999999986,2,1,4
178,0.004388284268025041,-0.0025437625549570267,0.006932046822982068,0.10821234718503372,20.0,5.0,2,1,4
2280,0.0043965239572859955,-0.0025355228656960722,0.006932046822982068,0.10261094171238752,58.7,14.2833,6,3,13
5079,0.004399894151908218,-0.00253215267107385,0.006932046822982068,0.11174394320827198,2.1667,0.0,1,0,1
4603,0.004424985511849737,-0.002507061311132331,0.006932046822982068,0.11183298618657339,3.3833,0.0,1,0,1
1698,0.004426039429642328,-0.0025060073933397395,0.006932046822982068,0.11120921626039311,10.0,0.0,1,0,2
3775,0.004476082377314108,-0.0024559644456679597,0.006932046822982068,0.10733874930672367,35.4,5.0,4,1,8
1718,0.0044819434686039755,-0.0024501033543780928,0.006932046822982068,0.11166376423762336,6.4833,0.0,1,0,2
4707,0.004485277798109734,-0.002446769024872334,0.006932046822982068,0.11149545269712156,22.7334,0.0,6,0,6
4196,0.004503901529270387,-0.00242814529371168,0.006932046822982068,0.10844963629021372,15.0,5.0,1,1,3
547,0.004506110088355875,-0.0024259367346261924,0.006932046822982068,0.10334081998770651,53.1667,15.0,4,3,11
61,0.00452992206196259,-0.002402124761019478,0.006932046822982068,0.10458579387195288,41.2667,10.0,4,2,9
2241,0.004588205638052997,-0.00234384118492907,0.006932046822982068,0.10335651848207096,50.0,15.0,4,3,10
2089,0.004624757890891001,-0.002307288932091067,0.006932046822982068,0.1018816382514074,60.0,20.0,4,4,12
3538,0.004683337514386784,-0.002248709308595284,0.006932046822982068,0.10820769635772798,19.95,5.0,2,1,4
596,0.004688823634268462,-0.0022432231887136054,0.006932046822982068,0.10807861722063138,23.3167,5.0,2,1,5
4611,0.004695372158534729,-0.0022366746644473384,0.006932046822982068,0.09582591218878397,110.8166,30.0,10,6,24
2542,0.004706299917125255,-0.0022257469058568134,0.006932046822982068,0.11136969105202817,18.0167,0.0,4,0,5
3474,0.004719023558515136,-0.002213023264466932,0.006932046822982068,0.10736897105953405,34.95,5.0,4,1,8
1891,0.0047426730027287905,-0.0021893738202532773,0.006932046822982068,0.10815359244857808,19.4,5.0,2,1,4
1576,0.004832082997833232,-0.002099963825148835,0.006932046822982068,0.11192180537786614,8.0333,0.0,1,0,1
2142,0.004834498233547666,-0.0020975485894344018,0.006932046822982068,0.10891416952717232,17.6667,2.666649999999999,2,1,4
391,0.004867415928359981,-0.0020646308946220865,0.006932046822982068,0.11179967860901575,2.8833,0.0,1,0,1
812,0.004877903685248419,-0.0020541431377336487,0.006932046822982068,0.10887105918688934,13.5833,3.5833000000000013,1,1,3
2027,0.004915100738346735,-0.002016946084635333,0.006932046822982068,0.11184785957751679,9.85,0.0,1,0,1
134,0.004916061749283213,-0.002015985073698855,0.006932046822982068,0.10805940188742588,18.55,5.0,2,1,4
4951,0.004925566032190411,-0.0020064807907916567,0.006932046822982068,0.11057160300001666,20.0,0.0,2,0,4
4133,0.004961672071417538,-0.00197037475156453,0.006932046822982068,0.081738782519399,211.2167,74.65,14,13,43
1878,0.005011045971454941,-0.0019210008515271263,0.006932046822982068,0.10023868021349198,74.3,24.3,5,5,15
3264,0.005016894792173336,-0.0019151520308087323,0.006932046822982068,0.10844963629021372,15.0,5.0,1,1,3
1221,0.0050693153512064906,-0.0018627314717755768,0.006932046822982068,0.1117604387867717,2.3667,0.0,1,0,1
899,0.005076301402699429,-0.001855745420282639,0.006932046822982068,0.10979674899486878,38.4499,3.2833500000000004,8,0,8
5076,0.005079712485232044,-0.0018523343377500239,0.006932046822982068,0.10844963629021372,15.0,5.0,1,1,3
2083,0.005089557910483562,-0.0018424889124985064,0.006932046822982068,0.11148403142761779,7.4666,0.0,3,0,3
2263,0.005105541512662803,-0.0018265053103192653,0.006932046822982068,0.07773925546453075,202.8167,69.54995,14,12,43
4022,0.005117005481953302,-0.0018150413410287657,0.006932046822982068,0.11171920636594837,6.15,0.0,2,0,2
2332,0.005204821499208968,-0.0017272253237731003,0.006932046822982068,0.09589595896348324,114.2333,28.26665,11,6,25
4830,0.0052320803311160765,-0.0016999664918659913,0.006932046822982068,0.10089653493504602,73.1667,20.0,6,4,15
3463,0.005265242431589765,-0.0016668043913923031,0.006932046822982068,0.0964127799757247,105.45,30.0,9,6,22
4470,0.0052837340926831355,-0.0016483127302989325,0.006932046822982068,0.10594029123580044,30.0,10.0,2,2,6
536,0.005390546750895373,-0.0015415000720866944,0.006932046822982068,0.08101630060227412,123.7834,50.0,9,6,26
4499,0.005397011077391613,-0.0015350357455904547,0.006932046822982068,0.10547184636728549,39.25,10.0,3,2,8
3723,0.005424298793722253,-0.0015077480292598148,0.006932046822982068,0.11142462756524732,11.4333,0.0,2,0,3
1276,0.005425304259733783,-0.001506742563248285,0.006932046822982068,0.09686705691596176,110.7167,23.21665,11,6,26
4069,0.0054297043566835955,-0.0015023424662984725,0.006932046822982068,0.05917112865397564,316.2,129.1,24,13,68
2905,0.005464425281955716,-0.001467621541026352,0.006932046822982068,0.07339339230856583,246.1334,84.94995,19,13,53
2732,0.005486426790260311,-0.0014456200327217562,0.006932046822982068,0.11183394985971853,10.0833,0.08334999999999937,1,0,1
86,0.005521948198663518,-0.001410098624318549,0.006932046822982068,0.10771923774781274,31.2167,5.0,3,1,7
2788,0.005539753104690403,-0.0013922937182916648,0.006932046822982068,0.11091501191312114,17.45,0.0,2,0,4
3813,0.005540988679915093,-0.0013910581430669742,0.006932046822982068,0.11155440847022301,9.7166,0.0,2,0,3
4771,0.005557186155606252,-0.0013748606673758153,0.006932046822982068,0.07245458389273848,194.4,75.6833,14,9,42
1822,0.005572499115808808,-0.00135954770717326,0.006932046822982068,0.10335203655143092,51.0667,15.0,4,3,11
1706,0.005581886959637775,-0.0013501598633442926,0.006932046822982068,0.10091571401109388,76.6833,20.0,6,4,16
3423,0.005593946492435933,-0.0013381003305461348,0.006932046822982068,0.09300695016690094,136.48329999999999,45.0,10,9,28
2819,0.005598049461280461,-0.0013339973617016066,0.006932046822982068,0.102932243243521,60.3833,15.0,5,3,13
3722,0.005625351627708134,-0.0013066951952739332,0.006932046822982068,0.10139261763606558,67.2333,20.0,5,4,14
2953,0.005642598110180816,-0.0012894487128012515,0.006932046822982068,0.1013413269641635,58.2666,13.4333,8,3,14
4494,0.005669601298516617,-0.001262445524465451,0.006932046822982068,0.11190919852956766,5.0,0.0,1,0,1
1667,0.005670045562501933,-0.0012620012604801342,0.006932046822982068,0.11131538544741218,9.3167,0.0,1,0,2
233,0.005691208222049509,-0.0012408386009325595,0.006932046822982068,0.10783187676115441,22.8833,5.0,3,1,5
4381,0.005691215419438109,-0.0012408314035439588,0.006932046822982068,0.11168047062852239,1.4667,0.0,1,0,1
801,0.005770350248999736,-0.001161696573982331,0.006932046822982068,0.11131814937323199,9.35,0.0,2,0,3
2031,0.005775903194273507,-0.0011561436287085608,0.006932046822982068,0.1118900405429507,9.0,0.0,1,0,1
4441,0.005797172822216093,-0.001134874000765975,0.006932046822982068,0.11192933706845469,7.6667,0.0,1,0,1
2515,0.005826488453448669,-0.0011055583695333989,0.006932046822982068,0.10733543688126844,27.25,5.0,4,1,7
286,0.005849813483443459,-0.0010822333395386092,0.006932046822982068,0.10504655663882839,44.7167,10.0,4,2,9
2228,0.005895058700847628,-0.0010369881221344397,0.006932046822982068,0.11155409460394883,11.3333,0.0,2,0,3
3405,0.005919527807074061,-0.0010125190159080064,0.006932046822982068,0.10844963629021372,15.0,5.0,1,1,3
4665,0.0059458684979011725,-0.000986178325080895,0.006932046822982068,0.11183707642753915,3.45,0.0,1,0,1
1026,0.005952110249067102,-0.000979936573914966,0.006932046822982068,0.11189869806997296,4.7,0.0,1,0,1
410,0.005969752266340976,-0.0009622945566410916,0.006932046822982068,0.11193147081086452,5.95,0.0,1,0,1
1429,0.005988727517804911,-0.0009433193051771567,0.006932046822982068,0.11190919852956766,5.0,0.0,1,0,1
5032,0.006003495479932678,-0.0009285513430493896,0.006932046822982068,0.11100185895001284,16.0833,0.0,2,0,4
1331,0.006019254504249704,-0.0009127923187323636,0.006932046822982068,0.1018816382514074,60.0,20.0,4,4,12
2929,0.00606469600434678,-0.0008673508186352877,0.006932046822982068,0.1088615419863128,13.6167,3.61665,1,1,3
2333,0.006068789212900157,-0.0008632576100819107,0.006932046822982068,0.11102978148759747,25.3,0.0,4,0,6
1592,0.006071685630146897,-0.0008603611928351706,0.006932046822982068,0.11192373657435065,7.95,0.0,1,0,1
1703,0.006092097281447931,-0.0008399495415341369,0.006932046822982068,0.10781418987832171,25.15,5.0,3,1,6
4715,0.006102687166756458,-0.0008293596562256091,0.006932046822982068,0.11190919852956766,5.0,0.0,1,0,1
209,0.00611651527284952,-0.0008155315501325479,0.006932046822982068,0.11147508368226611,11.8333,0.3833500000000001,2,0,2
4214,0.0061291601007967735,-0.0008028867221852946,0.006932046822982068,0.11175710482730743,7.4166,0.0,2,0,2
4726,0.0061433081774529,-0.0007887386455291676,0.006932046822982068,0.10265787293318793,57.25,15.0,5,3,12
1284,0.00616508541574748,-0.0007669614072345882,0.006932046822982068,0.10327157063346258,54.9833,15.0,4,3,11
1977,0.006189192886424322,-0.000742853936557746,0.006932046822982068,0.1117960957409987,2.8333,0.0,1,0,1
4112,0.006214139209791718,-0.0007179076131903492,0.006932046822982068,0.11187107120030083,4.0667,0.0,1,0,1
1681,0.006229991900205272,-0.0007020549227767958,0.006932046822982068,0.1119081117416841,4.9667,0.0,1,0,1
1153,0.006230502863936846,-0.0007015439590452217,0.006932046822982068,0.11184791860920613,3.6333,0.0,1,0,1
2046,0.006232787190325229,-0.0006992596326568391,0.006932046822982068,0.11189742617264839,4.6667,0.0,1,0,1
887,0.006244665300937018,-0.0006873815220450499,0.006932046822982068,0.10380474596768878,45.0,15.0,3,3,9
1827,0.0063057915307601475,-0.0006262552922219201,0.006932046822982068,0.10625325035771008,28.75,8.75,2,2,6
292,0.006322305914229607,-0.0006097409087524607,0.006932046822982068,0.10844963629021372,15.0,5.0,1,1,3
4154,0.006339949859177726,-0.0005920969638043419,0.006932046822982068,0.11178631264613187,2.7,0.0,1,0,1
1791,0.006366666652852667,-0.0005653801701294011,0.006932046822982068,0.11193304323141257,7.4167,0.0,1,0,1
3005,0.00637022133730811,-0.0005618254856739577,0.006932046822982068,0.10249858099023798,56.65,16.65,4,4,12
2289,0.00637937452325017,-0.0005526722997318978,0.006932046822982068,0.07125600883681592,223.95,94.5667,15,12,46
169,0.006385182850500075,-0.0005468639724819923,0.006932046822982068,0.06082181505163913,330.1834,153.71665,18,17,68
472,0.006403903387732372,-0.0005281434352496959,0.006932046822982068,0.11168731377172775,6.2333,0.0,1,0,2
1801,0.00641709552003663,-0.0005149513029454378,0.006932046822982068,0.10933041850252889,11.9,1.8999999999999986,1,1,3
2987,0.006417716640011149,-0.0005143301829709194,0.006932046822982068,0.10041674995810984,73.2833,23.2833,5,5,15
1911,0.0064221875715977815,-0.0005098592513842866,0.006932046822982068,0.10137957866990473,68.6333,20.0,5,4,14
3287,0.006458908794632839,-0.0004731380283492286,0.006932046822982068,0.09743385698196479,105.4333,25.0,10,5,23
5000,0.0064663461553336465,-0.00046570066764842113,0.006932046822982068,0.10808461876488219,18.7667,5.0,2,1,4
2425,0.006477359141839825,-0.0004546876811422433,0.006932046822982068,0.11192375956866259,5.5333,0.0,1,0,1
3786,0.006487562572214847,-0.00044448425076722056,0.006932046822982068,0.08589307440035807,117.3167,30.0,14,4,27
1497,0.0064918514418337665,-0.00044019538114830107,0.006932046822982068,0.10335598570975335,52.05,15.0,4,3,11
4207,0.006506426415282291,-0.0004256204076997768,0.006932046822982068,0.11172964541442051,2.0,0.0,1,0,1
406,0.006517789388217115,-0.00041425743476495235,0.006932046822982068,0.11153413291403712,11.5833,0.0,2,0,3
1033,0.006528050205898981,-0.0004039966170830871,0.006932046822982068,0.111412992179233,8.6333,0.0,1,0,2
4075,0.006533597647475566,-0.000398449175506502,0.006932046822982068,0.10394446235961183,50.0833,10.0,6,2,11
2908,0.00656472536855417,-0.0003673214544278975,0.006932046822982068,0.11190866096656571,4.9833,0.0,1,0,1
848,0.006607457347391662,-0.000324589475590406,0.006932046822982068,0.10796284333090726,26.65,5.0,3,1,6
1761,0.006627674982639412,-0.000304371840342656,0.006932046822982068,0.100474724812732,72.9333,22.9333,5,5,15
748,0.006630426719609551,-0.00030162010337251736,0.006932046822982068,0.10417094502306778,43.35,13.34995,3,3,9
4867,0.006648369934489986,-0.0002836768884920819,0.006932046822982068,0.09971289191917462,84.3333,20.0,8,4,19
4986,0.0066557488040136226,-0.00027629801896844505,0.006932046822982068,0.11129896773211884,13.0833,0.0,2,0,3
2789,0.006658320999037911,-0.0002737258239441563,0.006932046822982068,0.0793988488762374,222.35,64.41665,19,10,47
11,0.006669249622967443,-0.00026279720001462514,0.006932046822982068,0.11148744605092052,8.0667,0.0,1,0,2
166,0.006669821918282045,-0.00026222490470002223,0.006932046822982068,0.10594029123580044,30.0,10.0,2,2,6
4532,0.0066815211656072165,-0.00025052565737485163,0.006932046822982068,0.11176179117148471,2.3833,0.0,1,0,1
2118,0.006686543812869488,-0.0002455030101125795,0.006932046822982068,0.10783132963787875,26.8,5.0,3,1,6
2970,0.00670304843663079,-0.00022899838635127783,0.006932046822982068,0.11175775106007159,2.3333,0.0,1,0,1
1446,0.006703488389459405,-0.0002285584335226623,0.006932046822982068,0.10844963629021372,15.0,5.0,1,1,3
4151,0.006706809022177234,-0.0002252378008048332,0.006932046822982068,0.11193712254410099,6.8667,0.0,1,0,1
20462,0.0067405496597707365,-0.00019149716321133144,0.006932046822982068,0.11185076720127479,3.6833,0.0,1,0,1
4648,0.006747742788114814,-0.00018430403486725388,0.006932046822982068,0.1025247420200786,56.4833,16.4833,4,4,12
1023,0.006769230352562061,-0.0001628164704200063,0.006932046822982068,0.10795275440745719,26.85,5.0,3,1,6
1477,0.006781735105369186,-0.00015031171761288196,0.006932046822982068,0.11163847232842482,1.05,0.0,1,0,1
2323,0.006785271438388826,-0.0001467753845932415,0.006932046822982068,0.11188518715793677,9.833300000000001,0.0,2,0,2
2823,0.006786932343564701,-0.00014511447941736706,0.006932046822982068,0.1118900405429507,9.0,0.0,1,0,1
742,0.00682466631944774,-0.00010738050353432771,0.006932046822982068,0.1032978773758347,49.5333,15.0,4,3,10
2677,0.006858723288501335,-7.332353448073277e-05,0.006932046822982068,0.10289729973255993,62.05,15.0,5,3,13
4840,0.006912665256798835,-1.938156618323253e-05,0.006932046822982068,0.11185170830907795,8.9667,0.0,2,0,2
2140,0.006926516605074568,-5.530217907499569e-06,0.006932046822982068,0.1117604387867717,2.3667,0.0,1,0,1
72,0.00697087866100604,3.883183802397222e-05,0.006932046822982068,0.11193723729594152,6.6833,0.0,1,0,1
3755,0.006985187344462019,5.314052147995144e-05,0.006932046822982068,0.10806207326072975,15.8667,2.5833000000000013,3,1,5
3196,0.0069865944505241116,5.454762754204378e-05,0.006932046822982068,0.10844963629021372,15.0,5.0,1,1,3
4001,0.006993484233120733,6.143741013866549e-05,0.006932046822982068,0.11189614147734517,4.6333,0.0,1,0,1
907,0.007025514219951947,9.346739696987917e-05,0.006932046822982068,0.10526600548382324,32.7333,10.0,3,2,7
1506,0.0070393356879008,0.0001072888649187325,0.006932046822982068,0.11184177002344102,13.816600000000001,0.0,3,0,3
3560,0.007050827922807669,0.0001187810998256007,0.006932046822982068,0.10844963629021372,15.0,5.0,1,1,3
2302,0.007056644419896988,0.00012459759691491965,0.006932046822982068,0.1018816382514074,60.0,20.0,4,4,12
3645,0.007070257082299507,0.0001382102593174394,0.006932046822982068,0.10788364225685716,17.2,5.0,2,1,4
165,0.007086030501497396,0.00015398367851532786,0.006932046822982068,0.11188059395966822,4.2667,0.0,1,0,1
3232,0.00709429750464197,0.000162250681659902,0.006932046822982068,0.10502164933057351,38.0167,10.0,4,2,8
428,0.007096791041230018,0.00016474421824795075,0.006932046822982068,0.1117148420118273,1.8333,0.0,1,0,1
700,0.007096947385351788,0.0001649005623697202,0.006932046822982068,0.11187983163268625,4.25,0.0,1,0,1
4563,0.007099803787985544,0.0001677569650034762,0.006932046822982068,0.11187352100944241,4.1167,0.0,1,0,1
3788,0.0071330795448331374,0.0002010327218510693,0.006932046822982068,0.1118815135958613,9.7167,0.0,2,0,2
5041,0.007151126424967727,0.000219079601985659,0.006932046822982068,0.10789542387946773,17.2833,5.0,2,1,4
4500,0.007151353356230546,0.00021930653324847853,0.006932046822982068,0.08632553893129581,148.76670000000001,43.51665,11,7,31
504,0.007183314703213751,0.00025126788023168307,0.006932046822982068,0.10158242665990883,74.2333,16.25,6,4,16
1158,0.007219658431503045,0.00028761160852097754,0.006932046822982068,0.11177876541421597,2.6,0.0,1,0,1
465,0.007225376621925623,0.00029332979894355546,0.006932046822982068,0.10558563307102374,38.4833,9.649999999999999,3,2,8
62,0.0072502957854714955,0.00031824896248942755,0.006932046822982068,0.10844963629021372,15.0,5.0,1,1,3
3018,0.007262289918666555,0.00033024309568448754,0.006932046822982068,0.09634184606958189,111.5167,35.0,8,7,23
1312,0.007299956218591553,0.0003679093956094845,0.006932046822982068,0.10757807545425999,29.2,5.0,4,1,7
76,0.007318729297660329,0.0003866824746782614,0.006932046822982068,0.1116831189984278,6.35,0.0,2,0,2
4028,0.007335842198225581,0.00040379537524351376,0.006932046822982068,0.11157866618566013,7.3,0.0,1,0,2
2754,0.007353936468430895,0.0004218896454488268,0.006932046822982068,0.11184806282568194,8.7667,0.0,2,0,2
1240,0.0073579767033370306,0.0004259298803549624,0.006932046822982068,0.11183803314872448,10.0167,0.016650000000000276,1,0,1
3797,0.0074266224556541255,0.0004945756326720579,0.006932046822982068,0.11168199886667061,12.0,2.0,1,0,1
9593,0.007447846751552034,0.0005157999285699666,0.006932046822982068,0.11179246708625504,2.7833,0.0,1,0,1
79,0.007451633976531818,0.0005195871535497502,0.006932046822982068,0.1119133335281255,5.1333,0.0,1,0,1
4530,0.007466857402416055,0.0005348105794339868,0.006932046822982068,0.11157161281349458,3.8,0.0,2,0,2
3469,0.007503475727880685,0.0005714289048986173,0.006932046822982068,0.10769726359811353,21.5833,5.0,3,1,5
3223,0.007547913886839523,0.0006158670638574549,0.006932046822982068,0.07330323728718632,190.7167,73.43325,13,9,40
3067,0.0075501391220807,0.0006180922990986316,0.006932046822982068,0.10481233320529623,53.1999,10.0,5,2,12
1501,0.0075879059400283475,0.0006558591170462793,0.006932046822982068,0.1108422494906738,14.1334,0.0,3,0,4
3634,0.0076316798388108495,0.0006996330158287816,0.006932046822982068,0.11174674873763854,2.2,0.0,1,0,1
3646,0.007681630194191864,0.0007495833712097961,0.006932046822982068,0.09531709158538142,120.2999,30.0,12,6,26
47,0.007698769924696981,0.0007667231017149133,0.006932046822982068,0.10594029123580044,30.0,10.0,2,2,6
4571,0.00774022077233604,0.0008081739493539715,0.006932046822982068,0.11159523393278016,7.15,0.0,1,0,2
2519,0.0077453199451530405,0.0008132731221709725,0.006932046822982068,0.11179001764319328,2.75,0.0,1,0,1
131,0.007747967906254565,0.0008159210832724972,0.006932046822982068,0.11190473462578959,4.8667,0.0,1,0,1
1207,0.007807108296700764,0.0008750614737186963,0.006932046822982068,0.09831905096566067,94.75,22.4333,9,5,21
3608,0.007822026624218796,0.0008899798012367275,0.006932046822982068,0.09945785744944415,79.4333,18.2333,8,5,18
4396,0.007850849789097598,0.0009188029661155303,0.006932046822982068,0.11190919852956766,5.0,0.0,1,0,1
539,0.007880139327640019,0.0009480925046579514,0.006932046822982068,0.1117984798737864,2.8667,0.0,1,0,1
4700,0.007887339659624033,0.0009552928366419657,0.006932046822982068,0.1118280783645627,8.2166,0.0,2,0,2
20465,0.007906488326167199,0.0009744415031851316,0.006932046822982068,0.11165401524782398,6.5832999999999995,0.0,1,0,2
1078,0.00790783065176768,0.0009757838287856137,0.006932046822982068,0.11109678118022878,16.0,0.0,2,0,4
2861,0.008018147716775264,0.0010861008937931966,0.006932046822982068,0.07360441839219359,262.8,90.13329999999999,20,15,55
4987,0.008024195011176297,0.001092148188194229,0.006932046822982068,0.10654798295550766,39.5333,5.0,5,1,9
984,0.00803134597790851,0.0010992991549264417,0.006932046822982068,0.11190919852956766,5.0,0.0,1,0,1
782,0.008046963793527144,0.0011149169705450767,0.006932046822982068,0.11193147081086452,5.95,0.0,1,0,1
3077,0.008092632663240769,0.001160585840258701,0.006932046822982068,0.11186773651275457,4.0,0.0,1,0,1
4953,0.008092746386837926,0.0011606995638558586,0.006932046822982068,0.11168269798760491,6.2833000000000006,0.0,1,0,2
3453,0.008117427005668795,0.0011853801826867266,0.006932046822982068,0.11182021356543986,3.1833,0.0,1,0,1
1040,0.008122767760873327,0.0011907209378912602,0.006932046822982068,0.11147686354846466,8.15,0.0,1,0,2
4807,0.008151446600314053,0.0012193997773319854,0.006932046822982068,0.09269906792200658,148.0,44.39995,11,10,31
3452,0.008177730305684612,0.0012456834827025442,0.006932046822982068,0.1118934949440651,4.5667,0.0,1,0,1
2780,0.008215464081293018,0.0012834172583109497,0.006932046822982068,0.11190919852956766,5.0,0.0,1,0,1
837,0.008234483741229025,0.0013024369182469578,0.006932046822982068,0.11138765188815067,13.3667,0.0,2,0,3
3531,0.008266880865550217,0.0013348340425681495,0.006932046822982068,0.11184981520400487,3.6667,0.0,1,0,1
2120,0.008272193686719167,0.001340146863737098,0.006932046822982068,0.11190919852956766,5.0,0.0,1,0,1
4269,0.008329997246516055,0.0013979504235339874,0.006932046822982068,0.11190473462578959,4.8667,0.0,1,0,1
762,0.008346963064755056,0.001414916241772989,0.006932046822982068,0.11192375956866259,5.5333,0.0,1,0,1
4661,0.008399995016663343,0.0014679481936812747,0.006932046822982068,0.11069680057873997,30.2499,0.08334999999999937,5,0,6
3748,0.008418193114589407,0.0014861462916073388,0.006932046822982068,0.10730182739865578,38.9167,5.0,4,1,8
2295,0.008465525320417456,0.0015334784974353887,0.006932046822982068,0.1118245484026141,3.25,0.0,1,0,1
1708,0.008475001677460145,0.0015429548544780762,0.006932046822982068,0.11183377561394645,8.416699999999999,0.0,2,0,2
3658,0.00849708612391118,0.0015650393009291135,0.006932046822982068,0.11153763393060806,3.3499999999999996,0.0,2,0,2
1006,0.008524747021335176,0.0015927001983531085,0.006932046822982068,0.11179584381301812,7.716600000000001,0.0,2,0,2
331,0.00854939793275657,0.0016173511097745017,0.006932046822982068,0.11189869806997296,4.7,0.0,1,0,1
3466,0.008560406575647736,0.0016283597526656672,0.006932046822982068,0.10338983334982697,49.8333,14.850000000000001,4,3,10
1370,0.008572302646748011,0.0016402558237659437,0.006932046822982068,0.07926347407060581,162.3167,46.399950000000004,14,7,35
1178,0.008591676184155149,0.0016596293611730814,0.006932046822982068,0.11190919852956766,5.0,0.0,1,0,1
152,0.008618172465137942,0.0016861256421558737,0.006932046822982068,0.10839551196951247,51.7333,15.75,6,0,7
4691,0.008635736226040112,0.0017036894030580448,0.006932046822982068,0.11083517177913503,39.5334,3.316649999999999,6,0,6
2554,0.008647304716562857,0.0017152578935807892,0.006932046822982068,0.11178754777902133,2.7167,0.0,1,0,1
4778,0.00871859967156122,0.0017865528485791534,0.006932046822982068,0.09800861390775008,98.1333,25.0,9,5,21
678,0.008721150715477594,0.0017891038924955256,0.006932046822982068,0.11036289821595408,48.8667,5.38335,6,0,7
4458,0.008730210293147711,0.001798163470165643,0.006932046822982068,0.10479216997432766,53.85,10.0,5,2,12
2171,0.008775812729832163,0.0018437659068500946,0.006932046822982068,0.06419569954284687,252.4334,125.2334,14,12,52
1816,0.008805750325593395,0.001873703502611327,0.006932046822982068,0.10844963629021372,15.0,5.0,1,1,3
2889,0.008819490718231673,0.0018874438952496049,0.006932046822982068,0.11184981520400487,3.6667,0.0,1,0,1
4720,0.008856911666745149,0.0019248648437630818,0.006932046822982068,0.10500014444176155,50.3833,7.399999999999999,6,2,12
1906,0.008858373599020518,0.0019263267760384509,0.006932046822982068,0.11176444858162797,2.4167,0.0,1,0,1
2521,0.00886746088722505,0.0019354140642429808,0.006932046822982068,0.11189869806997296,4.7,0.0,1,0,1
4267,0.008869675284691398,0.0019376284617093303,0.006932046822982068,0.11144597451463736,9.65,0.0,2,0,3
877,0.008924664015419047,0.0019926171924369795,0.006932046822982068,0.11190756393193034,4.95,0.0,1,0,1
4041,0.008948425360026074,0.0020163785370440057,0.006932046822982068,0.09281732014259858,151.48329999999999,44.55,11,10,32
3676,0.00895319564723219,0.0020211488242501225,0.006932046822982068,0.11159268576195937,4.0666,0.0,2,0,2
4732,0.008957932783875385,0.0020258859608933174,0.006932046822982068,0.10463932662631813,56.3667,10.0,5,2,12
2341,0.008981754239225679,0.0020497074162436103,0.006932046822982068,0.11189742617264839,4.6667,0.0,1,0,1
4110,0.008989751401875277,0.002057704578893209,0.006932046822982068,0.11190056360384693,4.75,0.0,1,0,1
1885,0.009051936465110804,0.0021198896421287367,0.006932046822982068,0.11188867803830828,4.45,0.0,1,0,1
3324,0.009068640438598086,0.0021365936156160182,0.006932046822982068,0.10822212597313048,18.65,4.649999999999999,2,1,4
2256,0.009081236130666354,0.002149189307684286,0.006932046822982068,0.1117352685806247,6.300000000000001,0.0,2,0,2
4377,0.009115961551980462,0.002183914728998394,0.006932046822982068,0.10277778093058841,46.2,15.0,4,3,10
612,0.009120832097086942,0.002188785274104874,0.006932046822982068,0.11151604656826851,9.2166,0.0,2,0,3
2088,0.009143243852448146,0.0022111970294660774,0.006932046822982068,0.11189742617264839,4.6667,0.0,1,0,1
627,0.009157799823824562,0.002225753000842495,0.006932046822982068,0.10542075306206856,33.8167,10.0,3,2,7
885,0.009172294686672175,0.002240247863690107,0.006932046822982068,0.1118469386290232,14.1,0.0,3,0,3
2282,0.009211084411481713,0.002279037588499645,0.006932046822982068,0.09733602163246058,91.05,30.0,7,6,19
3973,0.009258688310188869,0.0023266414872068,0.006932046822982068,0.1118135519512801,3.0833,0.0,1,0,1
2643,0.009286445724220594,0.002354398901238526,0.006932046822982068,0.11188507877504361,4.3667,0.0,1,0,1
4474,0.009332491287940886,0.0024004444649588183,0.006932046822982068,0.11125427489937711,9.7167,0.0,1,0,2
4239,0.009346200916770823,0.002414154093788755,0.006932046822982068,0.11185903700092438,3.8333,0.0,1,0,1
51,0.009378660909321209,0.0024466140863391413,0.006932046822982068,0.11149580424854094,8.0,0.0,1,0,2
2135,0.009423729880442638,0.002491683057460569,0.006932046822982068,0.10380474596768878,45.0,15.0,3,3,9
1950,0.00944039148368218,0.0025083446607001123,0.006932046822982068,0.1117489317553548,6.783399999999999,0.0,2,0,2
2779,0.009450295853221592,0.0025182490302395233,0.006932046822982068,0.11172961376486466,6.25,0.0,2,0,2
4906,0.00947086131141594,0.0025388144884338723,0.006932046822982068,0.10105253350571387,62.6167,20.0,5,4,13
381,0.009487840965661696,0.002555794142679628,0.006932046822982068,0.10818877950538264,21.1,5.0,2,1,5
4400,0.00949265136570259,0.0025606045427205215,0.006932046822982068,0.11164907028876886,6.6333,0.0,1,0,2
1683,0.009513846023912696,0.0025817992009306285,0.006932046822982068,0.09783252133719,94.25,30.0,7,6,19
3214,0.009520148075262252,0.0025881012522801844,0.006932046822982068,0.109415906946511,11.5667,1.566650000000001,1,1,3
2617,0.009539694811909138,0.0026076479889270716,0.006932046822982068,0.1117960957409987,2.8333,0.0,1,0,1
3899,0.009550221312143043,0.002618174489160975,0.006932046822982068,0.11190919852956766,5.0,0.0,1,0,1
1416,0.00955893861376447,0.0026268917907824015,0.006932046822982068,0.11185356980415127,3.7333,0.0,1,0,1
207,0.00955893861376447,0.0026268917907824015,0.006932046822982068,0.11185356980415127,3.7333,0.0,1,0,1
2559,0.009578948395103497,0.0026469015721214293,0.006932046822982068,0.09167939675655976,149.6001,35.0,17,7,34
2938,0.009584096958101251,0.0026520501351191827,0.006932046822982068,0.0830274141187427,275.6834,70.93325,24,16,60
20655,0.009586579493661963,0.0026545326706798947,0.006932046822982068,0.11187107120030083,4.0667,0.0,1,0,1
3801,0.009637467815339334,0.0027054209923572667,0.006932046822982068,0.10793904556691837,17.6,5.0,2,1,4
3969,0.009673296162527083,0.002741249339545016,0.006932046822982068,0.11187024767779534,4.05,0.0,1,0,1
1077,0.00968437719994196,0.002752330376959891,0.006932046822982068,0.11187657728027303,9.566600000000001,0.0,2,0,2
1599,0.009696763332660872,0.002764716509678803,0.006932046822982068,0.11190919852956766,5.0,0.0,1,0,1
3079,0.00972700241994284,0.0027949555969607708,0.006932046822982068,0.11133168090564534,8.75,0.0,2,0,3
239,0.009745815696054375,0.0028137688730723084,0.006932046822982068,0.11185813137462632,3.8167,0.0,1,0,1
696,0.00981384592138983,0.0028817990984077624,0.006932046822982068,0.1018816382514074,60.0,20.0,4,4,12
4444,0.009846113930983662,0.002914067108001594,0.006932046822982068,0.10749674097038195,22.6666,5.0,3,1,6
2485,0.00985075790925962,0.002918711086277553,0.006932046822982068,0.11176444858162797,2.4167,0.0,1,0,1
643,0.009892785085008021,0.002960738262025953,0.006932046822982068,0.10504006173051933,31.35,10.0,3,2,7
840,0.009896750925708301,0.0029647041027262336,0.006932046822982068,0.10091801553899662,74.3333,20.0,6,4,15
3857,0.009917650139318007,0.002985603316335939,0.006932046822982068,0.11166571106220659,1.3167,0.0,1,0,1
1383,0.009929133601821584,0.0029970867788395163,0.006932046822982068,0.10793452618047522,17.5667,5.0,2,1,4
107,0.009947283830507156,0.0030152370075250874,0.006932046822982068,0.10880865395180486,13.8,3.8000000000000007,1,1,3
1404,0.009996042160170504,0.0030639953371884364,0.006932046822982068,0.10527357986845971,32.7833,10.0,3,2,7
4553,0.010011374630927944,0.0030793278079458753,0.006932046822982068,0.11190919852956766,5.0,0.0,1,0,1
2682,0.010012958910309077,0.003080912087327009,0.006932046822982068,0.11183909700431496,3.4833,0.0,1,0,1
615,0.010018918719729613,0.0030868718967475453,0.006932046822982068,0.10498092219474052,31.0167,10.0,3,2,7
880,0.01004400701063966,0.003111960187657593,0.006932046822982068,0.11169951492551813,1.6667,0.0,1,0,1
2941,0.010098973912460264,0.0031669270894781965,0.006932046822982068,0.11172473844870102,6.2833000000000006,0.0,2,0,2
143,0.010124500159358504,0.003192453336376436,0.006932046822982068,0.1117725342163819,7.3667,0.0,2,0,2
5005,0.010127005059217854,0.003194958236235787,0.006932046822982068,0.11190756393193034,4.95,0.0,1,0,1
1507,0.010163849573969905,0.0032318027509878372,0.006932046822982068,0.11106518061634708,11.0667,0.0,2,0,3
3604,0.01017128142045901,0.003239234597476943,0.006932046822982068,0.11186857532664041,4.0167,0.0,1,0,1
2799,0.010191441617998148,0.0032593947950160804,0.006932046822982068,0.10811269237664041,19.0167,5.0,2,1,4
65,0.010194192009801945,0.0032621451868198783,0.006932046822982068,0.10844963629021372,15.0,5.0,1,1,3
1809,0.010196059491713639,0.003264012668731572,0.006932046822982068,0.08598487709672287,104.25,31.566650000000003,10,4,24
58,0.010234279574247843,0.0033022327512657753,0.006932046822982068,0.1118180089911401,3.15,0.0,1,0,1
4198,0.010265201642419185,0.0033331548194371168,0.006932046822982068,0.10606393382729334,32.3667,7.816650000000001,3,2,7
4705,0.01032140767758897,0.0033893608546069023,0.006932046822982068,0.1112902569671725,9.4833,0.0,1,0,2
433,0.010330908440892461,0.0033988616179103943,0.006932046822982068,0.11190919852956766,5.0,0.0,1,0,1
1108,0.010354990587300944,0.003422943764318876,0.006932046822982068,0.10487683620377712,42.6167,10.0,4,2,9
1963,0.01037021740092201,0.0034381705779399424,0.006932046822982068,0.11174254127446906,2.15,0.0,1,0,1
3188,0.010422280082777766,0.0034902332597956977,0.006932046822982068,0.1116005901313026,4.3166,0.0,2,0,2
5020,0.010430757082551876,0.0034987102595698083,0.006932046822982068,0.10504230122014105,39.1166,9.116599999999998,3,3,9
1531,0.010434696926768421,0.0035026501037863536,0.006932046822982068,0.11149580424854094,8.0,0.0,1,0,2
2312,0.010471992270945574,0.003539945447963507,0.006932046822982068,0.11190178405677005,4.7833,0.0,1,0,1
2162,0.010507831466558665,0.0035757846435765968,0.006932046822982068,0.11182347556467737,3.2333,0.0,1,0,1
148,0.010523619236905504,0.0035915724139234354,0.006932046822982068,0.10555384695933663,34.8833,10.0,3,2,7
5018,0.010536903313896163,0.0036048564909140954,0.006932046822982068,0.11188434706303409,4.35,0.0,1,0,1
2764,0.010549533368749527,0.0036174865457674604,0.006932046822982068,0.11169325384442422,1.6,0.0,1,0,1
1168,0.010576909604560678,0.003644862781578611,0.006932046822982068,0.1008893663260917,77.0833,20.0,6,4,16
3261,0.0105788348825135,0.003646788059531432,0.006932046822982068,0.1116837015376478,1.5,0.0,1,0,1
2390,0.010589476131166285,0.003657429308184217,0.006932046822982068,0.1117682065010291,7.5167,0.0,2,0,2
4433,0.010612306058561774,0.0036802592355797054,0.006932046822982068,0.10410197863375842,43.65,13.649999999999999,3,3,9
2439,0.010662828657362951,0.0037307818343808837,0.006932046822982068,0.11164195531284436,1.0833,0.0,1,0,1
2461,0.010690523068098636,0.0037584762451165687,0.006932046822982068,0.11185903700092438,3.8333,0.0,1,0,1
3520,0.010702439060455317,0.0037703922374732494,0.006932046822982068,0.1079098890216941,25.2334,5.0,3,1,6
1939,0.01070907680165151,0.0037770299786694427,0.006932046822982068,0.08303603216382971,169.1668,46.9,16,8,38
3413,0.010709988691657756,0.0037779418686756877,0.006932046822982068,0.09633977303860182,111.4333,35.0,8,7,23
4000,0.010716476566272778,0.0037844297432907104,0.006932046822982068,0.10844963629021372,15.0,5.0,1,1,3
1130,0.010741794228982906,0.0038097474060008385,0.006932046822982068,0.11119290685187938,16.4667,0.0,2,0,3
2737,0.010771966680177669,0.0038399198571956016,0.006932046822982068,0.10583641641599158,36.1667,6.46665,4,2,9
4005,0.010797942761919765,0.003865895938937696,0.006932046822982068,0.10974022748869554,34.7167,0.0,7,0,11
4908,0.01085230651877312,0.003920259695791054,0.006932046822982068,0.10804660971388362,23.75,5.0,2,1,5
2305,0.010928953174538533,0.003996906351556465,0.006932046822982068,0.11086151615361946,11.75,0.0,2,0,3
601,0.010972013255015779,0.004039966432033712,0.006932046822982068,0.10781058165390418,22.85,5.0,3,1,5
1580,0.01098030945509321,0.0040482626321111425,0.006932046822982068,0.10812404684422369,22.6,5.0,2,1,5
54,0.011001454136518225,0.004069407313536156,0.006932046822982068,0.10794799908803848,17.6667,5.0,2,1,4
340,0.011005702078335138,0.00407365525535307,0.006932046822982068,0.10844963629021372,15.0,5.0,1,1,3
1007,0.011028403511332687,0.00409635668835062,0.006932046822982068,0.11188434706303409,4.35,0.0,1,0,1
2930,0.01103318338683163,0.004101136563849562,0.006932046822982068,0.10757939009087356,22.7667,5.0,3,1,6
3097,0.011073022655666051,0.004140975832683984,0.006932046822982068,0.10926947961379305,12.1333,2.1332999999999984,1,1,3
1519,0.01108545168828579,0.004153404865303723,0.006932046822982068,0.1074320686952785,26.75,5.0,3,1,6
75,0.01108873520754472,0.004156688384562651,0.006932046822982068,0.11183194154420348,3.3667,0.0,1,0,1
891,0.011105764995138682,0.004173718172156614,0.006932046822982068,0.10537522201792077,64.4334,5.0,9,1,16
4483,0.011220285060863953,0.004288238237881885,0.006932046822982068,0.11152134448055007,3.1333,0.0,2,0,2
1606,0.011231950580729642,0.0042999037577475755,0.006932046822982068,0.10502251312786147,31.25,10.0,3,2,7
732,0.011234567912824431,0.004302521089842364,0.006932046822982068,0.10739470147167873,37.0666,5.0,4,1,8
78,0.011249407721469085,0.0043173608984870175,0.006932046822982068,0.11181142044112921,7.800000000000001,0.0,2,0,2
2187,0.011293758278494798,0.004361711455512729,0.006932046822982068,0.10545994653063424,39.45,10.0,3,2,8
203,0.011307149984242969,0.004375103161260901,0.006932046822982068,0.11178507247043214,2.6833,0.0,1,0,1
3004,0.011316511297955165,0.004384464474973097,0.006932046822982068,0.09688195332003037,105.0,35.0,7,7,21
1665,0.011355389716095302,0.004423342893113234,0.006932046822982068,0.1118934949440651,4.5667,0.0,1,0,1
647,0.011357133048660204,0.004425086225678137,0.006932046822982068,0.10328916219927547,51.3501,10.0,7,2,13
808,0.01135915608271227,0.004427109259730202,0.006932046822982068,0.09143670260051952,148.0668,44.81665,13,9,31
1875,0.011407922919236813,0.004475876096254745,0.006932046822982068,0.10958332410240791,54.7666,13.73335,6,0,6
2928,0.011447988447760075,0.004515941624778006,0.006932046822982068,0.10594029123580044,30.0,10.0,2,2,6
775,0.011465833061709292,0.004533786238727224,0.006932046822982068,0.11184208349991047,3.5333,0.0,1,0,1
1468,0.011471221667010046,0.004539174844027979,0.006932046822982068,0.10380474596768878,45.0,15.0,3,3,9
240,0.01149156408713881,0.004559517264156741,0.006932046822982068,0.07432132165405594,187.3,79.36664999999999,12,10,38
5096,0.01149160823057456,0.004559561407592493,0.006932046822982068,0.11074837425908206,18.7333,0.0,2,0,4
2670,0.011514661328334052,0.004582614505351984,0.006932046822982068,0.11084964578232669,16.9833,0.0,3,0,4
303,0.011544192802875471,0.004612145979893403,0.006932046822982068,0.1117736374871535,2.5333,0.0,1,0,1
21386,0.011589753297197181,0.004657706474215114,0.006932046822982068,0.11166903283128835,1.35,0.0,1,0,1
4211,0.01163795694633283,0.0047059101233507625,0.006932046822982068,0.10594029123580044,30.0,10.0,2,2,6
4871,0.011645618357170155,0.004713571534188087,0.006932046822982068,0.10028006292050316,64.9,20.0,6,4,14
2880,0.011676133308766181,0.004744086485784114,0.006932046822982068,0.11184599013379967,3.6,0.0,1,0,1
1804,0.011678506712524312,0.004746459889542243,0.006932046822982068,0.10365267284789496,50.9166,13.6833,4,3,11
4521,0.011683629776605742,0.0047515829536236755,0.006932046822982068,0.11173109273384796,2.0167,0.0,1,0,1
20901,0.011691245739008826,0.004759198916026759,0.006932046822982068,0.109003017243524,13.1167,3.11665,1,1,3
2101,0.011694214960170295,0.004762168137188227,0.006932046822982068,0.10736525053963279,33.9667,5.0,4,1,8
3176,0.011702593107273722,0.004770546284291655,0.006932046822982068,0.1117604387867717,2.3667,0.0,1,0,1
1893,0.011702636780132968,0.004770589957150901,0.006932046822982068,0.11174392209484225,7.1333,0.0,2,0,2
3567,0.011743490013145244,0.004811443190163177,0.006932046822982068,0.11024714850082999,27.9,0.0,3,0,6
2589,0.011758625769128703,0.0048265789461466365,0.006932046822982068,0.11187598531683733,15.0,0.0,3,0,3
2492,0.01176522705516276,0.004833180232180692,0.006932046822982068,0.10844963629021372,15.0,5.0,1,1,3
2081,0.01177040524250054,0.004838358419518472,0.006932046822982068,0.11173255237942369,2.0333,0.0,1,0,1
2308,0.011770957913157576,0.004838911090175509,0.006932046822982068,0.11153173617303737,17.3334,0.0,5,0,5
405,0.011775673325545358,0.00484362650256329,0.006932046822982068,0.0961313279090805,122.8667,30.0,11,6,26
5,0.01182793245664656,0.0048958856336644915,0.006932046822982068,0.1118948285079392,4.6,0.0,1,0,1
666,0.011830385360073917,0.00489833853709185,0.006932046822982068,0.11164195531284436,1.0833,0.0,1,0,1
633,0.011834985054246471,0.0049029382312644025,0.006932046822982068,0.11175502683532201,2.3,0.0,1,0,1
764,0.01183539821660991,0.0049033513936278415,0.006932046822982068,0.11166738441949374,1.3333,0.0,1,0,1
187,0.011845963863328732,0.0049139170403466655,0.006932046822982068,0.11173828822239004,2.1,0.0,1,0,1
1419,0.011846750396681245,0.004914703573699177,0.006932046822982068,0.11167885731720245,1.45,0.0,1,0,1
180,0.011897478879481026,0.004965432056498959,0.006932046822982068,0.1001064377112624,75.0,25.0,5,5,15
1825,0.011938852993906986,0.005006806170924918,0.006932046822982068,0.11175228224714442,2.2667,0.0,1,0,1
218,0.012024483693873725,0.005092436870891656,0.006932046822982068,0.10904151378310557,18.25,2.066650000000001,2,1,5
68,0.012025060291926013,0.005093013468943946,0.006932046822982068,0.10181078653963288,58.5667,14.05,7,3,14
2894,0.012038560979995727,0.0051065141570136585,0.006932046822982068,0.10560641140499995,37.3167,9.76665,3,2,8
2888,0.012043365822495114,0.005111318999513046,0.006932046822982068,0.11182880181706692,3.3167,0.0,1,0,1
21634,0.012047601006490025,0.005115554183507957,0.006932046822982068,0.10844963629021372,15.0,5.0,1,1,3
2661,0.012057488321141502,0.005125441498159434,0.006932046822982068,0.11176517157785168,11.9333,0.0,3,0,3
2463,0.012095380314496673,0.005163333491514605,0.006932046822982068,0.10018781219276135,79.2167,21.65,6,5,17
1191,0.012103599820017286,0.005171552997035218,0.006932046822982068,0.09817691601971026,98.75,15.0,16,3,26
4697,0.01213677528411476,0.005204728461132692,0.006932046822982068,0.11169951492551813,1.6667,0.0,1,0,1
5036,0.012137773820959525,0.0052057269979774575,0.006932046822982068,0.10844963629021372,15.0,5.0,1,1,3
2590,0.012173874062124068,0.005241827239142,0.006932046822982068,0.10873568705080783,20.25,3.0,2,1,5
2109,0.012182859470997374,0.005250812648015305,0.006932046822982068,0.10844963629021372,15.0,5.0,1,1,3
2024,0.012244540184032704,0.005312493361050636,0.006932046822982068,0.10844963629021372,15.0,5.0,1,1,3
4550,0.012250060607584453,0.005318013784602386,0.006932046822982068,0.11174394320827198,2.1667,0.0,1,0,1
5024,0.012252966226764143,0.005320919403782074,0.006932046822982068,0.11173398959708956,2.05,0.0,1,0,1
1407,0.012264230670129305,0.005332183847147238,0.006932046822982068,0.10844963629021372,15.0,5.0,1,1,3
2413,0.01227153366948423,0.005339486846502163,0.006932046822982068,0.11185263326041771,3.7167,0.0,1,0,1
110,0.012280025206030866,0.005347978383048797,0.006932046822982068,0.11174813553248304,2.2167,0.0,1,0,1
2686,0.012295212502102554,0.005363165679120487,0.006932046822982068,0.11188361026817445,4.3333,0.0,1,0,1
807,0.01230984968583014,0.005377802862848072,0.006932046822982068,0.08876790290996923,104.8167,40.0,7,6,21
3669,0.012367654287988446,0.005435607465006378,0.006932046822982068,0.10106324395558099,62.6833,20.0,5,4,13
2993,0.012370921829297197,0.005438875006315129,0.006932046822982068,0.11181578394951706,3.1167,0.0,1,0,1
3064,0.012444547465831016,0.005512500642848949,0.006932046822982068,0.10724778562199348,26.3333,4.9833,3,1,6
1770,0.012470598110988619,0.005538551288006551,0.006932046822982068,0.10855014878411522,16.5333,1.5,3,1,5
1849,0.012507151356301973,0.005575104533319906,0.006932046822982068,0.11166763547461879,5.6833,0.0,2,0,2
716,0.012531761258868398,0.005599714435886331,0.006932046822982068,0.11180553898169832,2.9667,0.0,1,0,1
724,0.01254623391796798,0.005614187094985911,0.006932046822982068,0.11187906422470252,4.2333,0.0,1,0,1
1047,0.012673493455017917,0.005741446632035849,0.006932046822982068,0.11168047062852239,1.4667,0.0,1,0,1
3629,0.012678311739341457,0.005746264916359389,0.006932046822982068,0.11140602792581662,9.3166,0.0,2,0,3
4149,0.012778633540779693,0.005846586717797626,0.006932046822982068,0.10808461876488219,18.7667,5.0,2,1,4
4625,0.012801065741693186,0.005869018918711118,0.006932046822982068,0.1117972903310348,2.85,0.0,1,0,1
1515,0.012802367109239234,0.0058703202862571665,0.006932046822982068,0.11167380656779204,5.3833,0.0,2,0,2
4538,0.012819038669665843,0.0058869918466837754,0.006932046822982068,0.1001064377112624,75.0,25.0,5,5,15
2833,0.012822005279923686,0.005889958456941618,0.006932046822982068,0.10802515782448138,18.2667,5.0,2,1,4
1836,0.012839208113202077,0.00590716129022001,0.006932046822982068,0.1117072417069185,1.75,0.0,1,0,1
1297,0.012852862432002824,0.005920815609020756,0.006932046822982068,0.11176525874003512,6.949999999999999,0.0,2,0,2
4760,0.012856256612298222,0.005924209789316154,0.006932046822982068,0.11148532468954354,8.0833,0.0,1,0,2
4246,0.012896424785205533,0.005964377962223465,0.006932046822982068,0.11175091059637547,2.25,0.0,1,0,1
4218,0.012914385927340424,0.005982339104358356,0.006932046822982068,0.10380474596768878,45.0,15.0,3,3,9
3630,0.012947169773344577,0.0060151229503625095,0.006932046822982068,0.11107954243091868,16.1333,0.0,2,0,4
849,0.01300920006822036,0.006077153245238292,0.006932046822982068,0.10742582174288742,26.3334,5.0,3,1,6
593,0.013019169814848604,0.006087122991866536,0.006932046822982068,0.1118450240385076,3.5833,0.0,1,0,1
4614,0.013020286285672514,0.006088239462690446,0.006932046822982068,0.1117887926582041,2.7333,0.0,1,0,1
1942,0.013028593948749757,0.006096547125767689,0.006932046822982068,0.11174993504493183,6.550000000000001,0.0,2,0,2
1877,0.013042701682762406,0.006110654859780338,0.006932046822982068,0.10335651848207096,50.0,15.0,4,3,10
3460,0.01307216201284057,0.006140115189858502,0.006932046822982068,0.10757947050681547,31.85,5.0,4,1,7
101,0.013091145308003854,0.006159098485021787,0.006932046822982068,0.08408925068715811,166.76670000000001,53.75,13,9,34
1390,0.013124328729769753,0.006192281906787686,0.006932046822982068,0.10844963629021372,15.0,5.0,1,1,3
1174,0.013128747685593396,0.006196700862611328,0.006932046822982068,0.10738288994056903,18.9167,5.0,3,1,5
449,0.013137172737629717,0.00620512591464765,0.006932046822982068,0.11171087584963886,6.2333,0.0,2,0,2
3123,0.01316630468758114,0.006234257864599072,0.006932046822982068,0.11151023923507832,7.8833,0.0,1,0,2
217,0.01318342425776859,0.006251377434786523,0.006932046822982068,0.11178639970061538,7.2667,0.0,2,0,2
3909,0.01321734822736171,0.006285301404379643,0.006932046822982068,0.11166238914854276,1.2833,0.0,1,0,1
2710,0.013222932135109867,0.0062908853121278,0.006932046822982068,0.10844963629021372,15.0,5.0,1,1,3
3260,0.013248302400052496,0.0063162555770704286,0.006932046822982068,0.10335218915447572,52.5167,15.0,4,3,11
4035,0.013265635688578125,0.006333588865596057,0.006932046822982068,0.10594029123580044,30.0,10.0,2,2,6
1073,0.01328572727960238,0.006353680456620313,0.006932046822982068,0.10844963629021372,15.0,5.0,1,1,3
2182,0.013316845700002113,0.006384798877020045,0.006932046822982068,0.05691660638521485,334.2,171.76665,18,15,69
3533,0.013401046387008429,0.006468999564026362,0.006932046822982068,0.10246808889301874,70.5666,15.0,6,3,15
1861,0.013409204135546325,0.006477157312564257,0.006932046822982068,0.11182669167585821,3.2833,0.0,1,0,1
2749,0.013483025084127975,0.006550978261145906,0.006932046822982068,0.07842612505583994,138.6499,46.55,13,5,31
844,0.013549635372004175,0.006617588549022108,0.006932046822982068,0.09483471716929298,123.4167,33.45,11,7,27
2983,0.01356851025785516,0.006636463434873093,0.006932046822982068,0.08833292010288228,186.4501,48.64995,17,11,41
282,0.013571750444461982,0.006639703621479914,0.006932046822982068,0.11120921626039311,10.0,0.0,1,0,2
1747,0.013573164174509954,0.006641117351527885,0.006932046822982068,0.1079352596124121,25.0,5.0,2,1,5
334,0.013582433216150184,0.0066503863931681164,0.006932046822982068,0.11120921626039311,10.0,0.0,1,0,2
1056,0.013617666496371066,0.0066856196733889985,0.006932046822982068,0.0957440270405101,117.6,37.6,8,8,24
912,0.013638938922161616,0.006706892099179548,0.006932046822982068,0.1079352596124121,25.0,5.0,2,1,5
2662,0.013646649076118577,0.006714602253136508,0.006932046822982068,0.11173255237942369,2.0333,0.0,1,0,1
337,0.013662540513451492,0.006730493690469424,0.006932046822982068,0.11159434530846603,8.350000000000001,0.0,3,0,3
4961,0.013708802701193266,0.006776755878211197,0.006932046822982068,0.10774743442400034,28.7,5.0,3,1,6
4278,0.013734352811180971,0.006802305988198903,0.006932046822982068,0.11155408199862886,3.55,0.0,2,0,2
2066,0.01375630892790037,0.0068242621049183026,0.006932046822982068,0.0952666441829343,126.2333,37.4833,9,8,26
1557,0.01377698424963755,0.0068449374266554815,0.006932046822982068,0.11177103529183753,2.5,0.0,1,0,1
4671,0.013783508228170309,0.006851461405188241,0.006932046822982068,0.11139019490264448,8.5,0.0,2,0,3
5023,0.01383937738752163,0.0069073305645395615,0.006932046822982068,0.10844963629021372,15.0,5.0,1,1,3
814,0.013847038911353185,0.006914992088371117,0.006932046822982068,0.09692628329641284,110.8832,20.0,16,4,26
729,0.013872607686335043,0.006940560863352976,0.006932046822982068,0.1117148420118273,1.8333,0.0,1,0,1
4412,0.013875962234320121,0.006943915411338052,0.006932046822982068,0.1049424193578922,49.75,10.0,4,2,10
3741,0.013906014666824628,0.006973967843842559,0.006932046822982068,0.10335516319282942,52.2,15.0,4,3,11
2344,0.013917186047622918,0.006985139224640849,0.006932046822982068,0.10402029537989248,60.1667,9.850000000000001,6,2,13
2281,0.013932211234237251,0.007000164411255183,0.006932046822982068,0.11144918891704213,9.2667,0.0,3,0,3
989,0.013975373499929708,0.007043326676947641,0.006932046822982068,0.10816916802733506,21.6667,5.0,2,1,5
620,0.014042556983157643,0.007110510160175576,0.006932046822982068,0.10632101728952781,45.8167,5.0,7,1,12
279,0.014089042128520177,0.00715699530553811,0.006932046822982068,0.10740987482675865,29.7667,5.0,4,1,7
805,0.014102611876921732,0.007170565053939665,0.006932046822982068,0.10844963629021372,15.0,5.0,1,1,3
427,0.014110642056347775,0.007178595233365707,0.006932046822982068,0.10736156421938557,38.3667,6.01665,4,1,7
3168,0.01412083034051357,0.007188783517531501,0.006932046822982068,0.09959437020463323,83.3167,25.0,6,5,17
4822,0.014181491145948143,0.007249444322966076,0.006932046822982068,0.0923509741333289,133.01670000000001,37.96665,13,8,29
883,0.014185572624645575,0.007253525801663507,0.006932046822982068,0.10844963629021372,15.0,5.0,1,1,3
4247,0.014216355790132657,0.007284308967150589,0.006932046822982068,0.10844963629021372,15.0,5.0,1,1,3
4195,0.014243496070860113,0.007311449247878045,0.006932046822982068,0.11186070752551933,9.166699999999999,0.0,2,0,2
1136,0.014247225643582873,0.0073151788206008055,0.006932046822982068,0.09714197286686184,106.5,29.816650000000003,8,7,23
4818,0.014311599755886289,0.00737955293290422,0.006932046822982068,0.11122793134476813,9.8833,0.0,1,0,2
5089,0.01431327221747707,0.007381225394495003,0.006932046822982068,0.10594029123580044,30.0,10.0,2,2,6
600,0.014364029936700991,0.0074319831137189245,0.006932046822982068,0.10296052296116548,47.25,15.0,4,3,10
1457,0.014382268396264275,0.007450221573282207,0.006932046822982068,0.10594029123580044,30.0,10.0,2,2,6
4955,0.014403762898615138,0.00747171607563307,0.006932046822982068,0.11166225254575522,5.1167,0.0,2,0,2
2870,0.014407454965357107,0.007475408142375039,0.006932046822982068,0.1115051826384889,12.4667,0.0,2,0,3
540,0.01441031289065793,0.007478266067675862,0.006932046822982068,0.11094539851233279,10.5,0.0,2,0,3
419,0.014425240070230202,0.007493193247248134,0.006932046822982068,0.11145652569733305,10.3834,0.0,4,0,4
1361,0.014437528942839664,0.007505482119857596,0.006932046822982068,0.10531194996739587,32.6667,9.86665,3,2,7
186,0.014471693301868184,0.007539646478886117,0.006932046822982068,0.10506540556183334,47.8167,10.0,4,2,10
2597,0.01448891100184858,0.007556864178866513,0.006932046822982068,0.07175928007434497,262.5666,82.6333,23,13,57
1038,0.01449010167325343,0.0075580548502713635,0.006932046822982068,0.10795657202222624,24.7833,5.0,2,1,5
13704,0.014536317877607449,0.007604271054625382,0.006932046822982068,0.11163496917202223,1.0167,0.0,1,0,1
488,0.014567972082758085,0.0076359252597760175,0.006932046822982068,0.0979037526021824,99.8667,30.0,7,6,20
4416,0.014570518485004628,0.00763847166202256,0.006932046822982068,0.11164979325811669,4.8833,0.0,2,0,2
413,0.01459602258936171,0.007663975766379643,0.006932046822982068,0.11168850038594018,1.55,0.0,1,0,1
4638,0.014602681059849094,0.007670634236867027,0.006932046822982068,0.10355208923872537,57.6834,11.916649999999999,5,3,13
3718,0.01461898193939042,0.007686935116408352,0.006932046822982068,0.11113573334199198,14.7334,0.0,3,0,5
3556,0.014648943814981726,0.007716896991999657,0.006932046822982068,0.1056318257233549,37.1,9.6833,3,2,8
4682,0.014651586781419808,0.007719539958437742,0.006932046822982068,0.10559288711002945,54.3999,5.0,10,1,15
4136,0.014683551509727853,0.0077515046867457854,0.006932046822982068,0.11173183550036804,11.2,0.0,3,0,3
3965,0.014754748626401474,0.007822701803419405,0.006932046822982068,0.09913970263502157,87.8,20.0,9,4,20
4165,0.014791158633159468,0.0078591118101774,0.006932046822982068,0.11181910723631977,3.1667,0.0,1,0,1
1336,0.01490252076432715,0.00797047394134508,0.006932046822982068,0.10764798708110997,32.6333,5.0,4,1,8
2825,0.014908011642623887,0.007975964819641818,0.006932046822982068,0.10844963629021372,15.0,5.0,1,1,3
4600,0.01491148629809988,0.007979439475117813,0.006932046822982068,0.11167396774242236,1.4,0.0,1,0,1
3613,0.01491710272562172,0.007985055902639652,0.006932046822982068,0.07887963943078158,273.5666,54.14995,29,10,62
342,0.014954752558910392,0.008022705735928323,0.006932046822982068,0.08293757035091723,175.1167,49.15,17,8,38
3388,0.014956918992392265,0.008024872169410198,0.006932046822982068,0.11164195531284436,1.0833,0.0,1,0,1
3316,0.014962035693956738,0.00802998887097467,0.006932046822982068,0.10608882600416386,58.6666,5.0,7,1,13
3624,0.014972703301431314,0.008040656478449247,0.006932046822982068,0.11180899980965107,3.0167,0.0,1,0,1
191,0.015046888082008124,0.008114841259026055,0.006932046822982068,0.10146873594322611,50.7333,15.0,6,3,12
644,0.015061162897035876,0.008129116074053809,0.006932046822982068,0.11085258961316376,16.9999,0.0,5,0,6
494,0.015079036766688585,0.008146989943706518,0.006932046822982068,0.10380474596768878,45.0,15.0,3,3,9
1196,0.015085427829113023,0.008153381006130955,0.006932046822982068,0.09920819907913593,77.3,25.0,6,5,16
1352,0.0151632818030106,0.008231234980028533,0.006932046822982068,0.10748551704189893,19.95,5.0,3,1,5
932,0.015178624861527,0.008246578038544934,0.006932046822982068,0.11144048409725615,5.55,0.0,3,0,3
3759,0.015182990919199748,0.008250944096217681,0.006932046822982068,0.11150463705592509,2.9665999999999997,0.0,2,0,2
1018,0.015185030964216566,0.008252984141234498,0.006932046822982068,0.10837414777238193,21.1833,2.0833000000000013,3,1,6
3586,0.01524182670190773,0.008309779878925661,0.006932046822982068,0.1047221304462424,41.5834,10.0,4,2,9
3955,0.015249024193805631,0.008316977370823564,0.006932046822982068,0.11167233437829353,1.3833,0.0,1,0,1
2177,0.015268691758310114,0.008336644935328045,0.006932046822982068,0.10646317295958992,27.85,7.850000000000001,2,2,6
616,0.015283664553046097,0.008351617730064029,0.006932046822982068,0.11169951492551813,1.6667,0.0,1,0,1
4740,0.01528743304618978,0.008355386223207714,0.006932046822982068,0.11168529978738076,1.5167,0.0,1,0,1
2849,0.015296545951058994,0.008364499128076925,0.006932046822982068,0.1110058212598477,16.6167,0.0,2,0,4
689,0.015319415693448742,0.008387368870466674,0.006932046822982068,0.1117105388574103,5.9833,0.0,2,0,2
2391,0.015321649791822732,0.008389602968840665,0.006932046822982068,0.10382217220164351,47.2166,12.633299999999998,4,3,10
1289,0.015351151568705215,0.008419104745723147,0.006932046822982068,0.07057751156397304,391.6331,111.0166,36,22,87
1552,0.015374511305964664,0.008442464482982595,0.006932046822982068,0.06447444836206173,264.8834,96.69999999999999,22,12,60
1526,0.015400085080771668,0.008468038257789601,0.006932046822982068,0.11124090427323007,14.3333,0.0,2,0,3
3616,0.015476026991846116,0.008543980168864049,0.006932046822982068,0.11165251173286925,6.2333,0.0,2,0,2
4071,0.015491093164774813,0.008559046341792744,0.006932046822982068,0.09245196080383414,158.3667,34.21665,16,7,35
5040,0.015492209537416198,0.00856016271443413,0.006932046822982068,0.06720256124454568,271.2169,87.91664999999999,22,12,60
4204,0.015503245933549101,0.008571199110567033,0.006932046822982068,0.10167361876328254,74.2166,12.05,9,3,17
432,0.015512290416344148,0.00858024359336208,0.006932046822982068,0.09768776773712805,94.6167,25.0,9,5,21
2460,0.015621958002084387,0.00868991117910232,0.006932046822982068,0.10902617110438663,13.0333,3.0333000000000006,1,1,3
4884,0.015626172973527353,0.008694126150545286,0.006932046822982068,0.11175775106007159,2.3333,0.0,1,0,1
3822,0.015674942570038604,0.008742895747056537,0.006932046822982068,0.11173978920194755,12.2666,0.0,3,0,3
1415,0.01568529656491824,0.00875324974193617,0.006932046822982068,0.10274103485622725,46.0,15.0,4,3,10
2273,0.015712051853215406,0.008780005030233337,0.006932046822982068,0.1117071455217068,5.9,0.0,2,0,2
2634,0.015732101281381524,0.008800054458399455,0.006932046822982068,0.10594029123580044,30.0,10.0,2,2,6
3378,0.015765370909628547,0.00883332408664648,0.006932046822982068,0.11137727181135229,9.7333,0.0,2,0,3
3209,0.01589621397356528,0.008964167150583213,0.006932046822982068,0.11179967860901575,2.8833,0.0,1,0,1
2388,0.015919671213998468,0.008987624391016401,0.006932046822982068,0.10844963629021372,15.0,5.0,1,1,3
3579,0.01592045356495772,0.008988406741975654,0.006932046822982068,0.09067990045304143,170.4,49.833299999999994,13,11,36
2203,0.015943901796597597,0.00901185497361553,0.006932046822982068,0.10138950422107192,66.7167,20.0,5,4,14
4122,0.01594496967987516,0.00901292285689309,0.006932046822982068,0.11179001764319328,2.75,0.0,1,0,1
1679,0.015990843537196864,0.009058796714214798,0.006932046822982068,0.09057170099728949,173.3833,46.06665,15,10,37
3778,0.016025713511328452,0.009093666688346384,0.006932046822982068,0.11168049325197381,5.449999999999999,0.0,2,0,2
234,0.016039664245487462,0.009107617422505394,0.006932046822982068,0.11169325384442422,1.6,0.0,1,0,1
249,0.0160428481981746,0.009110801375192533,0.006932046822982068,0.1116837015376478,1.5,0.0,1,0,1
1167,0.016049569649014796,0.009117522826032728,0.006932046822982068,0.09946066859418638,78.9667,25.0,6,5,16
2705,0.016074193639169884,0.009142146816187817,0.006932046822982068,0.10930874635296012,11.9833,1.9832999999999998,1,1,3
4060,0.016132561161243755,0.009200514338261686,0.006932046822982068,0.11167989473679017,9.6333,0.0,3,0,3
45,0.016186533317060225,0.009254486494078156,0.006932046822982068,0.10335651848207096,50.0,15.0,4,3,10
1730,0.016242680545840545,0.009310633722858478,0.006932046822982068,0.0946221542173659,131.01670000000001,26.5833,15,6,31
301,0.016252516052339516,0.00932046922935745,0.006932046822982068,0.10844963629021372,15.0,5.0,1,1,3
4355,0.01626446957744944,0.009332422754467372,0.006932046822982068,0.10380474596768878,45.0,15.0,3,3,9
520,0.016279509500461285,0.009347462677479216,0.006932046822982068,0.11168529978738076,1.5167,0.0,1,0,1
1917,0.016287301542053947,0.009355254719071879,0.006932046822982068,0.11174953391720939,2.2333,0.0,1,0,1
3873,0.016351583794898282,0.009419536971916215,0.006932046822982068,0.10264569176744617,33.8334,9.700000000000001,3,1,7
2316,0.016467457762247388,0.009535410939265321,0.006932046822982068,0.10257370714921794,56.8666,15.0,5,3,12
691,0.016521597515965845,0.009589550692983779,0.006932046822982068,0.10765600428928979,32.1667,5.0,3,1,7
2921,0.016634640083004595,0.009702593260022527,0.006932046822982068,0.10202545294198785,65.3334,15.0,6,3,14
377,0.016671396052673242,0.009739349229691174,0.006932046822982068,0.10380474596768878,45.0,15.0,3,3,9
2387,0.01675304757670876,0.009821000753726694,0.006932046822982068,0.1116837015376478,1.5,0.0,1,0,1
1773,0.016777600858587854,0.009845554035605787,0.006932046822982068,0.10844963629021372,15.0,5.0,1,1,3
3315,0.01683982482807264,0.009907778005090573,0.006932046822982068,0.10844963629021372,15.0,5.0,1,1,3
1577,0.01686023644673852,0.009928189623756451,0.006932046822982068,0.09825024657186131,96.6499,25.0,9,5,21
2114,0.01692990037780841,0.009997853554826342,0.006932046822982068,0.09941340895046795,78.6333,25.0,6,5,16
100,0.016942789356374652,0.010010742533392583,0.006932046822982068,0.11097034462108188,12.7833,0.0,2,0,3
4663,0.017013744088953283,0.010081697265971214,0.006932046822982068,0.11162197590917315,4.7166999999999994,0.0,2,0,2
2103,0.017040245278187233,0.010108198455205164,0.006932046822982068,0.10844963629021372,15.0,5.0,1,1,3
3986,0.017051524731691064,0.010119477908708997,0.006932046822982068,0.10594029123580044,30.0,10.0,2,2,6
1746,0.017064367350851865,0.010132320527869798,0.006932046822982068,0.10697648150511216,37.8167,5.0,4,1,8
2961,0.017066585290267753,0.010134538467285684,0.006932046822982068,0.10594029123580044,30.0,10.0,2,2,6
4779,0.017096938705423937,0.01016489188244187,0.006932046822982068,0.10810347237384664,18.9333,5.0,2,1,4
4612,0.017098803114847815,0.010166756291865748,0.006932046822982068,0.11170108156825326,1.6833,0.0,1,0,1
2627,0.017132309512119116,0.010200262689137048,0.006932046822982068,0.11126723248242544,15.9667,0.0,3,0,4
4650,0.01717134386195004,0.010239297038967973,0.006932046822982068,0.11163112777227695,5.85,0.0,2,0,2
2124,0.017288267055476748,0.01035622023249468,0.006932046822982068,0.11164713164718676,1.1333,0.0,1,0,1
4573,0.017413393548215448,0.010481346725233381,0.006932046822982068,0.11173109273384796,2.0167,0.0,1,0,1
2878,0.01748057397377148,0.01054852715078941,0.006932046822982068,0.11108310875120593,13.7,0.0,2,0,3
1525,0.01748744339506121,0.010555396572079144,0.006932046822982068,0.10061214496990475,79.8166,16.066650000000003,8,4,18
1979,0.01753441724506227,0.0106023704220802,0.006932046822982068,0.10133803911416703,69.9667,20.0,5,4,14
2532,0.017542117886089576,0.01061007106310751,0.006932046822982068,0.1116948219533984,1.6167,0.0,1,0,1
1166,0.01759193095453859,0.01065988413155652,0.006932046822982068,0.11166405260194372,1.3,0.0,1,0,1
206,0.017630124495271193,0.010698077672289124,0.006932046822982068,0.08972501844466141,96.4667,36.46665,6,6,20
3355,0.017714935377856032,0.010782888554873964,0.006932046822982068,0.10844963629021372,15.0,5.0,1,1,3
4759,0.017800704488814188,0.01086865766583212,0.006932046822982068,0.11167233437829353,1.3833,0.0,1,0,1
1346,0.017842523297642247,0.010910476474660178,0.006932046822982068,0.09679166149489042,115.1166,20.0,16,4,27
3159,0.017988487217497566,0.011056440394515499,0.006932046822982068,0.10012598834879256,63.9333,20.0,6,4,14
2507,0.017990225742801152,0.011058178919819086,0.006932046822982068,0.07454933432059038,193.4,63.84995,18,9,44
1958,0.017991044026159166,0.011058997203177098,0.006932046822982068,0.10380474596768878,45.0,15.0,3,3,9
4613,0.018001587855376047,0.011069541032393979,0.006932046822982068,0.10380474596768878,45.0,15.0,3,3,9
2430,0.018116122973404338,0.011184076150422271,0.006932046822982068,0.10807509865646732,23.3667,5.0,2,1,5
4631,0.018191264541215717,0.011259217718233648,0.006932046822982068,0.08826286864591046,115.0,45.0,7,7,23
2985,0.018204486417744133,0.011272439594762066,0.006932046822982068,0.11121727178438334,9.95,0.0,1,0,2
387,0.018275456999557616,0.011343410176575548,0.006932046822982068,0.11155205148894581,7.5333000000000006,0.0,1,0,2
91,0.018320467113392074,0.011388420290410007,0.006932046822982068,0.0836757981923615,162.3333,55.0,13,9,34
313,0.018338315703656162,0.011406268880674095,0.006932046822982068,0.10878915873861345,20.6667,1.4499999999999993,3,1,6
113,0.018440792569203838,0.011508745746221771,0.006932046822982068,0.10556230859769174,36.7,10.0,3,2,8
1365,0.018463740247188373,0.011531693424206305,0.006932046822982068,0.10594029123580044,30.0,10.0,2,2,6
3561,0.018512165762272645,0.011580118939290578,0.006932046822982068,0.09974641223272473,74.1667,18.01665,8,4,17
133,0.018515576544533896,0.011583529721551829,0.006932046822982068,0.10815873374217262,19.45,5.0,2,1,4
52,0.018524871643353615,0.011592824820371548,0.006932046822982068,0.10772732176483116,22.0833,5.0,3,1,5
4556,0.018528586032533212,0.011596539209551145,0.006932046822982068,0.10653275832356524,31.55,5.0,6,1,9
4708,0.018606124186512033,0.011674077363529966,0.006932046822982068,0.10763578471219556,21.0167,5.0,3,1,5
1558,0.018636075642934073,0.011704028819952004,0.006932046822982068,0.11157182350740279,3.8167,0.0,2,0,2
5029,0.01865349649589621,0.011721449672914143,0.006932046822982068,0.1009235416983582,73.3166,13.2333,10,3,17
353,0.018667469118596906,0.011735422295614839,0.006932046822982068,0.10930008719187206,12.0167,2.0166500000000003,1,1,3
554,0.018792108411864104,0.011860061588882035,0.006932046822982068,0.10821080806570207,19.9833,5.0,2,1,4
3701,0.018808835545744425,0.011876788722762358,0.006932046822982068,0.10380474596768878,45.0,15.0,3,3,9
1753,0.01895452040129138,0.012022473578309314,0.006932046822982068,0.11167885731720245,1.45,0.0,1,0,1
3601,0.0191267631174969,0.012194716294514832,0.006932046822982068,0.10800834461825426,24.2167,5.0,2,1,5
4390,0.01914898561864211,0.012216938795660043,0.006932046822982068,0.10886908242305135,14.3333,1.8333000000000013,2,1,4
5102,0.01916620702460147,0.012234160201619403,0.006932046822982068,0.10844963629021372,15.0,5.0,1,1,3
723,0.019196138668509537,0.01226409184552747,0.006932046822982068,0.1001064377112624,75.0,25.0,5,5,15
146,0.019226967982844265,0.012294921159862198,0.006932046822982068,0.08854565954946696,175.5,44.8666,18,10,40
2668,0.01932460592603462,0.012392559103052552,0.006932046822982068,0.10724711584691303,30.8999,5.0,4,1,7
3137,0.019366832004757306,0.01243478518177524,0.006932046822982068,0.11163496917202223,1.0167,0.0,1,0,1
4748,0.01946673145392157,0.012534684630939505,0.006932046822982068,0.09302918800417323,159.76670000000001,40.0,13,8,33
3029,0.01947842892856002,0.012546382105577951,0.006932046822982068,0.1081785465149291,21.4167,5.0,2,1,5
20464,0.019480463579813548,0.01254841675683148,0.006932046822982068,0.10844963629021372,15.0,5.0,1,1,3
2520,0.019515604284092915,0.012583557461110848,0.006932046822982068,0.10306206463436761,54.25,14.083300000000001,5,3,12
3840,0.019546486403047816,0.012614439580065749,0.006932046822982068,0.11081438433771366,15.8667,0.0,3,0,4
3134,0.019658156648640585,0.012726109825658517,0.006932046822982068,0.10758011384840808,20.8167,5.0,3,1,5
3771,0.01972605756903223,0.012794010746050162,0.006932046822982068,0.09636195493962739,112.8667,35.0,8,7,23
3434,0.019763338694080014,0.012831291871097945,0.006932046822982068,0.1062740485086822,35.4167,5.0,7,1,10
395,0.019890137782063822,0.012958090959081755,0.006932046822982068,0.10415890621694897,49.3999,10.0,6,2,12
3734,0.020011670010847898,0.01307962318786583,0.006932046822982068,0.10781297550047823,16.7167,5.0,2,1,4
4108,0.020057676235944264,0.013125629412962197,0.006932046822982068,0.11161881637816964,8.9167,0.0,3,0,3
982,0.02010966559256872,0.01317761876958665,0.006932046822982068,0.10795850768936734,21.4666,2.8832999999999984,4,1,6
4731,0.02017953003974677,0.0132474832167647,0.006932046822982068,0.1029100639562961,46.95,15.0,4,3,10
4372,0.020214063856976685,0.013282017033994616,0.006932046822982068,0.1077038711250351,22.0333,5.0,3,1,5
1733,0.020237461100946375,0.013305414277964308,0.006932046822982068,0.09600960386778122,115.0334,25.0,13,5,26
3865,0.020391307560654118,0.013459260737672049,0.006932046822982068,0.10380474596768878,45.0,15.0,3,3,9
176,0.020549542726190764,0.013617495903208696,0.006932046822982068,0.1018816382514074,60.0,20.0,4,4,12
2683,0.020550871288856278,0.01361882446587421,0.006932046822982068,0.09634605004598341,115.8333,31.6333,9,7,24
4408,0.020574170694709133,0.013642123871727066,0.006932046822982068,0.10146677429336291,64.65,19.65,5,4,13
1905,0.0205890515411696,0.013657004718187532,0.006932046822982068,0.11151432762433772,7.85,0.0,1,0,2
4070,0.02060442949273708,0.013672382669755012,0.006932046822982068,0.10844963629021372,15.0,5.0,1,1,3
495,0.020677095658478806,0.013745048835496739,0.006932046822982068,0.09394949069552741,144.7833,40.0,11,8,30
411,0.020803073621424292,0.013871026798442225,0.006932046822982068,0.11179001764319328,2.75,0.0,1,0,1
5100,0.0208293185547691,0.013897271731787035,0.006932046822982068,0.10210306457264967,58.9,18.9,4,4,12
4279,0.020886703326299973,0.013954656503317904,0.006932046822982068,0.0813494475848913,157.95,47.59995,16,7,35
229,0.021077961917648554,0.014145915094666485,0.006932046822982068,0.10182457214019985,60.95,17.01665,5,4,13
4349,0.021082119045691843,0.014150072222709776,0.006932046822982068,0.09951916206612631,77.3001,20.0,8,4,17
3853,0.021104037279253876,0.014171990456271807,0.006932046822982068,0.09835292496320334,86.9167,25.0,8,5,18
829,0.021140086262207633,0.014208039439225564,0.006932046822982068,0.10895158695360153,13.3,3.3000000000000007,1,1,3
1353,0.021169344945406947,0.01423729812242488,0.006932046822982068,0.10352936725650003,56.6001,10.0,7,2,13
3310,0.021205102236023936,0.014273055413041868,0.006932046822982068,0.1018816382514074,60.0,20.0,4,4,12
4261,0.021287793898343788,0.014355747075361719,0.006932046822982068,0.10501886721059261,39.55,10.0,4,2,9
2480,0.021289898099767415,0.014357851276785346,0.006932046822982068,0.10166557272373782,58.8833,12.6833,7,3,14
1755,0.021345398917070834,0.014413352094088765,0.006932046822982068,0.10477306667103554,42.8167,10.0,5,2,9
2418,0.021427497842123715,0.014495451019141646,0.006932046822982068,0.09570936203705985,119.5333,31.3833,10,7,26
2116,0.02143348431573699,0.014501437492754924,0.006932046822982068,0.10801065804642306,18.15,5.0,2,1,4
2491,0.02143832578016146,0.014506278957179392,0.006932046822982068,0.11174254127446906,2.15,0.0,1,0,1
2583,0.02146447236440408,0.014532425541422015,0.006932046822982068,0.08776895820418815,107.5999,31.8333,10,5,24
3584,0.021500498723427044,0.014568451900444977,0.006932046822982068,0.10602488388243479,28.5333,6.449999999999999,3,2,7
2887,0.02152729876274273,0.014595251939760663,0.006932046822982068,0.10594029123580044,30.0,10.0,2,2,6
3942,0.021582027405357116,0.014649980582375047,0.006932046822982068,0.06900851493691129,294.2165,96.1833,23,14,63
4219,0.021586340224044077,0.01465429340106201,0.006932046822982068,0.08625154103113238,213.2668,40.84995,25,11,52
358,0.0215962893445631,0.014664242521581035,0.006932046822982068,0.08377316424445683,172.8,55.0,13,9,36
4359,0.021601858066336115,0.014669811243354048,0.006932046822982068,0.09705163717424779,103.95,33.95,7,7,21
2979,0.021657952725214983,0.014725905902232916,0.006932046822982068,0.10844963629021372,15.0,5.0,1,1,3
5094,0.021723058482607777,0.014791011659625708,0.006932046822982068,0.10746336949431445,24.65,5.0,3,1,6
831,0.02173003911305659,0.014797992290074525,0.006932046822982068,0.09175144930803777,64.7333,25.0,5,3,13
922,0.021761332943469082,0.014829286120487013,0.006932046822982068,0.10509739027691588,31.6833,10.0,3,2,7
783,0.021884954384127832,0.014952907561145765,0.006932046822982068,0.11136405872740866,8.9833,0.0,1,0,2
2090,0.021911272359201612,0.014979225536219543,0.006932046822982068,0.11174953391720939,2.2333,0.0,1,0,1
3216,0.021929605750704535,0.014997558927722466,0.006932046822982068,0.11120921626039311,10.0,0.0,1,0,2
5049,0.022041405704669878,0.015109358881687811,0.006932046822982068,0.11169951492551813,1.6667,0.0,1,0,1
2806,0.022109741112733405,0.015177694289751338,0.006932046822982068,0.09007277779531415,189.26670000000001,54.2,14,11,39
1478,0.022135783957244654,0.015203737134262587,0.006932046822982068,0.10793657054837977,16.6,4.699999999999999,2,1,4
3086,0.0221884875285846,0.015256440705602533,0.006932046822982068,0.10058052919502548,66.9834,20.0,6,4,14
447,0.022207690083341315,0.015275643260359247,0.006932046822982068,0.11165054374285925,1.1667,0.0,1,0,1
1224,0.02224506098370573,0.015313014160723662,0.006932046822982068,0.08159426274447881,122.6,45.0,9,5,26
3256,0.022284533339127527,0.01535248651614546,0.006932046822982068,0.10380474596768878,45.0,15.0,3,3,9
1959,0.02228756089969328,0.015355514076711213,0.006932046822982068,0.09529550866116972,124.0,30.0,12,6,28
5047,0.022310708563976128,0.015378661740994061,0.006932046822982068,0.10320797151541151,48.8667,15.0,4,3,10
879,0.0223377598160568,0.015405712993074732,0.006932046822982068,0.11120415421032709,8.566699999999999,0.0,2,0,3
293,0.022361205744495485,0.015429158921513418,0.006932046822982068,0.10556722242734708,35.0,10.0,3,2,7
4439,0.022374247118689183,0.015442200295707115,0.006932046822982068,0.10542480839222404,39.9833,10.0,3,2,8
4491,0.022403257935961908,0.015471211112979841,0.006932046822982068,0.11178401881369388,7.8,0.0,2,0,2
4675,0.0224323044782366,0.015500257655254533,0.006932046822982068,0.10749011199672316,35.85,5.0,4,1,8
4089,0.022530000196925932,0.015597953373943863,0.006932046822982068,0.10844963629021372,15.0,5.0,1,1,3
1255,0.022537790357174785,0.015605743534192716,0.006932046822982068,0.10806724379862359,18.6167,5.0,2,1,4
2671,0.022611372060583113,0.015679325237601044,0.006932046822982068,0.10594029123580044,30.0,10.0,2,2,6
4789,0.02264140125787224,0.01570935443489017,0.006932046822982068,0.1105729550298097,26.6334,0.0,8,0,9
2600,0.022714642602813896,0.015782595779831828,0.006932046822982068,0.10430555846343591,32.7167,10.0,4,2,8
3215,0.022809054027127778,0.01587700720414571,0.006932046822982068,0.11166229377235584,5.083399999999999,0.0,2,0,2
1973,0.02292408423771148,0.01599203741472941,0.006932046822982068,0.10322191065195059,48.9667,15.0,4,3,10
1445,0.02299600314514295,0.016063956322160882,0.006932046822982068,0.1079352596124121,25.0,5.0,2,1,5
2898,0.023045023865398803,0.016112977042416734,0.006932046822982068,0.11172082044121168,1.9,0.0,1,0,1
350,0.02309777080157269,0.01616572397859062,0.006932046822982068,0.10285038068922538,58.1334,10.0,9,2,14
4543,0.023135343992355624,0.016203297169373555,0.006932046822982068,0.10815166043589405,27.8666,3.3333000000000013,3,1,6
2079,0.02318970929353112,0.01625766247054905,0.006932046822982068,0.10294601951362076,56.0667,14.2,5,3,12
3966,0.02323527849081725,0.01630323166783518,0.006932046822982068,0.10749626252477736,22.2666,5.0,3,1,6
3477,0.023236222303833008,0.01630417548085094,0.006932046822982068,0.07407864583598303,177.35,68.33324999999999,13,8,38
1622,0.023310618780095004,0.016378571957112936,0.006932046822982068,0.10447771450968582,41.7167,11.71665,3,3,9
3798,0.023326312759249002,0.016394265936266934,0.006932046822982068,0.11109494170435441,13.75,0.0,2,0,3
3891,0.0235051449844414,0.01657309816145933,0.006932046822982068,0.10452389588939097,43.1501,10.0,5,2,10
3246,0.023532319772261546,0.016600272949279477,0.006932046822982068,0.10360937915994195,46.1666,12.833300000000001,4,3,10
3262,0.0235419108952762,0.01660986407229413,0.006932046822982068,0.10799165338548115,18.0,5.0,2,1,4
93,0.023556259146653682,0.016624212323671613,0.006932046822982068,0.10367264923398023,68.3834,10.0,8,2,15
2731,0.0237047630090851,0.016772716186103032,0.006932046822982068,0.11160971912283818,8.4667,0.0,2,0,2
3791,0.023737469829412206,0.016805423006430138,0.006932046822982068,0.10200971629480333,64.6834,15.0,6,3,14
1253,0.02375928751355689,0.01682724069057482,0.006932046822982068,0.1049388636764114,49.683299999999996,6.083300000000001,7,2,13
4004,0.023796473095042577,0.016864426272060508,0.006932046822982068,0.11123903579964159,10.0667,0.0,2,0,3
1092,0.023799665931654113,0.016867619108672044,0.006932046822982068,0.09107951559689785,169.1499,45.9499,14,10,37
2920,0.02382441203741956,0.01689236521443749,0.006932046822982068,0.11155311875559679,3.7667,0.0,2,0,2
688,0.023837074900478768,0.0169050280774967,0.006932046822982068,0.1076147776149505,32.6,5.0,3,1,7
4129,0.02392344616589975,0.01699139934291768,0.006932046822982068,0.10263353468466034,62.85,15.0,6,3,14
2166,0.024075066838817008,0.01714302001583494,0.006932046822982068,0.10844963629021372,15.0,5.0,1,1,3
3276,0.024088102357539595,0.017156055534557527,0.006932046822982068,0.1018816382514074,60.0,20.0,4,4,12
1728,0.024183378955480152,0.017251332132498083,0.006932046822982068,0.1079352596124121,25.0,5.0,2,1,5
4684,0.024301883323179257,0.01736983650019719,0.006932046822982068,0.1033515658810115,52.5667,15.0,4,3,11
1410,0.024310048270222165,0.017378001447240096,0.006932046822982068,0.10040616630795768,63.1667,15.79995,7,4,15
4039,0.024311814627927697,0.01737976780494563,0.006932046822982068,0.10844963629021372,15.0,5.0,1,1,3
3157,0.024335716436325285,0.017403669613343217,0.006932046822982068,0.08942439313636583,93.8667,26.333349999999996,9,5,22
4046,0.02439145430317356,0.01745940748019149,0.006932046822982068,0.11161704628752998,4.433400000000001,0.0,2,0,2
4985,0.02449000728993688,0.017557960466954813,0.006932046822982068,0.11158913583082537,13.55,0.0,4,0,4
2237,0.024540014411812857,0.01760796758883079,0.006932046822982068,0.11074696709585999,15.2667,0.0,3,0,4
2242,0.02457333027093452,0.01764128344795245,0.006932046822982068,0.10818703320851522,19.7333,5.0,2,1,4
579,0.024577592660987895,0.017645545838005827,0.006932046822982068,0.10505016983087892,47.6,10.0,4,2,10
2036,0.024655090428108983,0.017723043605126915,0.006932046822982068,0.10844963629021372,15.0,5.0,1,1,3
586,0.024671473544087195,0.017739426721105126,0.006932046822982068,0.1018816382514074,60.0,20.0,4,4,12
2014,0.024728286104635074,0.017796239281653005,0.006932046822982068,0.10618673417086408,50.9166,5.0,7,1,13
2827,0.0247332022229992,0.017801155400017133,0.006932046822982068,0.07856309050310595,251.5,82.9333,19,15,52
636,0.024789305585555976,0.017857258762573908,0.006932046822982068,0.11158162242028136,8.700099999999999,0.0,3,0,3
512,0.024861678560107417,0.01792963173712535,0.006932046822982068,0.10552112346115992,39.55,9.649999999999999,3,2,8
3792,0.024984556757781617,0.018052509934799548,0.006932046822982068,0.10552610301276492,38.1167,10.0,3,2,8
2577,0.02505962557816751,0.01812757875518544,0.006932046822982068,0.09641968826133132,107.4166,33.6833,8,7,22
2974,0.025080380631804986,0.018148333808822917,0.006932046822982068,0.10461042150642526,39.5834,10.0,4,2,9
1113,0.025120648668580495,0.018188601845598427,0.006932046822982068,0.10377362458543052,42.216699999999996,10.0,6,2,11
2271,0.02545647470430571,0.018524427881323642,0.006932046822982068,0.07417274913018548,189.9999,68.4666,13,10,41
2773,0.025483793380992353,0.018551746558010285,0.006932046822982068,0.10844963629021372,15.0,5.0,1,1,3
3297,0.025493689684370737,0.01856164286138867,0.006932046822982068,0.10227665664579971,75.0,15.0,6,3,15
2972,0.02550174618991471,0.018569699366932643,0.006932046822982068,0.10821080806570207,19.9833,5.0,2,1,4
3389,0.025685133657176475,0.018753086834194407,0.006932046822982068,0.11016097781091111,21.4,0.0,3,0,5
1451,0.025716916479672062,0.018784869656689993,0.006932046822982068,0.10021175678647909,73.8833,20.0,7,4,16
3643,0.02572955510787196,0.01879750828488989,0.006932046822982068,0.10121552247361378,63.6833,20.0,5,4,13
20466,0.025780934303931802,0.018848887480949733,0.006932046822982068,0.1086119764317446,14.4667,4.46665,1,1,3
244,0.0259508010330421,0.01901875421006003,0.006932046822982068,0.1079549685064737,24.8,5.0,2,1,5
4486,0.025985454657060276,0.019053407834078207,0.006932046822982068,0.1079987412239346,24.6667,5.0,3,1,5
3025,0.025992805163214942,0.019060758340232874,0.006932046822982068,0.0983271928957855,96.7167,27.51665,7,6,20
60,0.02599548291906858,0.01906343609608651,0.006932046822982068,0.10555723516879408,56.65,5.0,9,1,15
4448,0.026130903835019353,0.019198857012037284,0.006932046822982068,0.10267978520654902,59.45,12.75,6,3,13
707,0.026131661378645733,0.019199614555663665,0.006932046822982068,0.10168382951206842,59.0333,15.0,7,3,13
1934,0.02614938842194969,0.01921734159896762,0.006932046822982068,0.08977139659161541,70.3167,25.9833,7,4,17
1660,0.026175490695383753,0.019243443872401685,0.006932046822982068,0.10489887405669442,41.4833,10.0,4,2,9
1560,0.02621037457741058,0.01927832775442851,0.006932046822982068,0.11091781129622866,13.9,0.0,3,0,4
3753,0.026223561008080983,0.019291514185098915,0.006932046822982068,0.08909097045458246,199.1833,48.0333,18,10,43
2756,0.026268850244872896,0.019336803421890827,0.006932046822982068,0.09790801724434121,99.7,30.0,7,6,20
3662,0.026402693387440987,0.01947064656445892,0.006932046822982068,0.10722692431670777,28.4333,5.0,5,1,7
4904,0.026414965817549912,0.019482918994567843,0.006932046822982068,0.1054792455464418,34.2667,10.0,3,2,7
2362,0.02642751453644184,0.019495467713459773,0.006932046822982068,0.11120921626039311,10.0,0.0,1,0,2
1895,0.02644102527732519,0.019508978454343122,0.006932046822982068,0.11167233437829353,1.3833,0.0,1,0,1
1989,0.026442848908438465,0.019510802085456396,0.006932046822982068,0.10056997890087785,78.7666,20.0,7,4,17
4423,0.026449070558106656,0.019517023735124588,0.006932046822982068,0.10620887853504293,28.9333,8.9333,2,2,6
389,0.026486384521630952,0.019554337698648883,0.006932046822982068,0.09898466919381689,68.9834,15.0,13,3,19
332,0.026563209737262148,0.01963116291428008,0.006932046822982068,0.10733464084687597,26.9833,5.0,3,1,6
3340,0.02666463712260691,0.01973259029962484,0.006932046822982068,0.11172819307524186,1.9833,0.0,1,0,1
3864,0.02673154614838116,0.01979949932539909,0.006932046822982068,0.1018816382514074,60.0,20.0,4,4,12
3391,0.026735800698671233,0.019803753875689164,0.006932046822982068,0.10483567644955827,41.9833,10.0,4,2,9
3050,0.026769467959750638,0.01983742113676857,0.006932046822982068,0.10812000615484826,19.0833,5.0,2,1,4
1349,0.026808089499458898,0.01987604267647683,0.006932046822982068,0.07163958339899759,383.9667,121.73335,31,23,81
2240,0.026820763459472183,0.019888716636490115,0.006932046822982068,0.10173239715599078,72.8167,15.96665,6,4,16
3800,0.026873332120820676,0.019941285297838608,0.006932046822982068,0.09998517019363043,95.5333,20.0,8,4,20
503,0.026961435880210043,0.020029389057227974,0.006932046822982068,0.09795629789723906,99.1833,25.0,9,5,21
3427,0.026962247902799642,0.020030201079817574,0.006932046822982068,0.09023608280393103,82.4001,25.0,7,3,18
3824,0.027081588268282487,0.020149541445300418,0.006932046822982068,0.10594029123580044,30.0,10.0,2,2,6
3495,0.02727178999204842,0.02033974316906635,0.006932046822982068,0.10413356917674535,50.8833,10.0,5,2,11
1206,0.02730180588623911,0.02036975906325704,0.006932046822982068,0.11165902707269401,1.25,0.0,1,0,1
3151,0.027327400559348052,0.020395353736365984,0.006932046822982068,0.10755377919983977,20.8833,5.0,3,1,5
98,0.02737286136486249,0.02044081454188042,0.006932046822982068,0.085837643919582,147.8333,51.0,10,9,31
425,0.027378031524220647,0.020445984701238578,0.006932046822982068,0.09739624469421597,99.4667,30.0,8,6,20
372,0.027558200882148488,0.02062615405916642,0.006932046822982068,0.10021086479252421,77.3333,20.0,7,4,16
4040,0.027569641931258434,0.020637595108276365,0.006932046822982068,0.1001064377112624,75.0,25.0,5,5,15
4210,0.027621506574403917,0.02068945975142185,0.006932046822982068,0.10752474904448062,26.8166,5.0,3,1,6
5090,0.027854592838888356,0.020922546015906287,0.006932046822982068,0.09702726667941827,108.35,30.0,9,6,23
1818,0.027854942976136894,0.020922896153154825,0.006932046822982068,0.10809442742467164,23.0833,5.0,2,1,5
3184,0.027881682046808312,0.020949635223826243,0.006932046822982068,0.11131039440716219,9.35,0.0,1,0,2
4407,0.028089183457509204,0.021157136634527136,0.006932046822982068,0.10541853000647493,33.8,10.0,3,2,7
150,0.028292172963130614,0.021360126140148546,0.006932046822982068,0.10064054678486033,67.55,20.0,6,4,14
4107,0.028322117070207965,0.021390070247225897,0.006932046822982068,0.10813435356695215,19.2167,5.0,2,1,4
4764,0.028353671226675665,0.021421624403693596,0.006932046822982068,0.10431662179466895,73.3167,16.81665,12,1,15
1711,0.02855116182404775,0.02161911500106568,0.006932046822982068,0.10267321469076846,55.6834,15.0,5,3,12
1941,0.028733416688263107,0.02180136986528104,0.006932046822982068,0.10322653055842664,49.0,15.0,4,3,10
388,0.02878066730050348,0.02184862047752141,0.006932046822982068,0.10767352619630426,29.75,5.0,3,1,6
663,0.02884321874936291,0.02191117192638084,0.006932046822982068,0.09861533739230051,81.0666,25.0,7,5,17
3959,0.02885812735327447,0.0219260805302924,0.006932046822982068,0.10594029123580044,30.0,10.0,2,2,6
2528,0.02935293965808123,0.02242089283509916,0.006932046822982068,0.107959101777236,17.75,5.0,2,1,4
1853,0.029372953281490734,0.022440906458508665,0.006932046822982068,0.10026870897259885,65.0,20.0,6,4,14
324,0.0294525759838861,0.02252052916090403,0.006932046822982068,0.1054236355835122,40.0,10.0,3,2,8
2087,0.029458187912276418,0.02252614108929435,0.006932046822982068,0.09601182664141603,112.65,32.4333,9,7,24
645,0.02957244043886092,0.02264039361587885,0.006932046822982068,0.08647914224831729,226.4332,61.54995,19,13,48
4411,0.02966222344700753,0.02273017662402546,0.006932046822982068,0.11166238914854276,1.2833,0.0,1,0,1
3360,0.029696005730741805,0.022763958907759736,0.006932046822982068,0.10803538225812304,18.35,5.0,2,1,4
20900,0.029762666745428937,0.02283061992244687,0.006932046822982068,0.11123854206832667,9.8167,0.0,1,0,2
1866,0.02982070811320994,0.02288866129022787,0.006932046822982068,0.10327157063346258,54.9833,15.0,4,3,11
5010,0.029835792941014697,0.022903746118032628,0.006932046822982068,0.10041601176433497,69.1833,20.0,6,4,15
2945,0.030003589872914092,0.023071543049932024,0.006932046822982068,0.10380474596768878,45.0,15.0,3,3,9
1084,0.03002870958359127,0.0230966627606092,0.006932046822982068,0.09844639297665064,90.0,30.0,6,6,18
3806,0.03007452520850637,0.0231424783855243,0.006932046822982068,0.10594029123580044,30.0,10.0,2,2,6
3565,0.03009957507922637,0.0231675282562443,0.006932046822982068,0.10327334050270535,54.95,15.0,4,3,11
2607,0.030119104405531342,0.023187057582549273,0.006932046822982068,0.09851434084124408,89.6167,29.61665,6,6,18
281,0.030175820621467602,0.023243773798485533,0.006932046822982068,0.10796351404609587,17.7833,5.0,2,1,4
3525,0.03017781194930491,0.023245765126322843,0.006932046822982068,0.07226965943836841,271.2501,80.45,24,12,58
3875,0.03025664253313888,0.023324595710156812,0.006932046822982068,0.10844963629021372,15.0,5.0,1,1,3
564,0.03037256822237033,0.02344052139938826,0.006932046822982068,0.10049832627875262,75.1333,15.0,10,3,18
4185,0.03037862008663189,0.023446573263649823,0.006932046822982068,0.10803592941693506,15.0,2.3832999999999984,3,1,5
3648,0.03046094519503133,0.023528898372049262,0.006932046822982068,0.10594029123580044,30.0,10.0,2,2,6
4168,0.03047267472685727,0.023540627903875202,0.006932046822982068,0.10018822125217577,96.8333,17.85,9,4,21
2236,0.030512367942741713,0.023580321119759644,0.006932046822982068,0.10550553849828023,36.4167,8.26665,4,2,8
2510,0.03056068351160615,0.023628636688624083,0.006932046822982068,0.10440729951919642,39.5333,10.0,5,2,9
3203,0.030811592191899082,0.023879545368917014,0.006932046822982068,0.10827266908363674,24.15,2.0833000000000013,3,1,6
4180,0.030902954241524016,0.023970907418541947,0.006932046822982068,0.0823719560094506,171.9167,54.799949999999995,13,10,38
974,0.03090558896540341,0.023973542142421343,0.006932046822982068,0.11137520273772662,11.6834,0.0,2,0,3
2755,0.03105383173131483,0.02412178490833276,0.006932046822982068,0.10046977479867811,85.6834,20.0,7,4,18
4011,0.031196434523215518,0.02426438770023345,0.006932046822982068,0.1116916807304744,1.5833,0.0,1,0,1
2858,0.03120843353457835,0.024276386711596282,0.006932046822982068,0.10423139098385045,45.8,10.9833,4,3,10
1785,0.031230790320887207,0.02429874349790514,0.006932046822982068,0.10189091701962044,66.6334,17.21665,5,4,14
3653,0.03125434355044657,0.0243222967274645,0.006932046822982068,0.1079352596124121,25.0,5.0,2,1,5
295,0.03130486963762164,0.024372822814639577,0.006932046822982068,0.10214942377060662,56.9501,14.350000000000001,6,3,13
3713,0.03132741768456958,0.02439537086158751,0.006932046822982068,0.10309326904550421,48.0833,15.0,4,3,10
992,0.0314227526012738,0.02449070577829173,0.006932046822982068,0.10552797954244172,38.0667,10.0,3,2,8
130,0.03146182081291789,0.024529773989935822,0.006932046822982068,0.10410897312137825,43.6167,13.61665,3,3,9
3930,0.031488561385225315,0.024556514562243247,0.006932046822982068,0.11158551952545431,10.816699999999999,0.0,2,0,3
366,0.031586585599456686,0.024654538776474617,0.006932046822982068,0.0938192741750273,128.1333,35.0,12,7,27
2178,0.031684534557501164,0.0247524877345191,0.006932046822982068,0.10844963629021372,15.0,5.0,1,1,3
518,0.031737229775237664,0.0248051829522556,0.006932046822982068,0.09897364913528676,89.95,23.4833,7,6,20
3628,0.03176119706804679,0.024829150245064723,0.006932046822982068,0.08839172856779402,190.3667,59.6,15,12,39
4104,0.03179029322151395,0.024858246398531885,0.006932046822982068,0.10844963629021372,15.0,5.0,1,1,3
20653,0.03184841589749215,0.024916369074510083,0.006932046822982068,0.10844963629021372,15.0,5.0,1,1,3
316,0.031913005667584385,0.024980958844602316,0.006932046822982068,0.1049672539407554,37.65,10.0,4,2,8
1551,0.03194200164923338,0.025009954826251315,0.006932046822982068,0.09728366539762348,102.3333,32.3333,7,7,21
1943,0.03236830261138001,0.025436255788397946,0.006932046822982068,0.0893868199945123,87.48349999999999,28.11665,8,4,19
253,0.03237376902714773,0.025441722204165667,0.006932046822982068,0.10693932823385192,29.583399999999997,5.0,5,1,8
4175,0.03263803044570499,0.025705983622722924,0.006932046822982068,0.09941126942565259,77.7334,24.61665,6,5,16
3465,0.03263986963121347,0.025707822808231407,0.006932046822982068,0.0812513623956316,126.5667,50.0,9,6,26
3468,0.03271683822463828,0.02578479140165621,0.006932046822982068,0.1018816382514074,60.0,20.0,4,4,12
4710,0.03275048505707404,0.025818438234091978,0.006932046822982068,0.11168269798760491,6.2833000000000006,0.0,1,0,2
4019,0.032764181736740734,0.025832134913758666,0.006932046822982068,0.09751166385144469,92.0833,30.0,7,6,19
2750,0.03278001180333591,0.025847964980353844,0.006932046822982068,0.11081538158126449,11.6834,0.0,3,0,4
2593,0.03284752410715186,0.025915477284169795,0.006932046822982068,0.1018945683099585,65.6833,13.6833,7,3,15
3450,0.032875893157699024,0.025943846334716955,0.006932046822982068,0.10844963629021372,15.0,5.0,1,1,3
3943,0.03290547599823971,0.025973429175257644,0.006932046822982068,0.10082184474230602,74.45,20.0,6,4,15
175,0.033194375511751986,0.026262328688769918,0.006932046822982068,0.10844963629021372,15.0,5.0,1,1,3
751,0.03321423537792742,0.026282188554945355,0.006932046822982068,0.10594029123580044,30.0,10.0,2,2,6
1653,0.033231875556948315,0.026299828733966246,0.006932046822982068,0.10514706268211216,45.15,10.0,4,2,10
4744,0.03324199051140027,0.026309943688418203,0.006932046822982068,0.10456792814568908,41.2,11.2,3,3,9
3444,0.033279652158227375,0.026347605335245307,0.006932046822982068,0.09697128063132432,114.85,24.299999999999997,11,6,26
2940,0.033357896495785425,0.02642584967280336,0.006932046822982068,0.11097222127835019,27.366600000000002,0.0,7,0,8
2051,0.03342041699460718,0.026488370171625118,0.006932046822982068,0.10594029123580044,30.0,10.0,2,2,6
4667,0.03344770673726011,0.02651565991427804,0.006932046822982068,0.1054236355835122,40.0,10.0,3,2,8
2743,0.03357501802198681,0.026642971199004745,0.006932046822982068,0.09151398902722814,150.48329999999999,45.0,13,9,32
2449,0.033619223637830174,0.026687176814848106,0.006932046822982068,0.11160181222320265,4.2166999999999994,0.0,2,0,2
4305,0.03366710946270235,0.026735062639720284,0.006932046822982068,0.10757519823630823,27.0,5.0,3,1,6
252,0.03380682479446084,0.02687477797147877,0.006932046822982068,0.07721390051435931,180.45,63.11665,15,9,38
752,0.033824264483619526,0.026892217660637457,0.006932046822982068,0.10310865998872774,51.3,12.55,5,3,12
257,0.033852208867057074,0.026920162044075005,0.006932046822982068,0.10844963629021372,15.0,5.0,1,1,3
1546,0.03385246910564347,0.026920422282661404,0.006932046822982068,0.10278027887723278,57.9001,10.0,9,2,15
1850,0.03404621010325909,0.02711416328027702,0.006932046822982068,0.10361326767077658,62.9667,10.0,8,2,16
1335,0.034054353164295524,0.027122306341313455,0.006932046822982068,0.08050289559199657,231.5001,59.6,21,10,50
4009,0.03409530000535796,0.02716325318237589,0.006932046822982068,0.10380474596768878,45.0,15.0,3,3,9
640,0.03415376636537117,0.027221719542389104,0.006932046822982068,0.10012497875295295,78.95,22.1333,6,5,17
4179,0.03415582259745058,0.02722377577446851,0.006932046822982068,0.10334664338664189,52.8833,15.0,4,3,11
1499,0.03418593971287122,0.027253892889889154,0.006932046822982068,0.10552438850430514,34.6333,10.0,3,2,7
1175,0.03434793398202475,0.027415887159042685,0.006932046822982068,0.10244388509898843,56.3,15.0,5,3,12
4539,0.034508459360779176,0.027576412537797107,0.006932046822982068,0.1035725887944574,46.5166,13.083300000000001,4,3,10
1338,0.03452895857160467,0.027596911748622607,0.006932046822982068,0.10844963629021372,15.0,5.0,1,1,3
2272,0.034655759806242165,0.0277237129832601,0.006932046822982068,0.1055659443703431,36.3333,10.0,3,2,8
2018,0.03470859155360046,0.027776544730618396,0.006932046822982068,0.09276456415809006,149.15,49.15,10,10,30
3201,0.03481915742852108,0.027887110605539014,0.006932046822982068,0.10555788126137716,36.9833,10.0,3,2,8
2772,0.034822466801140727,0.02789041997815866,0.006932046822982068,0.10289225845264378,60.5834,15.0,5,3,13
2446,0.034832472240454264,0.0279004254174722,0.006932046822982068,0.10780698866067451,22.7167,5.0,3,1,5
46,0.0349140141705494,0.027981967347567336,0.006932046822982068,0.10594029123580044,30.0,10.0,2,2,6
1118,0.03516975099953418,0.028237704176552112,0.006932046822982068,0.10807977533765141,23.3,5.0,2,1,5
323,0.035212134030078474,0.028280087207096405,0.006932046822982068,0.10816383054054865,19.5,5.0,2,1,4
1564,0.03522521437311563,0.028293167550133565,0.006932046822982068,0.10844963629021372,15.0,5.0,1,1,3
937,0.03522569651778564,0.028293649694803576,0.006932046822982068,0.10594029123580044,30.0,10.0,2,2,6
3872,0.03526087214217949,0.02832882531919742,0.006932046822982068,0.10167265394251486,51.4167,12.45,7,3,13
1019,0.03532971373779813,0.02839766691481606,0.006932046822982068,0.09941061603034616,82.35,21.15,7,5,18
1172,0.035369882230779706,0.02843783540779764,0.006932046822982068,0.06652644787221237,278.1,105.0,21,13,58
917,0.03540053741682219,0.028468490593840122,0.006932046822982068,0.10837775363457139,17.2333,3.8999999999999986,2,1,4
357,0.03551860232428898,0.028586555501306912,0.006932046822982068,0.09859202361625209,83.4667,19.816650000000003,10,4,19
64,0.035693828881230315,0.02876178205824825,0.006932046822982068,0.10295036399417294,69.75,12.51665,6,3,15
1980,0.03569825272568275,0.028766205902700685,0.006932046822982068,0.1018816382514074,60.0,20.0,4,4,12
2687,0.03580590827912462,0.02887386145614255,0.006932046822982068,0.10594029123580044,30.0,10.0,2,2,6
946,0.03589682027514062,0.028964773452158553,0.006932046822982068,0.09136376776961828,165.0,55.0,11,11,33
2774,0.035965200319665235,0.02903315349668317,0.006932046822982068,0.10821080806570207,19.9833,5.0,2,1,4
1951,0.036046970197050804,0.029114923374068735,0.006932046822982068,0.07326540407231374,210.05,74.29995,15,9,43
4894,0.036096585758924264,0.0291645389359422,0.006932046822982068,0.10844963629021372,15.0,5.0,1,1,3
582,0.03625750970266194,0.029325462879679874,0.006932046822982068,0.10844963629021372,15.0,5.0,1,1,3
4361,0.036328376408736436,0.02939632958575437,0.006932046822982068,0.10702900215658559,33.3167,5.0,4,1,8
3573,0.03673403221596655,0.02980198539298448,0.006932046822982068,0.1001064377112624,75.0,25.0,5,5,15
2110,0.03681549777461507,0.029883450951633,0.006932046822982068,0.10005029325882836,75.9,21.883300000000002,6,5,16
1953,0.036902114566616906,0.02997006774363484,0.006932046822982068,0.10494809789827363,49.6667,10.0,4,2,10
3497,0.03690952731258812,0.02997748048960605,0.006932046822982068,0.09242392979578962,156.5,45.0,12,9,32
2726,0.03691135950889124,0.029979312685909174,0.006932046822982068,0.10808271550897221,18.75,5.0,2,1,4
3600,0.036917056768633,0.029985009945650933,0.006932046822982068,0.0727053817300445,218.2666,82.63329999999999,15,11,46
4050,0.03694822553279029,0.030016178709808227,0.006932046822982068,0.08991676476807259,149.3999,42.3333,13,8,32
2640,0.036998813517518825,0.03006676669453676,0.006932046822982068,0.09141681725598617,77.4332,18.2833,8,2,17
4561,0.037134719384322064,0.03020267256134,0.006932046822982068,0.09993846384614045,76.9333,18.45,8,4,17
3002,0.03713671841042444,0.03020467158744237,0.006932046822982068,0.10347352053310428,49.3833,10.0,7,2,12
669,0.03713765889605721,0.030205612073075146,0.006932046822982068,0.10844963629021372,15.0,5.0,1,1,3
2003,0.03738734316941773,0.030455296346435665,0.006932046822982068,0.0904144041926143,180.9834,55.0,13,11,37
3739,0.037463394211330464,0.030531347388348395,0.006932046822982068,0.09328853056968714,146.26670000000001,39.35,12,8,31
936,0.03766875108763836,0.030736704264656297,0.006932046822982068,0.10611367048133015,36.55,6.550000000000001,4,2,8
2284,0.0377119410688377,0.030779894245855633,0.006932046822982068,0.08659803465571607,139.73329999999999,50.0,9,8,28
185,0.0380084915695241,0.031076444746542035,0.006932046822982068,0.09795324771405252,89.6333,27.4333,7,6,19
318,0.03805958354162153,0.031127536718639468,0.006932046822982068,0.09434227597881008,128.3167,36.9,10,8,27
3635,0.038338595733386764,0.031406548910404695,0.006932046822982068,0.09112834963560705,163.7334,39.16665,17,8,37
909,0.03835771166910895,0.03142566484612688,0.006932046822982068,0.10600059009026352,29.7667,9.76665,2,2,6
1100,0.03859818968043122,0.031666142857449155,0.006932046822982068,0.10729990794810594,24.0334,5.0,4,1,6
460,0.038647277790851295,0.031715230967869226,0.006932046822982068,0.10844963629021372,15.0,5.0,1,1,3
1181,0.03874242157778288,0.031810374754800815,0.006932046822982068,0.10312596943078728,48.3,15.0,4,3,10
2741,0.03886217044815584,0.03193012362517377,0.006932046822982068,0.10166692347890349,65.5,18.65,5,4,14
2373,0.03892377279585293,0.03199172597287086,0.006932046822982068,0.09562470874739333,112.5166,25.0,13,5,25
437,0.03898053303701737,0.032048486214035304,0.006932046822982068,0.07465496720900945,174.5834,71.5667,11,8,36
3317,0.03902201893868194,0.032089972115699875,0.006932046822982068,0.0932957009228316,144.5166,40.0,12,8,30
2057,0.03904410294571061,0.03211205612272854,0.006932046822982068,0.1018816382514074,60.0,20.0,4,4,12
2141,0.03912891985942829,0.03219687303644622,0.006932046822982068,0.10262466443348797,53.5,12.2,6,3,13
2937,0.03913051594448454,0.03219846912150247,0.006932046822982068,0.10686652701239142,27.9167,5.0,4,1,7
1368,0.03938809426385984,0.032456047440877774,0.006932046822982068,0.10640895254851315,38.1333,5.0,5,1,9
4581,0.03940584132412911,0.03247379450114704,0.006932046822982068,0.10603644769105651,28.5666,6.433299999999999,3,2,7
2436,0.0394286193965821,0.03249657257360003,0.006932046822982068,0.10603959056826137,27.7833,6.083300000000001,3,2,7
4258,0.03943677021805634,0.03250472339507427,0.006932046822982068,0.10546499340501467,39.3667,10.0,3,2,8
4393,0.0394442878794022,0.03251224105642013,0.006932046822982068,0.09360581691958586,144.9666,35.74995,12,9,32
1412,0.03952501590088245,0.03259296907790038,0.006932046822982068,0.10247926929138636,54.8333,12.05,6,3,13
1131,0.03954383575240192,0.03261178892941985,0.006932046822982068,0.10033815682660914,71.25,20.0,6,4,15
2792,0.03960150345802477,0.0326694566350427,0.006932046822982068,0.08438706363002407,146.85,46.833299999999994,11,8,32
4922,0.03966913545918837,0.0327370886362063,0.006932046822982068,0.10752912328203189,29.6833,5.0,4,1,7
1070,0.03992995740924093,0.03299791058625886,0.006932046822982068,0.10748064025567167,28.4167,5.0,4,1,7
3782,0.03994862576369514,0.033016578940713075,0.006932046822982068,0.10818677954828379,21.1667,5.0,2,1,5
2167,0.03996835093735906,0.03303630411437699,0.006932046822982068,0.1006515523300698,67.6167,20.0,6,4,14
1303,0.040299388310413235,0.03336734148743117,0.006932046822982068,0.1018816382514074,60.0,20.0,4,4,12
2012,0.04033957096605075,0.03340752414306868,0.006932046822982068,0.10808653998911256,18.7833,5.0,2,1,4
1233,0.04036215614382968,0.03343010932084761,0.006932046822982068,0.09547144666144525,122.1999,30.0,12,6,27
189,0.04051810840628725,0.03358606158330518,0.006932046822982068,0.0863164111342247,104.3669,30.0,13,4,25
4526,0.040689769274976,0.03375772245199393,0.006932046822982068,0.09734815129108738,101.8333,31.8333,7,7,21
1183,0.04081887541893008,0.033886828595948014,0.006932046822982068,0.08292572806186174,300.1166,75.0,25,15,64
2659,0.04082571776332433,0.03389367094034226,0.006932046822982068,0.10637263956036919,47.0334,5.0,6,1,11
1602,0.04085496670353425,0.03392291988055218,0.006932046822982068,0.10844963629021372,15.0,5.0,1,1,3
3314,0.04088163758605096,0.033949590763068895,0.006932046822982068,0.10318339658678413,48.1333,11.833300000000001,5,3,11
933,0.040890599705592466,0.0339585528826104,0.006932046822982068,0.10757834708937992,31.1167,5.0,4,1,8
4138,0.04095197314427492,0.03401992632129285,0.006932046822982068,0.10769568262652093,21.8667,5.0,3,1,5
2235,0.04109842909190921,0.03416638226892714,0.006932046822982068,0.10022523516403088,72.3499,15.0,10,3,17
717,0.04131642031821258,0.03438437349523051,0.006932046822982068,0.06446354186614597,343.35,128.21665,25,19,72
1844,0.04158355293179388,0.03465150610881181,0.006932046822982068,0.09654556479210856,107.05,26.5,10,6,24
1278,0.0417739755756431,0.03484192875266103,0.006932046822982068,0.10535650163917239,33.35,10.0,3,2,7
4114,0.04207323560083225,0.035141188777850184,0.006932046822982068,0.10809598101496298,18.8667,5.0,2,1,4
2154,0.04224962668197981,0.03531757985899774,0.006932046822982068,0.06791471264938663,310.5835,97.89995,26,15,68
3733,0.04241280033660056,0.03548075351361849,0.006932046822982068,0.10397450687493663,49.0501,10.0,6,2,11
4795,0.04257595593075991,0.035643909107777844,0.006932046822982068,0.10044670094438878,66.0667,20.0,6,4,14
3835,0.042589594557609696,0.03565754773462763,0.006932046822982068,0.09807095027924641,100.4001,25.0,9,5,21
785,0.04261063108247006,0.03567858425948799,0.006932046822982068,0.09042303846940764,180.9,50.0,14,10,37
407,0.04267109626898949,0.03573904944600742,0.006932046822982068,0.10594029123580044,30.0,10.0,2,2,6
1705,0.04278631232086918,0.03585426549788711,0.006932046822982068,0.09651582539467923,116.1333,30.0,10,6,25
722,0.04288514681224752,0.03595309998926545,0.006932046822982068,0.10018256658598616,74.6,24.6,5,5,15
3915,0.04290778100195816,0.03597573417897609,0.006932046822982068,0.10380474596768878,45.0,15.0,3,3,9
5097,0.04293035881291411,0.035998311989932044,0.006932046822982068,0.05598878251510175,361.8334,179.6167,19,15,74
2004,0.04296629595362449,0.036034249130642425,0.006932046822982068,0.09783252133719,94.25,30.0,7,6,19
4991,0.04309763400797011,0.036165587184988045,0.006932046822982068,0.10789542387946773,17.2833,5.0,2,1,4
21387,0.04315403807524836,0.03622199125226629,0.006932046822982068,0.10844963629021372,15.0,5.0,1,1,3
1992,0.043299831168017305,0.03636778434503524,0.006932046822982068,0.10844963629021372,15.0,5.0,1,1,3
4868,0.04342526565818881,0.03649321883520674,0.006932046822982068,0.104043262949578,46.25,10.0,6,2,11
3470,0.043485122387599606,0.03655307556461754,0.006932046822982068,0.09844639297665064,90.0,30.0,6,6,18
205,0.043546038330862465,0.036613991507880396,0.006932046822982068,0.10798308869489111,17.9333,5.0,2,1,4
2473,0.04356945858372354,0.03663741176074147,0.006932046822982068,0.1022825349353542,57.9333,17.9333,4,4,12
4012,0.04361114616871628,0.03667909934573421,0.006932046822982068,0.10502672156618831,38.05,10.0,4,2,8
4156,0.043758371393304435,0.036826324570322366,0.006932046822982068,0.08954772004241954,163.4334,41.26665,18,9,37
2965,0.04420890063759351,0.03727685381461144,0.006932046822982068,0.10808551802112087,23.2167,5.0,2,1,5
2530,0.04422095611967855,0.03728890929669648,0.006932046822982068,0.10508890850747837,31.6333,10.0,3,2,7
3278,0.04437737814870111,0.03744533132571904,0.006932046822982068,0.09558441784391325,124.6665,25.0,14,5,28
858,0.044420471888246625,0.037488425065264556,0.006932046822982068,0.09670913256140291,97.4333,21.5333,11,6,23
3935,0.04451251809830129,0.03758047127531922,0.006932046822982068,0.08338586381661257,110.0,50.0,6,6,22
4251,0.044513797268836225,0.037581750445854156,0.006932046822982068,0.10844963629021372,15.0,5.0,1,1,3
3293,0.044529156027954465,0.0375971092049724,0.006932046822982068,0.10576333741494688,29.3334,7.46665,3,2,7
1896,0.04483516863758895,0.03790312181460688,0.006932046822982068,0.09979717343722976,74.7333,20.0,7,4,16
1898,0.0449069025643473,0.03797485574136523,0.006932046822982068,0.0871631273135168,130.0,50.0,8,8,26
2440,0.044917758902640895,0.037985712079658826,0.006932046822982068,0.10746335586878777,27.0334,5.0,3,1,6
3882,0.04497768094428055,0.03804563412129848,0.006932046822982068,0.1017704817376294,63.5167,15.0,7,3,14
2195,0.04503362544209724,0.03810157861911517,0.006932046822982068,0.10586767518710426,29.3333,7.199999999999999,3,2,7
4668,0.045075100939124146,0.03814305411614208,0.006932046822982068,0.1077276616176852,16.1667,5.0,2,1,4
1741,0.04513854844677148,0.03820650162378941,0.006932046822982068,0.09264048328072795,162.6167,29.166600000000003,20,6,37
1659,0.04515686634137709,0.03822481951839502,0.006932046822982068,0.09976568106952849,100.9,20.0,9,4,22
3208,0.04521918779293029,0.03828714096994822,0.006932046822982068,0.07934105601368967,237.2166,75.0,19,13,51
2776,0.04538204793652594,0.03845000111354387,0.006932046822982068,0.0897783366534197,164.0833,50.0,14,10,35
871,0.045382868293783254,0.038450821470801186,0.006932046822982068,0.11151728016621444,3.0834,0.0,2,0,2
162,0.04594631681334813,0.039014269990366064,0.006932046822982068,0.10311848710391792,48.25,15.0,4,3,10
2126,0.04607937817537815,0.03914733135239608,0.006932046822982068,0.10223823398893234,72.9834,15.0,7,3,16
3551,0.04614228131792212,0.03921023449494005,0.006932046822982068,0.10408132505674768,45.85,11.26665,4,3,10
1115,0.046149593884617854,0.039217547061635785,0.006932046822982068,0.10050585812629023,83.3833,20.0,7,4,18
2690,0.04621710939491393,0.03928506257193186,0.006932046822982068,0.10561009174638498,45.9333,6.149999999999999,6,2,11
4910,0.04624914102778358,0.03931709420480151,0.006932046822982068,0.08785110397297514,213.95,62.26665,16,13,44
4091,0.046397970288689146,0.03946592346570708,0.006932046822982068,0.10130521052109158,65.1833,17.0333,6,4,14
753,0.046537559131044196,0.03960551230806213,0.006932046822982068,0.10594029123580044,30.0,10.0,2,2,6
4586,0.04656961336396329,0.039637566540981224,0.006932046822982068,0.10222939614303846,62.85,15.0,6,3,14
1697,0.046697150458978494,0.039765103635996425,0.006932046822982068,0.1029852233419871,47.4,15.0,4,3,10
2897,0.046811589849278364,0.039879543026296295,0.006932046822982068,0.08046304682218311,238.76670000000001,75.0,17,13,49
686,0.046884772510243776,0.03995272568726171,0.006932046822982068,0.09432607468211332,121.0667,40.0,9,8,25
1881,0.046957954619372334,0.040025907796390266,0.006932046822982068,0.0922619241847077,160.7334,43.2333,13,9,33
1626,0.046971562608207944,0.040039515785225875,0.006932046822982068,0.10292701510175373,58.9666,11.71665,6,3,13
1440,0.04702262325849954,0.04009057643551747,0.006932046822982068,0.09494998387595682,114.6833,32.1333,10,7,25
2639,0.047372811269752714,0.040440764446770645,0.006932046822982068,0.10088568221092811,86.70009999999999,15.0,9,3,19
1843,0.0473778654200231,0.04044581859704103,0.006932046822982068,0.09488459366670386,128.6833,40.0,9,8,26
1022,0.04748967520182297,0.0405576283788409,0.006932046822982068,0.10497653192709455,52.2,8.399999999999999,6,2,11
1086,0.04753179144599121,0.040599744623009144,0.006932046822982068,0.09034538650014262,178.01670000000001,55.0,13,11,36
999,0.04774305313950976,0.04081100631652769,0.006932046822982068,0.0934762364312715,149.4334,31.9,15,7,32
863,0.047771963935162774,0.040839917112180706,0.006932046822982068,0.10489810470676919,33.2334,8.75,4,2,8
585,0.04780342697446444,0.040871380151482374,0.006932046822982068,0.1001064377112624,75.0,25.0,5,5,15
3136,0.04782151323161866,0.04088946640863659,0.006932046822982068,0.09534212047332759,125.8333,26.05,13,6,28
3901,0.047860398130349355,0.040928351307367286,0.006932046822982068,0.07521311596252735,278.4332,65.59995,28,11,63
1776,0.048166149303762756,0.04123410248078069,0.006932046822982068,0.08043619930066147,322.15,88.91665,26,19,68
4839,0.04844403138481096,0.04151198456182889,0.006932046822982068,0.10488275231316664,59.9501,6.46665,7,2,14
3681,0.04845499975784976,0.04152295293486769,0.006932046822982068,0.08870516554965958,200.3499,60.0,15,12,41
145,0.04902422396361162,0.04209217714062955,0.006932046822982068,0.09539037731125391,111.66669999999999,31.583299999999998,10,7,24
813,0.04918928962933144,0.04225724280634937,0.006932046822982068,0.10380474596768878,45.0,15.0,3,3,9
1144,0.049392554200661895,0.042460507377679826,0.006932046822982068,0.10527357986845971,32.7833,10.0,3,2,7
3838,0.04941465755530822,0.04248261073232615,0.006932046822982068,0.09268077358007068,153.6667,34.7166,14,9,35
4033,0.04954524466484124,0.04261319784185917,0.006932046822982068,0.1003570704240553,70.9334,20.0,6,4,15
4057,0.04956287881684953,0.04263083199386746,0.006932046822982068,0.10793673356650606,26.8833,5.0,3,1,6
965,0.049580373399471495,0.042648326576489426,0.006932046822982068,0.10430698238478281,42.6333,12.633299999999998,3,3,9
4590,0.049606944046122634,0.042674897223140565,0.006932046822982068,0.10552438850430514,34.6333,10.0,3,2,7
4498,0.0497120144148411,0.04277996759185903,0.006932046822982068,0.10542480839222404,39.9833,10.0,3,2,8
4331,0.049714366732219614,0.042782319909237546,0.006932046822982068,0.0926476031013586,150.0,50.0,10,10,30
2164,0.04980146113755711,0.04286941431457504,0.006932046822982068,0.10880865395180486,13.8,3.8000000000000007,1,1,3
382,0.04987984088170341,0.042947794058721345,0.006932046822982068,0.10051769869827712,72.6667,22.666649999999997,5,5,15
4209,0.04988438053224953,0.04295233370926746,0.006932046822982068,0.09085965616554617,159.5166,42.21665,15,9,35
4446,0.05000363528220443,0.04307158845922236,0.006932046822982068,0.08689874199637619,208.7167,56.15,19,12,46
4434,0.05003644858477879,0.04310440176179672,0.006932046822982068,0.10424798880562178,61.35,9.2833,7,2,14
842,0.05014398369095528,0.043211936867973214,0.006932046822982068,0.09844639297665064,90.0,30.0,6,6,18
328,0.050158589731857765,0.0432265429088757,0.006932046822982068,0.08002708696723763,195.4333,57.9333,18,10,43
774,0.05016700489769067,0.043234958074708604,0.006932046822982068,0.06357261644162843,291.5666,118.7,21,14,61
2638,0.0502556875329071,0.04332364070992503,0.006932046822982068,0.10441313462113141,44.1333,10.0,5,2,10
4397,0.05035152361845047,0.0434194767954684,0.006932046822982068,0.1078104769173013,16.7,5.0,2,1,4
1020,0.05056300389040116,0.04363095706741909,0.006932046822982068,0.0953726677071311,120.6333,36.0333,9,8,25
548,0.05060358061482803,0.04367153379184596,0.006932046822982068,0.10791578192722656,39.0166,3.1999999999999993,6,1,10
2673,0.05070875970655261,0.04377671288357054,0.006932046822982068,0.10128163389935069,67.7667,15.0,8,3,16
976,0.050716285428261294,0.043784238605279226,0.006932046822982068,0.0996343318638648,90.3333,21.8333,7,5,19
4167,0.05075480207138392,0.04382275524840185,0.006932046822982068,0.09952809468195682,89.4667,18.86665,10,4,20
1803,0.05089168978963187,0.0439596429666498,0.006932046822982068,0.09089072641567192,160.76670000000001,47.1833,13,10,34
4883,0.05120163092655169,0.04426958410356962,0.006932046822982068,0.1049921994220734,43.0667,10.0,4,2,9
735,0.051237244829308894,0.044305198006326825,0.006932046822982068,0.08970413989917646,198.7,53.9,15,11,41
354,0.0513293476786713,0.04439730085568923,0.006932046822982068,0.11034568056343474,21.3833,0.0,3,0,5
5001,0.051602217537190936,0.04467017071420887,0.006932046822982068,0.10812721922895284,19.15,5.0,2,1,4
4529,0.051620614531479696,0.04468856770849763,0.006932046822982068,0.07827138734497882,243.4,80.0,20,14,51
900,0.05188481764570597,0.0449527708227239,0.006932046822982068,0.06635140807501122,353.6833,123.2332,26,19,75
597,0.05199031423565098,0.04505826741266891,0.006932046822982068,0.10664287238749853,31.0667,5.0,5,1,8
4287,0.052041133014599505,0.04510908619161744,0.006932046822982068,0.10009201573431646,63.7,20.0,6,4,14
3789,0.052190658572801044,0.045258611749818975,0.006932046822982068,0.10753977314716939,37.0667,1.5333000000000006,5,1,9
4221,0.05220244917816457,0.0452704023551825,0.006932046822982068,0.10833196285422989,23.65,3.6499999999999986,2,1,5
4866,0.052440467849503986,0.04550842102652192,0.006932046822982068,0.06991578097814362,279.7832,87.4333,22,12,59
13,0.05257647820830545,0.045644431385323384,0.006932046822982068,0.08713414364132274,208.7,57.900000000000006,18,12,45
4088,0.05260153083819585,0.04566948401521378,0.006932046822982068,0.10844963629021372,15.0,5.0,1,1,3
3690,0.052646881468355,0.04571483464537293,0.006932046822982068,0.10844963629021372,15.0,5.0,1,1,3
2658,0.05273921499219697,0.0458071681692149,0.006932046822982068,0.10276167101246556,57.0,11.149999999999999,7,3,13
2320,0.052823881930304774,0.045891835107322705,0.006932046822982068,0.06975521659580576,207.3166,82.6666,15,9,44
740,0.05305060690093426,0.04611856007795219,0.006932046822982068,0.10380474596768878,45.0,15.0,3,3,9
84,0.05310593960201502,0.04617389277903295,0.006932046822982068,0.10016787237348099,84.7166,15.0,11,3,20
3407,0.053242378719491223,0.046310331896509155,0.006932046822982068,0.10166356843195959,77.1333,16.0,7,4,16
3687,0.05328675224120623,0.04635470541822416,0.006932046822982068,0.09790611125719763,95.8166,26.6333,8,6,20
3479,0.053339913654784354,0.046407866831802286,0.006932046822982068,0.06519943322503538,389.2832,119.6499,33,21,86
4729,0.05340550102357809,0.04647345420059602,0.006932046822982068,0.10571208259312016,33.1833,6.5333000000000006,4,2,8
2222,0.0537218838054888,0.04678983698250673,0.006932046822982068,0.10606106507364549,39.7667,6.699949999999999,4,2,10
603,0.053809064285756554,0.046877017462774485,0.006932046822982068,0.10380474596768878,45.0,15.0,3,3,9
439,0.05383453732828925,0.04690249050530718,0.006932046822982068,0.10081629151417744,61.2,19.9833,5,4,13
2094,0.054031442666944506,0.04709939584396244,0.006932046822982068,0.0984553696355569,89.95,29.95,6,6,18
1884,0.054108748682564455,0.047176701859582386,0.006932046822982068,0.09998229068963231,88.4833,15.0,11,3,21
168,0.05414315256190321,0.04721110573892114,0.006932046822982068,0.10534225632278245,33.25,10.0,3,2,7
2843,0.054148976411233854,0.047216929588251785,0.006932046822982068,0.06350976015100274,342.3334,141.23329999999999,21,19,70
3243,0.05442312563516956,0.04749107881218749,0.006932046822982068,0.07645138160724112,181.4667,67.75,14,9,38
2946,0.05464932254502719,0.04771727572204512,0.006932046822982068,0.10594029123580044,30.0,10.0,2,2,6
3743,0.05477598978126569,0.04784394295828362,0.006932046822982068,0.1018816382514074,60.0,20.0,4,4,12
2481,0.05499188725863851,0.04805984043565644,0.006932046822982068,0.10844963629021372,15.0,5.0,1,1,3
950,0.05506216271494866,0.04813011589196659,0.006932046822982068,0.10135228885131237,69.6,20.0,5,4,14
1620,0.05522090966857631,0.04828886284559424,0.006932046822982068,0.10214309088634835,64.2667,14.316650000000001,6,3,14
1529,0.05531384208627652,0.048381795263294454,0.006932046822982068,0.10820300085238291,19.9,5.0,2,1,4
3894,0.05559880168967429,0.048666754866692225,0.006932046822982068,0.10380474596768878,45.0,15.0,3,3,9
3166,0.05560404468951744,0.04867199786653537,0.006932046822982068,0.08967703350336084,171.5667,52.26665,14,11,36
4085,0.05569738247439294,0.04876533565141087,0.006932046822982068,0.08508335433046463,160.0,60.0,10,10,32
376,0.05571668414780903,0.04878463732482696,0.006932046822982068,0.10064968451251671,81.0667,18.166649999999997,7,4,17
1180,0.05589538736266001,0.04896334053967794,0.006932046822982068,0.0941650230616073,138.4834,35.0,12,7,29
3247,0.0559186332819996,0.04898658645901753,0.006932046822982068,0.1018816382514074,60.0,20.0,4,4,12
1533,0.056069526143911086,0.04913747932092902,0.006932046822982068,0.107903386914088,28.4334,5.0,3,1,7
3045,0.056321494928513634,0.049389448105531565,0.006932046822982068,0.10005044616173832,70.6833,19.9833,7,4,15
4388,0.056379504715654345,0.04944745789267228,0.006932046822982068,0.10594029123580044,30.0,10.0,2,2,6
4721,0.05642722306017425,0.049495176237192184,0.006932046822982068,0.1018816382514074,60.0,20.0,4,4,12
2876,0.05673364391527422,0.04980159709229215,0.006932046822982068,0.0914961355797001,166.1,48.1833,13,10,34
4368,0.05674484812695795,0.04981280130397588,0.006932046822982068,0.1036339452795282,57.1333,10.0,7,2,13
3697,0.057000661609872945,0.050068614786890876,0.006932046822982068,0.09200541773121965,138.7167,32.48325,16,8,32
277,0.05703154179696212,0.05009949497398005,0.006932046822982068,0.09111988992854364,151.76670000000001,39.2,16,8,34
136,0.05714888769611263,0.05021684087313056,0.006932046822982068,0.10033155013629685,74.3666,20.0,7,4,16
1106,0.057166244289351104,0.050234197466369035,0.006932046822982068,0.06116100743999057,302.2333,134.31665,18,13,62
1760,0.05721899695984367,0.0502869501368616,0.006932046822982068,0.10795466998411783,17.7167,5.0,2,1,4
1209,0.057346071395423935,0.050414024572441866,0.006932046822982068,0.0913493771746785,150.7167,46.81665,12,10,32
390,0.05735032821930324,0.05041828139632117,0.006932046822982068,0.10459315788888213,34.6833,10.0,4,2,8
510,0.057399503159080746,0.05046745633609868,0.006932046822982068,0.09121556925410461,160.3167,42.46665,14,9,35
6,0.05744649620484994,0.050514449381867874,0.006932046822982068,0.10749658047811918,28.1833,5.0,4,1,7
208,0.057684209122820455,0.05075216229983839,0.006932046822982068,0.10031772087511981,85.8499,17.9,8,4,19
1403,0.0577251085453205,0.05079306172233843,0.006932046822982068,0.09937194170268679,78.35,25.0,6,5,16
4245,0.05787132429034452,0.05093927746736245,0.006932046822982068,0.07165874656265318,211.23329999999999,79.2333,17,10,45
2790,0.05794764289707523,0.05101559607409316,0.006932046822982068,0.10387911670532911,44.4667,11.3,4,3,10
3476,0.05805592407443374,0.05112387725145167,0.006932046822982068,0.09141585910766561,179.48329999999999,39.85,17,8,40
326,0.058087492634333944,0.051155445811351875,0.006932046822982068,0.1028609591778068,60.0,15.0,5,3,12
2342,0.0581923214816998,0.051260274658717735,0.006932046822982068,0.0925922621117089,149.2166,36.7,14,8,32
2777,0.058455399601058916,0.05152335277807685,0.006932046822982068,0.1029848181976357,73.8,10.0,11,2,17
3013,0.05867986430754855,0.05174781748456648,0.006932046822982068,0.1060931828461079,31.3167,7.36665,3,2,7
2351,0.05868802515903444,0.051755978336052375,0.006932046822982068,0.10514143094407788,43.6,10.0,4,2,9
1265,0.0588742791421981,0.05194223231921603,0.006932046822982068,0.10080195431718267,73.0667,20.0,6,4,15
1617,0.059026546335345834,0.052094499512363765,0.006932046822982068,0.09792729405069818,97.65,30.0,7,6,20
384,0.0591725372516359,0.05224049042865383,0.006932046822982068,0.10464534067896161,53.2833,10.0,5,2,11
4438,0.05933919754174942,0.05240715071876735,0.006932046822982068,0.10335531995110715,58.4667,13.133299999999998,5,3,13
4457,0.05946426286905276,0.05253221604607069,0.006932046822982068,0.08503793522264494,251.2666,65.71665,21,14,54
1332,0.059505728517800165,0.052573681694818096,0.006932046822982068,0.09688195332003037,105.0,35.0,7,7,21
970,0.05954268634787136,0.05261063952488929,0.006932046822982068,0.09003035093646829,78.3334,30.0,6,4,17
4086,0.059560201703281565,0.052628154880299496,0.006932046822982068,0.10245026410988681,51.25,14.96665,5,3,11
803,0.059562272263158106,0.05263022544017604,0.006932046822982068,0.08184387628092678,188.3334,58.56665,16,10,41
3101,0.059658273040845956,0.05272622621786389,0.006932046822982068,0.10561039695289634,39.6833,8.26665,4,2,9
10,0.05989979017910452,0.05296774335612245,0.006932046822982068,0.09959689679579635,80.0,25.0,6,5,16
3825,0.06018771401389516,0.05325566719091309,0.006932046822982068,0.09257218679654516,158.2166,45.0,12,9,33
392,0.060810901598193794,0.053878854775211725,0.006932046822982068,0.05599071093276988,363.3834,178.2334,20,16,75
1482,0.06107953788399244,0.05414749106101037,0.006932046822982068,0.08456089681296328,147.1501,48.41665,12,8,32
1688,0.0611777026828796,0.05424565585989753,0.006932046822982068,0.1009590670633014,74.1667,20.0,6,4,16
1899,0.061250981052090786,0.05431893422910872,0.006932046822982068,0.08862712942196038,196.25,52.95,17,11,41
3179,0.06128805773377687,0.054356010910794804,0.006932046822982068,0.09947387197574956,66.35,20.0,7,4,15
3572,0.06162547582477405,0.05469342900179198,0.006932046822982068,0.10391066419092009,44.5333,14.5333,3,3,9
1999,0.06165450908962798,0.05472246226664591,0.006932046822982068,0.06381525791878621,363.65,122.4666,29,17,77
3448,0.061658655640365906,0.05472660881738384,0.006932046822982068,0.10744198709983456,19.5333,5.0,3,1,5
3519,0.06168548739528529,0.05475344057230322,0.006932046822982068,0.08813997871854554,181.1666,47.6333,16,9,38
5071,0.06183997854067578,0.05490793171769371,0.006932046822982068,0.09561054801456038,119.6,30.0,11,6,26
1832,0.06201294319537699,0.055080896372394925,0.006932046822982068,0.10810347237384664,18.9333,5.0,2,1,4
4109,0.062177861847318876,0.05524581502433681,0.006932046822982068,0.08888696448343551,189.4834,46.24995,18,10,41
973,0.062228347903873396,0.05529630108089133,0.006932046822982068,0.08110538251708811,138.9167,53.9333,9,7,29
157,0.06245165985517636,0.05551961303219429,0.006932046822982068,0.10252735590354538,56.4667,16.46665,4,4,12
3762,0.06248485296568244,0.05555280614270037,0.006932046822982068,0.0899551218823233,91.8833,17.8833,10,2,21
4756,0.06266614947934077,0.0557341026563587,0.006932046822982068,0.09333048171307787,148.9833,42.45,11,9,31
1852,0.06327828494412094,0.05634623812113888,0.006932046822982068,0.09454186488169668,123.1165,30.0,13,6,27
756,0.06339315427637465,0.056461107453392584,0.006932046822982068,0.10753039900031118,25.8833,5.0,4,1,6
4622,0.0635454165748346,0.05661336975185254,0.006932046822982068,0.1036896277598127,43.983399999999996,6.86665,8,2,13
4943,0.06358651588983896,0.056654469066856894,0.006932046822982068,0.09331390156697399,158.6833,30.0,17,6,35
2396,0.06366361967837168,0.05673157285538962,0.006932046822982068,0.09745616530459182,85.8168,21.45,10,5,20
1802,0.06369026907767926,0.05675822225469719,0.006932046822982068,0.10117143071797306,63.3833,20.0,5,4,13
3859,0.06390121056530579,0.05696916374232372,0.006932046822982068,0.08962646379492223,97.7333,37.7333,6,6,20
41,0.06403539420997821,0.05710334738699615,0.006932046822982068,0.10491194748212199,85.3832,5.0,11,1,20
1792,0.06427688772571465,0.057344840902732584,0.006932046822982068,0.10780543521723608,16.6667,5.0,2,1,4
3621,0.06460819830547644,0.05767615148249438,0.006932046822982068,0.09623801366834053,106.4166,26.9,11,6,23
55,0.06468503753117491,0.05775299070819284,0.006932046822982068,0.09366096940388433,130.15,36.96665,11,8,28
5050,0.0648944728004607,0.05796242597747864,0.006932046822982068,0.10530835727504569,33.0167,10.0,3,2,7
4924,0.06495566286250884,0.05802361603952678,0.006932046822982068,0.09662119589508311,106.9834,30.0,9,6,23
1149,0.06532939480179836,0.058397347978816294,0.006932046822982068,0.09540001447269547,120.0,40.0,8,8,24
787,0.06534233022706837,0.0584102834040863,0.006932046822982068,0.10047038404065597,82.3,20.0,7,4,17
4814,0.06559694685678052,0.058664900033798456,0.006932046822982068,0.07081008783282802,246.48329999999999,95.0,18,13,51
591,0.06573919196973446,0.05880714514675239,0.006932046822982068,0.10351072612653803,54.2333,12.1833,5,3,12
3760,0.06575278086974738,0.05882073404676532,0.006932046822982068,0.1065822471259141,32.85,5.833299999999998,3,2,8
4537,0.06590284599076816,0.0589707991677861,0.006932046822982068,0.10023819808533099,73.5166,20.0,7,4,16
3534,0.06604344298734927,0.0591113961643672,0.006932046822982068,0.08651902396619154,235.4667,70.0,17,14,48
4399,0.066076922905391,0.059144876082408926,0.006932046822982068,0.0780026004149669,349.0667,102.2166,28,22,74
889,0.06607790362971569,0.05914585680673363,0.006932046822982068,0.10145364809363455,65.25,14.166649999999999,7,3,15
4190,0.06620414216935908,0.05927209534637701,0.006932046822982068,0.09844639297665064,90.0,30.0,6,6,18
2502,0.06637820870728427,0.059446161884302205,0.006932046822982068,0.09959451401819468,83.3,25.0,6,5,17
3346,0.06659622281740976,0.05966417599442769,0.006932046822982068,0.09696776366045909,101.0167,26.0333,9,6,22
2337,0.0668786906201112,0.05994664379712914,0.006932046822982068,0.09709176661044651,106.3,27.6333,9,6,23
1267,0.0669820235576115,0.06004997673462944,0.006932046822982068,0.10274964408043877,53.15,15.0,5,3,11
940,0.06708785650839313,0.06015580968541107,0.006932046822982068,0.08115165221912526,224.3166,70.9833,16,13,47
738,0.06713883834485365,0.06020679152187159,0.006932046822982068,0.1022541461109478,65.3999,15.0,6,3,14
2763,0.06721089157651147,0.060278844753529404,0.006932046822982068,0.10951603407919923,11.1667,1.1666499999999989,1,1,3
4097,0.06747250618776023,0.06054045936477816,0.006932046822982068,0.09666274520537084,118.9833,22.0333,14,5,27
1607,0.06751080626830962,0.06057875944532755,0.006932046822982068,0.09074449864638208,149.2834,35.44995,18,8,35
4215,0.06777643839831322,0.06084439157533116,0.006932046822982068,0.09706228113453193,102.6499,29.1166,8,7,22
379,0.06791934334627273,0.060987296523290664,0.006932046822982068,0.10380474596768878,45.0,15.0,3,3,9
4467,0.06806126810930505,0.06112922128632298,0.006932046822982068,0.1012699593347757,57.7667,15.0,7,3,14
2840,0.06806991998534354,0.06113787316236147,0.006932046822982068,0.09661287063081966,104.4167,31.45,8,7,22
266,0.06814343605450174,0.061211389231519676,0.006932046822982068,0.10460294741748759,41.5667,10.0,4,2,9
4559,0.06824175523657237,0.061309708413590305,0.006932046822982068,0.11116245988684363,10.9833,0.0,3,0,4
5027,0.06826583891107946,0.06133379208809739,0.006932046822982068,0.10041181459461984,68.85,20.0,6,4,15
4692,0.068296634825877,0.06136458800289494,0.006932046822982068,0.09751706398974003,93.8167,25.0,9,5,20
4064,0.06830256014532014,0.061370513322338074,0.006932046822982068,0.09504831387838109,128.3666,38.8833,9,8,26
1133,0.06853540229613898,0.061603355473156915,0.006932046822982068,0.1011061493557449,69.7667,15.0,8,3,16
370,0.06862765801135735,0.061695611188375285,0.006932046822982068,0.051606934815803106,476.7,221.93325000000002,29,22,98
5006,0.06879047976369926,0.061858432940717197,0.006932046822982068,0.0973324000457276,104.1833,30.0,8,6,21
3868,0.06899952225366178,0.06206747543067971,0.006932046822982068,0.09832107333024867,97.3167,27.45,7,6,20
3675,0.0691107407897728,0.06217869396679074,0.006932046822982068,0.09688619811541362,106.6334,31.6333,8,7,22
2307,0.06942484550252565,0.06249279867954358,0.006932046822982068,0.10778255147850582,29.1333,5.0,3,1,6
580,0.06955710858304408,0.06262506176006201,0.006932046822982068,0.09391120452770801,131.9,37.16665,11,8,28
1371,0.06969395189404133,0.06276190507105926,0.006932046822982068,0.08067002646660712,303.3167,91.35,24,19,63
3342,0.069802040037846,0.06286999321486393,0.006932046822982068,0.1018816382514074,60.0,20.0,4,4,12
3481,0.07003799505174721,0.06310594822876514,0.006932046822982068,0.09090466004500479,64.3,20.0,7,2,15
355,0.0701781257211198,0.06324607889813773,0.006932046822982068,0.09776189898057343,97.8,25.0,9,5,21
2622,0.07034422704237095,0.06341218021938888,0.006932046822982068,0.10152016416205505,63.1333,15.0,7,3,15
1152,0.07078828928728474,0.06385624246430267,0.006932046822982068,0.10572632523478477,42.9499,5.433299999999999,5,2,11
231,0.07088182441341487,0.0639497775904328,0.006932046822982068,0.09416672799616992,131.4833,40.0,10,8,27
289,0.07090125300263489,0.06396920617965282,0.006932046822982068,0.10781549933710685,16.7333,5.0,2,1,4
2048,0.07148203844570342,0.06454999162272135,0.006932046822982068,0.10550951654358971,38.5167,10.0,3,2,8
3185,0.07155268383549769,0.06462063701251562,0.006932046822982068,0.1018816382514074,60.0,20.0,4,4,12
1724,0.07160809674765496,0.0646760499246729,0.006932046822982068,0.10041802253885931,84.1167,20.0,7,4,17
3349,0.07163005854109063,0.06469801171810856,0.006932046822982068,0.08133305314363777,123.4167,50.0,9,6,25
2862,0.0716594332451628,0.06472738642218073,0.006932046822982068,0.10197422022464203,72.2001,13.416649999999999,7,3,16
3980,0.0718276009898495,0.06489555416686743,0.006932046822982068,0.0924339405217384,151.4333,38.8333,14,8,32
3695,0.07200504848257455,0.06507300165959248,0.006932046822982068,0.10594029123580044,30.0,10.0,2,2,6
2127,0.07216302392755743,0.06523097710457536,0.006932046822982068,0.10287144762054361,62.75,15.0,5,3,13
4056,0.07221211494821896,0.06528006812523689,0.006932046822982068,0.1001064377112624,75.0,25.0,5,5,15
362,0.072244526451296,0.06531247962831394,0.006932046822982068,0.06467422260589062,261.8667,118.4,15,12,53
44,0.07226065014901317,0.0653286033260311,0.006932046822982068,0.10814615340057158,22.1833,5.0,2,1,5
1029,0.07231515712691379,0.06538311030393172,0.006932046822982068,0.10335651848207096,50.0,15.0,4,3,10
1214,0.07242820382328603,0.06549615700030396,0.006932046822982068,0.09615214648296024,94.5333,25.0,11,5,22
2456,0.07247083652436664,0.06553878970138458,0.006932046822982068,0.1001064377112624,75.0,25.0,5,5,15
3672,0.07272070539554605,0.06578865857256398,0.006932046822982068,0.1033499671028997,62.5833,7.683299999999999,7,3,15
1234,0.07295207430247182,0.06602002747948975,0.006932046822982068,0.103232710976319,48.2666,11.633299999999998,5,3,11
2056,0.07328316324430957,0.0663511164213275,0.006932046822982068,0.10818197722920264,21.3167,5.0,2,1,5
825,0.07338202647133919,0.06644997964835712,0.006932046822982068,0.0984236686699427,96.3167,23.86665,9,5,20
4959,0.07359376989166042,0.06666172306867835,0.006932046822982068,0.10670527980092118,26.7333,6.7333,2,2,6
1636,0.07360872463255988,0.06667667780957781,0.006932046822982068,0.09628517589374312,119.0833,32.4833,9,7,25
3384,0.0744871953492321,0.06755514852625003,0.006932046822982068,0.07405687633330259,201.7501,62.88335,20,8,45
4284,0.07493504838531179,0.06800300156232972,0.006932046822982068,0.0654726851729719,299.1167,129.7,17,16,60
4893,0.07545672380126119,0.06852467697827912,0.006932046822982068,0.10277778093058841,46.2,15.0,4,3,10
4828,0.07587249878234144,0.06894045195935937,0.006932046822982068,0.11113453227012034,14.9833,0.0,2,0,3
2161,0.07587803108040228,0.06894598425742021,0.006932046822982068,0.09753595614521425,91.5334,29.666649999999997,7,6,19
3642,0.07596860390539456,0.06903655708241249,0.006932046822982068,0.10844963629021372,15.0,5.0,1,1,3
461,0.07618645276240509,0.06925440593942302,0.006932046822982068,0.09908641572229769,93.35,25.0,7,5,19
996,0.07623208645202881,0.06930003962904674,0.006932046822982068,0.09075920670628967,174.2001,51.2833,13,11,36
4164,0.07646258872489659,0.06953054190191452,0.006932046822982068,0.10709710767550037,46.3166,5.0,6,1,10
1275,0.07690508548536462,0.06997303866238255,0.006932046822982068,0.0991287285343161,91.6,25.0,7,5,19
1372,0.07740248167326258,0.07047043485028051,0.006932046822982068,0.10614342384051689,29.2,9.2,2,2,6
4455,0.07752876379730166,0.07059671697431959,0.006932046822982068,0.09449868006075168,40.0,20.0,2,2,8
830,0.07753138526234446,0.07059933843936239,0.006932046822982068,0.09113176643267014,83.05,22.449999999999996,7,4,19
715,0.07784622995707227,0.0709141831340902,0.006932046822982068,0.1000003980384992,70.2834,19.26665,6,5,16
4362,0.07788892343913659,0.07095687661615452,0.006932046822982068,0.09426263376328826,129.6167,30.0,14,6,29
2249,0.0780200477583804,0.07108800093539833,0.006932046822982068,0.09444787768084624,116.2333,30.0,13,6,26
341,0.0780300985733938,0.07109805175041173,0.006932046822982068,0.08564528717937069,223.7,65.94995,18,15,48
2525,0.07814384956776955,0.07121180274478749,0.006932046822982068,0.09424721004973025,133.8167,40.0,10,8,27
85,0.07819143481976103,0.07125938799677896,0.006932046822982068,0.09072831296043711,162.2,49.55,13,10,34
3454,0.07847339339795595,0.07154134657497388,0.006932046822982068,0.09173477026363046,167.6,42.55,14,9,35
2072,0.07860796336909909,0.07167591654611702,0.006932046822982068,0.07727086309622185,222.51670000000001,60.18335,23,9,49
3603,0.07872503148666853,0.07179298466368646,0.006932046822982068,0.09048568444090134,91.2666,20.6166,9,3,20
3047,0.07902625166231274,0.07209420483933067,0.006932046822982068,0.09927342042429102,86.8667,16.0833,10,4,20
530,0.07906578390867047,0.0721337370856884,0.006932046822982068,0.10846541399546852,20.3333,2.7833000000000006,3,1,5
3698,0.07914233401875112,0.07221028719576905,0.006932046822982068,0.08895566290900996,195.0,65.0,13,13,39
1609,0.07937531700905863,0.07244327018607656,0.006932046822982068,0.1023503968385158,73.8166,13.883299999999998,7,3,16
3248,0.07956944410179856,0.07263739727881649,0.006932046822982068,0.09182772767259811,160.8334,48.86665,12,10,33
3557,0.07991115656571521,0.07297910974273314,0.006932046822982068,0.08293300263973985,199.0166,49.4166,17,9,43
3576,0.08020634419625632,0.07327429737327425,0.006932046822982068,0.10770046556416739,23.5834,5.0,3,1,6
2368,0.08052205244972956,0.07359000562674749,0.006932046822982068,0.10524303317978594,32.5833,10.0,3,2,7
3213,0.08082448837949975,0.07389244155651768,0.006932046822982068,0.09387717010287533,141.9,41.91665,10,9,29
3170,0.08111893123518461,0.07418688441220254,0.006932046822982068,0.10342872269652323,58.4833,10.0,8,2,14
1269,0.08144101207051824,0.07450896524753617,0.006932046822982068,0.09688727663603772,109.4,30.0,9,6,23
274,0.08187744095580728,0.07494539413282521,0.006932046822982068,0.10222646092159351,54.3667,14.21665,6,3,12
2619,0.08277338642240506,0.07584133959942299,0.006932046822982068,0.09633885712814533,112.35,31.4333,9,7,24
2802,0.08316455795170591,0.07623251112872384,0.006932046822982068,0.0856040429536384,240.9667,76.05,17,16,49
4967,0.08363066074299495,0.07669861392001288,0.006932046822982068,0.10056910971987441,66.9833,20.0,6,4,14
975,0.08411947383959764,0.07718742701661557,0.006932046822982068,0.09868275916597105,94.6333,25.0,8,5,19
1280,0.08448755530413818,0.07755550848115611,0.006932046822982068,0.10551247229800399,38.45,10.0,3,2,8
2354,0.08455281313925926,0.07762076631627719,0.006932046822982068,0.0923578221033226,127.4501,33.2667,12,6,27
1539,0.08475638417187768,0.07782433734889561,0.006932046822982068,0.10081525243000196,58.7167,15.0,8,3,14
3303,0.08491877288002485,0.07798672605704278,0.006932046822982068,0.09213577134724302,149.9333,45.0,12,9,31
4552,0.08626940146023244,0.07933735463725038,0.006932046822982068,0.09596420138485673,110.6,32.76665,9,7,23
172,0.08692688497828113,0.07999483815529906,0.006932046822982068,0.07334000010952356,255.7001,64.5833,26,10,59
4387,0.08715775423415023,0.08022570741116816,0.006932046822982068,0.10594029123580044,30.0,10.0,2,2,6
2275,0.08772941506272658,0.08079736823974451,0.006932046822982068,0.09688195332003037,105.0,35.0,7,7,21
2478,0.0884209254799458,0.08148887865696373,0.006932046822982068,0.09084726559669815,178.1833,51.1833,13,11,37
4036,0.08847835512065495,0.08154630829767288,0.006932046822982068,0.10398429207033842,44.2,14.2,3,3,9
3333,0.08946498116958179,0.08253293434659972,0.006932046822982068,0.10307792046191662,47.9833,15.0,4,3,10
2119,0.08952541602690416,0.08259336920392209,0.006932046822982068,0.10096160194779653,72.3667,20.0,6,4,15
4339,0.08960521049553442,0.08267316367255235,0.006932046822982068,0.10275643288387071,46.0833,15.0,4,3,10
1169,0.08984593868429715,0.08291389186131508,0.006932046822982068,0.09500211157844086,129.2,36.066649999999996,10,8,27
1571,0.09000613298063467,0.0830740861576526,0.006932046822982068,0.10691224946403331,30.5334,4.5333000000000006,3,2,8
3562,0.09017340233022972,0.08324135550724765,0.006932046822982068,0.07521980558874479,162.65,70.0,11,8,33
4223,0.09062789744294655,0.08369585061996448,0.006932046822982068,0.10293825949180298,47.1167,15.0,4,3,10
4295,0.09105948186308828,0.08412743504010621,0.006932046822982068,0.07693418710524746,295.5667,74.2,27,13,63
2513,0.09109481096669922,0.08416276414371715,0.006932046822982068,0.09623244651354415,116.0668,25.0,13,5,26
3570,0.09155048254390634,0.08461843572092427,0.006932046822982068,0.10111550440175929,65.4167,14.96665,8,3,15
16,0.09196945573506111,0.08503740891207905,0.006932046822982068,0.07408914508975807,345.4167,100.8,28,19,73
1605,0.09255306989373924,0.08562102307075717,0.006932046822982068,0.1018816382514074,60.0,20.0,4,4,12
2054,0.09258547527837588,0.08565342845539381,0.006932046822982068,0.10814533318009029,22.2,5.0,2,1,5
2319,0.09267442902536945,0.08574238220238738,0.006932046822982068,0.09298383829747901,150.4,45.0,11,9,31
4617,0.09372159206651506,0.086789545243533,0.006932046822982068,0.0985755609649217,81.0834,25.0,7,5,17
2540,0.09386047933416572,0.08692843251118365,0.006932046822982068,0.10144200746575195,56.9001,15.0,7,3,13
3281,0.09514776713899521,0.08821572031601314,0.006932046822982068,0.10380474596768878,45.0,15.0,3,3,9
1217,0.09584016930944726,0.0889081224864652,0.006932046822982068,0.10359931513003358,43.1667,11.5,4,3,10
2324,0.09628405235632187,0.0893520055333398,0.006932046822982068,0.10040707376923415,73.3667,23.36665,5,5,15
3625,0.09733978186397058,0.09040773504098851,0.006932046822982068,0.0639250467251181,246.1168,89.45,22,9,57
1200,0.09850669264294944,0.09157464581996737,0.006932046822982068,0.07497275681636383,220.8667,76.16669999999999,17,11,47
3843,0.09861183645968997,0.0916797896367079,0.006932046822982068,0.10182335200692784,67.05,17.6,5,4,14
1563,0.09918100247933372,0.09224895565635165,0.006932046822982068,0.10513918447245746,31.9333,10.0,3,2,7
3070,0.09970275559149078,0.09277070876850871,0.006932046822982068,0.08762008040922295,215.4333,54.26665,19,11,47
2595,0.09983349651680827,0.0929014496938262,0.006932046822982068,0.08917581319818839,193.76670000000001,49.650000000000006,17,11,42
852,0.10035420387745574,0.09342215705447367,0.006932046822982068,0.0974405131819346,98.9834,25.0,10,5,22
1012,0.10089656577560908,0.09396451895262702,0.006932046822982068,0.09963077421126364,81.7167,20.0,8,4,18
311,0.10090562000437484,0.09397357318139277,0.006932046822982068,0.1049825281230352,37.5667,10.0,4,2,8
5061,0.10103482866248878,0.09410278183950671,0.006932046822982068,0.08604444031551144,136.4333,35.39995,11,7,32
2951,0.1010418085355964,0.09410976171261433,0.006932046822982068,0.10720687169230089,23.0167,5.0,4,1,6
1918,0.10139364718067782,0.09446160035769575,0.006932046822982068,0.0855016509140777,149.2167,49.9833,11,8,31
3975,0.10189308046368223,0.09496103364070016,0.006932046822982068,0.0800682494285104,112.2834,45.53335,9,5,25
482,0.10283745906995621,0.09590541224697414,0.006932046822982068,0.09516103273588487,97.7333,29.05,8,5,20
3156,0.10299974530891746,0.0960676984859354,0.006932046822982068,0.076633116507762,277.5667,81.56665,24,15,59
4157,0.10324815561359892,0.09631610879061685,0.006932046822982068,0.09518578216630422,117.6501,35.0,10,7,24
2526,0.10355777854426391,0.09662573172128185,0.006932046822982068,0.10023403553559031,80.4833,21.24995,6,5,17
1583,0.10461491538045926,0.0976828685574772,0.006932046822982068,0.0898153601510255,190.7333,50.34995,15,12,41
4920,0.10528089621739722,0.09834884939441516,0.006932046822982068,0.09423358206473746,146.5833,35.14995,12,8,31
2959,0.1062738083017806,0.09934176147879853,0.006932046822982068,0.10551432477415637,34.55,10.0,3,2,7
1518,0.10684673299025259,0.09991468616727052,0.006932046822982068,0.07674958202185024,285.6002,70.0,29,12,63
1143,0.10724968154942868,0.10031763472644661,0.006932046822982068,0.06597056494851763,450.3833,128.0666,38,23,96
1366,0.10784843366087836,0.10091638683789629,0.006932046822982068,0.09516812398224266,132.2001,26.649950000000004,14,6,30
1472,0.1079185728668138,0.10098652604383174,0.006932046822982068,0.09166171606186538,167.3667,46.36665,13,10,35
1674,0.10831228638043926,0.10138023955745719,0.006932046822982068,0.09411432380446313,134.15,44.15,9,9,27
32,0.10887464444807671,0.10194259762509464,0.006932046822982068,0.0950586246689474,137.5167,30.26665,12,7,30
4755,0.10917017518719688,0.10223812836421481,0.006932046822982068,0.09239865066500672,146.4,40.0,13,8,31
3114,0.10923867761292595,0.10230663078994388,0.006932046822982068,0.08217497193428357,173.2666,57.51665,15,10,37
236,0.11072320955176257,0.1037911627287805,0.006932046822982068,0.10855580020000018,13.2,2.183299999999999,2,1,4
2717,0.1112375157332129,0.10430546891023083,0.006932046822982068,0.0989546965230517,103.3,20.0,10,4,23
2649,0.11154341269471224,0.10461136587173017,0.006932046822982068,0.08996046791546809,188.5833,50.283249999999995,15,11,40
480,0.11158398718890439,0.10465194036592232,0.006932046822982068,0.09830045217843274,101.4334,20.71665,10,5,22
4861,0.1116430368399036,0.10471099001692154,0.006932046822982068,0.09506639381210244,123.45,38.65,9,8,25
2975,0.11285141738737246,0.1059193705643904,0.006932046822982068,0.05542020131318519,406.65,181.79995,25,19,84
1014,0.11289371363687112,0.10596166681388905,0.006932046822982068,0.09208435256598459,149.9667,45.0,12,9,31
3387,0.11298960541311125,0.10605755859012918,0.006932046822982068,0.10463830859964454,49.0833,10.0,5,2,11
1342,0.11318988953436647,0.1062578427113844,0.006932046822982068,0.09131212745625823,161.48329999999999,50.0,12,10,33
2448,0.11337454202432849,0.10644249520134642,0.006932046822982068,0.0968587035252313,95.8667,26.6,9,6,21
2363,0.11418802663066892,0.10725597980768685,0.006932046822982068,0.09689158593490263,110.55,30.0,9,6,23
3139,0.11542076430438518,0.10848871748140311,0.006932046822982068,0.09578555826217088,119.35,35.0,9,7,24
823,0.11600120368386878,0.10906915686088671,0.006932046822982068,0.10275529372821035,55.2167,15.0,5,3,12
3433,0.11605779160163898,0.10912574477865691,0.006932046822982068,0.09343731823287746,133.2001,41.7333,10,9,28
3659,0.11740916823414231,0.11047712141116024,0.006932046822982068,0.09954239655391021,83.7167,20.0,8,4,18
3606,0.1174603410536077,0.11052829423062563,0.006932046822982068,0.09366056638608858,124.1833,40.0,10,8,26
4591,0.11865190142776048,0.11171985460477842,0.006932046822982068,0.09287823836490104,146.0833,45.0,11,9,30
2552,0.11912283035725703,0.11219078353427496,0.006932046822982068,0.09485467190273462,126.2667,27.283299999999997,13,6,28
3971,0.12074262506428962,0.11381057824130755,0.006932046822982068,0.09052863463010404,65.9,15.0,10,1,16
1823,0.12097268609855495,0.11404063927557288,0.006932046822982068,0.08857202498682003,183.8833,49.2833,17,11,40
1005,0.12117563861139405,0.11424359178841198,0.006932046822982068,0.0620023080851351,287.1833,130.9167,17,14,60
777,0.12182128936980144,0.11488924254681937,0.006932046822982068,0.09187734055496742,155.6167,40.0,15,8,33
3844,0.12184371124574651,0.11491166442276445,0.006932046822982068,0.10289007252705298,46.8333,15.0,4,3,10
2206,0.12202194827651137,0.1150899014535293,0.006932046822982068,0.07688143459625385,214.8167,75.0,15,11,44
2738,0.12301843450340563,0.11608638768042356,0.006932046822982068,0.08484648011186653,230.2168,60.0,23,12,51
1045,0.12319511835774309,0.11626307153476102,0.006932046822982068,0.07856577915962941,139.6166,54.9333,11,6,29
3126,0.12429095713805324,0.11735891031507117,0.006932046822982068,0.09215076559630887,132.9835,32.36665,16,7,31
97,0.12432354116791863,0.11739149434493656,0.006932046822982068,0.1016445005575161,66.7999,15.0,7,3,15
1057,0.1252998829737679,0.11836783615078583,0.006932046822982068,0.10380474596768878,45.0,15.0,3,3,9
2293,0.1253381559954467,0.11840610917246465,0.006932046822982068,0.07175816534608673,185.7834,65.7833,17,8,43
4032,0.12586104377663987,0.11892899695365781,0.006932046822982068,0.08426408048553632,242.7167,71.45,20,15,51
4810,0.12778059926662688,0.12084855244364481,0.006932046822982068,0.09928928257452439,91.2,23.95,7,5,19
2467,0.12853246901615512,0.12160042219317306,0.006932046822982068,0.09984332946374914,75.6666,22.3333,6,5,16
153,0.12900334334569494,0.12207129652271287,0.006932046822982068,0.09484394229181904,123.9833,31.916649999999997,11,8,27
906,0.130081067112034,0.12314902028905193,0.006932046822982068,0.10480403870137685,36.1667,10.0,4,2,8
3717,0.1314355844481965,0.12450353762521445,0.006932046822982068,0.1000185172064504,81.3167,22.6,6,5,17
1392,0.13200506182589528,0.1250730150029132,0.006932046822982068,0.08340660881739997,234.7668,62.7666,21,14,52
1430,0.1346518940524186,0.12771984722943652,0.006932046822982068,0.07160612250822604,406.7666,112.55,34,21,86
2030,0.13756992958120756,0.1306378827582255,0.006932046822982068,0.09677716769398816,84.0333,15.000000000000002,11,3,21
3742,0.1381529577754885,0.13122091095250643,0.006932046822982068,0.10394368250300393,52.0333,10.0,6,2,12
1202,0.13825217622485192,0.13132012940186985,0.006932046822982068,0.100902981153498,79.3833,19.6833,6,4,16
1615,0.13871886037645934,0.13178681355347727,0.006932046822982068,0.09626864723779267,122.0667,29.7333,10,7,27
4933,0.1388198277647824,0.13188778094180034,0.006932046822982068,0.07053463492909892,290.6667,107.6,19,16,59
781,0.14116898765714467,0.1342369408341626,0.006932046822982068,0.0696142369607752,221.1,90.0,15,10,45
3499,0.1424807310793393,0.13554868425635724,0.006932046822982068,0.08947812034863066,197.2334,53.54995,15,12,41
2455,0.14440447896140957,0.1374724321384275,0.006932046822982068,0.09722476163122427,89.3334,17.86665,13,4,23
827,0.14698627708520098,0.14005423026221892,0.006932046822982068,0.05042372864104454,533.4833,236.84985,33,26,111
4796,0.14917071520751424,0.14223866838453217,0.006932046822982068,0.06091722534485625,279.1667,139.36665,15,12,57
1227,0.14973566365597096,0.1428036168329889,0.006932046822982068,0.08727489825424233,219.7835,40.38325,24,11,52
1423,0.15166602760741243,0.14473398078443037,0.006932046822982068,0.09360469754379173,139.9666,37.78325,11,9,30
4345,0.1520298614986852,0.14509781467570312,0.006932046822982068,0.09432094509324597,120.3166,35.0,11,7,26
2863,0.15420128003509978,0.1472692332121177,0.006932046822982068,0.09349245265262518,143.9332,27.04995,17,6,34
2148,0.15765617195690335,0.15072412513392128,0.006932046822982068,0.09955849542525122,84.9833,25.0,6,5,17
4128,0.15805588017439884,0.15112383335141677,0.006932046822982068,0.09209914623493866,185.35,30.2333,21,7,42
4230,0.16055649903630714,0.15362445221332507,0.006932046822982068,0.09087845798385852,162.5,44.75,14,10,35
3787,0.16220823588800581,0.15527618906502375,0.006932046822982068,0.08870840229734485,202.55,55.150000000000006,16,12,42
1147,0.1630525681897294,0.15612052136674734,0.006932046822982068,0.0897581950721987,165.95,46.816599999999994,15,10,36
4468,0.16443799775426302,0.15750595093128095,0.006932046822982068,0.06834043513327133,202.1,77.16665,18,8,44
4065,0.165635263429812,0.15870321660682993,0.006932046822982068,0.08852210375600794,175.4,55.0,15,11,37
3318,0.1659827245113957,0.15905067768841363,0.006932046822982068,0.0873542061879746,222.5832,56.199999999999996,19,12,47
3449,0.16752496872024483,0.16059292189726276,0.006932046822982068,0.06920739976225647,219.1666,84.76660000000001,17,10,47
3732,0.16835109856887984,0.16141905174589777,0.006932046822982068,0.06297209881995176,319.5167,127.2833,22,15,66
531,0.1693126522768299,0.16238060545384783,0.006932046822982068,0.08918097975697926,196.2,60.0,14,12,40
398,0.1734709740765198,0.16653892725353772,0.006932046822982068,0.08422602144391694,158.8168,51.4833,13,9,33
4417,0.1736891401515852,0.16675709332860314,0.006932046822982068,0.06473501749767385,250.6,114.65,15,12,52
1256,0.17440993914349978,0.1674778923205177,0.006932046822982068,0.108573861026875,17.4333,3.4833,2,1,4
1693,0.1786964530975984,0.17176440627461634,0.006932046822982068,0.08457890663098977,160.0166,48.816599999999994,13,8,34
4391,0.1865999309095888,0.17966788408660672,0.006932046822982068,0.08857080535091223,187.0666,52.7333,17,11,39
2886,0.18674601878548916,0.1798139719625071,0.006932046822982068,0.10556722242734708,35.0,10.0,3,2,7
1471,0.19449217666715296,0.1875601298441709,0.006932046822982068,0.08503598803231563,236.9667,74.7833,18,15,49
681,0.19765198962034877,0.1907199427973667,0.006932046822982068,0.07904343482419783,317.1167,89.31665,29,18,67
3871,0.20216371873308403,0.19523167191010196,0.006932046822982068,0.09910679778233836,90.85,25.0,7,5,19
3861,0.20586451311746534,0.19893246629448327,0.006932046822982068,0.09537299064797429,134.1,35.0,10,7,27
3703,0.2086916461930199,0.20175959937003782,0.006932046822982068,0.08853767298647007,195.8833,52.44995,17,11,42
4762,0.21236390002813213,0.20543185320515006,0.006932046822982068,0.10483816139589912,30.75,8.0,4,2,8
3250,0.22268504407238848,0.21575299724940641,0.006932046822982068,0.06972211661000803,340.5668,82.58330000000001,36,13,76
509,0.22453691035534676,0.2176048635323647,0.006932046822982068,0.08722457619265268,145.0667,45.549949999999995,10,8,30
1629,0.22763034160532075,0.22069829478233868,0.006932046822982068,0.07434575202680768,151.4,58.66665,13,6,33
2512,0.2337402927854606,0.22680824596247853,0.006932046822982068,0.07066909354882489,249.45,89.88329999999999,19,12,52
2632,0.30178705717901544,0.2948550103560334,0.006932046822982068,0.08550286913158724,229.5834,61.9833,20,13,49
