row,fold,p_raw,raw_asymmetry,y,fight_id,event_date,fighter_a_id,fighter_b_id,weight_class,odds_a,odds_b,q_mkt,a_n_fights,b_n_fights,p_cal,calibrated,p_blend,blended,side,p_side,q_side,edge,dec_odds,won,stake
6038,2,0.28221359848976135,0.03474551439285278,0,2570,2021-06-19,1346,3278,Heavyweight,200.0,-303.0,0.30716463414634143,14,5,0.2799329881427322,True,0.2571649198067117,True,b,0.7428350801932884,0.6928353658536586,0.0499997143396298,1.33003300330033,1,0.0
6043,2,0.33650729060173035,0.03738492727279663,1,2575,2021-06-19,3804,4320,Light Heavyweight,200.0,-290.0,0.30952380952380953,1,2,0.3325794465203653,True,0.26695860233249596,True,b,0.7330413976675041,0.6904761904761905,0.042565207191313625,1.3448275862068966,0,0.0
6053,2,0.342009037733078,0.011437594890594482,0,2561,2021-06-26,1844,1285,Lightweight,195.0,-1000.0,0.2716049382716049,1,10,0.3379125724072219,True,0.23052726657943318,True,b,0.7694727334205669,0.7283950617283951,0.0410776716921718,1.1,1,0.0
6071,2,0.3216201066970825,0.11270558834075928,0,2550,2021-07-10,2863,3905,Welterweight,140.0,-235.0,0.3726362625139043,12,5,0.31814797155665325,True,0.3282076557029257,True,b,0.6717923442970744,0.6273637374860956,0.04442860681097871,1.425531914893617,1,0.0
6075,2,0.18763406574726105,0.08895039558410645,0,2536,2021-07-17,1430,102,Lightweight,175.0,-280.0,0.3304347826086957,33,2,0.18793849350824376,True,0.2639003752263767,True,b,0.7360996247736233,0.6695652173913043,0.06653440738231908,1.3571428571428572,1,0.0
6081,2,0.29138097167015076,0.13512367010116577,1,2542,2021-07-17,1449,3860,Flyweight,225.0,-350.0,0.28346456692913385,2,1,0.2888261802965171,True,0.23558500064177446,True,b,0.7644149993582255,0.7165354330708662,0.04787956628735934,1.2857142857142856,0,0.0
6092,2,0.32307490706443787,0.05566602945327759,1,2524,2021-07-24,372,1099,Bantamweight,210.0,-335.0,0.2952154733627418,4,3,0.3195583056525313,True,0.2511211412296646,True,b,0.7488788587703354,0.7047845266372582,0.04409433213307723,1.2985074626865671,0,0.0
6109,2,0.31525367498397827,0.0185621976852417,0,2507,2021-08-07,2831,2559,Light Heavyweight,190.0,-303.0,0.31442615276585784,24,5,0.31197587414046757,True,0.2689138866329655,True,b,0.7310861133670346,0.6855738472341422,0.04551226613289239,1.33003300330033,1,0.0
6112,2,0.24710527062416077,0.014961302280426025,0,2510,2021-08-07,3551,4393,Bantamweight,160.0,-250.0,0.35,3,3,0.24584665368506184,True,0.2935500645443159,True,b,0.7064499354556841,0.65,0.05644993545568411,1.4,1,0.0
6137,2,0.3304888606071472,0.02875232696533203,0,2487,2021-08-28,856,1980,Bantamweight,210.0,-320.0,0.2974504249291785,6,0,0.32674539442030637,True,0.2542751900375438,True,b,0.7457248099624563,0.7025495750708215,0.04317523489163477,1.3125,1,0.0
6157,2,0.2752732038497925,0.07773351669311523,0,2462,2021-09-18,2719,497,Bantamweight,430.0,-700.0,0.17738359201773837,1,6,0.27319847165553435,True,0.13649219445003205,True,b,0.863507805549968,0.8226164079822617,0.04089139756770632,1.1428571428571428,1,0.0
6162,2,0.3488745093345642,0.04890716075897217,0,2440,2021-09-25,3223,1106,Featherweight,145.0,-200.0,0.37974683544303806,9,9,0.34456765338337375,True,0.3396239090002239,True,b,0.6603760909997761,0.620253164556962,0.04012292644281412,1.5,1,0.0
6165,2,0.2822946608066559,0.040364205837249756,0,2443,2021-09-25,1045,4325,Heavyweight,240.0,-380.0,0.2708803611738149,8,13,0.28001163670146295,True,0.22241250300280752,True,b,0.7775874969971925,0.7291196388261851,0.048467858171007405,1.263157894736842,1,0.0
6167,2,0.2901597023010254,0.033342838287353516,0,2448,2021-09-25,2504,807,Flyweight,300.0,-460.0,0.23333333333333334,10,3,0.28764157052441724,True,0.18827275204324023,True,b,0.8117272479567598,0.7666666666666666,0.04506058129009316,1.2173913043478262,1,0.0
6168,2,0.32828646898269653,0.16440165042877197,0,2447,2021-09-25,232,2720,Heavyweight,163.0,-225.0,0.35451322607035723,8,3,0.3246104336540115,True,0.31081345352122897,True,b,0.689186546478771,0.6454867739296428,0.04369977254912816,1.4444444444444444,1,0.0
6183,2,0.26650872826576233,0.02054661512374878,0,2439,2021-10-02,93,1180,Bantamweight,195.0,-300.0,0.311284046692607,7,11,0.2646915544519628,True,0.2588581882614624,True,b,0.7411418117385375,0.688715953307393,0.052425858431144556,1.3333333333333333,1,0.0
6188,2,0.30725520849227905,0.126753568649292,0,2421,2021-10-09,1600,844,Flyweight,150.0,-200.0,0.375,15,5,0.3042208118573436,True,0.3283799007043375,True,b,0.6716200992956625,0.625,0.046620099295662465,1.5,1,0.0037150744717468487
6217,2,0.267032265663147,0.049364686012268066,0,2386,2021-10-30,589,2320,Light Heavyweight,250.0,-365.0,0.266857962697274,9,7,0.26519978964598,True,0.21662972414984621,True,b,0.7833702758501537,0.733142037302726,0.05022823854742775,1.273972602739726,1,0.0
6218,2,0.33330780267715454,0.05793452262878418,0,2387,2021-10-30,358,1693,Strawweight,130.0,-184.0,0.40158371040723984,5,5,0.3294779932230969,True,0.3597688306022009,True,b,0.6402311693977991,0.5984162895927602,0.04181487980503895,1.5434782608695652,1,0.0
6236,2,0.3249949514865875,0.06072854995727539,0,2371,2021-11-06,646,415,Lightweight,165.0,-225.0,0.35278154681139756,2,8,0.32141963537068363,True,0.3085773865063275,True,b,0.6914226134936725,0.6472184531886025,0.04420416030507002,1.4444444444444444,1,0.0
6244,2,0.26707327365875244,0.08162975311279297,0,2367,2021-11-06,1005,392,Welterweight,220.0,-320.0,0.29085872576177285,13,14,0.2652395985761933,True,0.23932650979182923,True,b,0.7606734902081708,0.7091412742382271,0.05153221596994362,1.3125,1,0.0
6268,2,0.26775091886520386,0.014525055885314941,1,2336,2021-12-04,1918,2789,Middleweight,255.0,-375.0,0.2629757785467128,1,6,0.2658974198797353,True,0.2130902890110334,True,b,0.7869097109889666,0.7370242214532872,0.049885489535679395,1.2666666666666666,0,0.0
6270,2,0.3034433424472809,0.0019448399543762207,1,2334,2021-12-04,3975,2058,Light Heavyweight,140.0,-200.0,0.38461538461538464,4,6,0.30052458227140894,True,0.3375686512199718,True,b,0.6624313487800282,0.6153846153846154,0.047046733395412765,1.5,0,0.0
6281,2,0.24255502223968506,0.0003007650375366211,1,2319,2021-12-11,2311,2923,Bantamweight,210.0,-1250.0,0.25837320574162675,8,15,0.24142467750532304,True,0.20548444396589283,True,b,0.7945155560341072,0.7416267942583732,0.05288876177573398,1.08,0,0.0
6284,2,0.34410056471824646,0.0016320347785949707,0,2322,2021-12-11,372,252,Bantamweight,235.0,-375.0,0.27436823104693137,5,7,0.33993999596095853,True,0.23345881850033878,True,b,0.7665411814996612,0.7256317689530687,0.04090941254659253,1.2666666666666666,1,0.0
6293,2,0.3064081072807312,0.01915276050567627,0,2331,2021-12-11,576,1335,Flyweight,245.0,-400.0,0.26595744680851063,5,10,0.3033994304844592,True,0.2207850798983973,True,b,0.7792149201016028,0.7340425531914894,0.04517236691011339,1.25,1,0.0
6301,2,0.31294679641723633,0.08357250690460205,0,2312,2021-12-18,3759,409,Heavyweight,250.0,-350.0,0.26865671641791045,1,4,0.3097392922417206,True,0.2241649258094719,True,b,0.7758350741905281,0.7313432835820896,0.04449179060843855,1.2857142857142856,1,0.0
6329,2,0.29530608654022217,0.003475189208984375,0,2271,2022-02-05,4468,2975,Middleweight,180.0,-250.0,0.33333333333333337,13,14,0.2926332197421432,True,0.2847269708923566,True,b,0.7152730291076435,0.6666666666666666,0.048606362440976825,1.4,1,0.0008639004691879742
6334,2,0.2788392901420593,0.05796921253204346,1,2277,2022-02-05,2683,4393,Bantamweight,145.0,-250.0,0.3636363636363636,2,4,0.2766589718910138,True,0.3123631915294234,True,b,0.6876368084705766,0.6363636363636365,0.05127317210694016,1.4,0,0.0
6359,2,0.3189604878425598,0.016645431518554688,0,2249,2022-02-19,4237,3557,Middleweight,125.0,-178.0,0.4097273397199705,9,5,0.3155695914370232,True,0.365911684518049,True,b,0.634088315481951,0.5902726602800294,0.043815655201921544,1.5617977528089888,1,0.0
6380,2,0.3057298958301544,0.18437790870666504,0,2223,2022-03-05,3479,4747,Featherweight,130.0,-184.0,0.40158371040723984,26,5,0.30274180205792933,True,0.35533867952006837,True,b,0.6446613204799316,0.5984162895927602,0.04624503088717147,1.5434782608695652,1,0.0
6391,2,0.27381187677383423,0.16548633575439453,0,2207,2022-03-12,4878,2320,Light Heavyweight,400.0,-800.0,0.18367346938775514,22,8,0.27178028542467236,True,0.14186196026171,True,b,0.8581380397382901,0.8163265306122449,0.04181150912604514,1.125,1,0.0
6414,2,0.2747441828250885,0.04273390769958496,0,2204,2022-03-19,603,4168,Bantamweight,-111.0,-140.0,0.474190103239587,3,4,0.27268507693338595,True,0.425747216720833,True,b,0.5742527832791671,0.525809896760413,0.04844288651875406,1.7142857142857144,1,0.0
6423,2,0.2260284721851349,0.09106320142745972,1,2189,2022-03-26,2538,3698,Bantamweight,175.0,-275.0,0.33149171270718236,12,4,0.22535368829789942,True,0.27190394154306524,True,b,0.7280960584569347,0.6685082872928176,0.059587771164117065,1.3636363636363638,0,0.0
6443,2,0.3178315758705139,0.0252993106842041,1,2159,2022-04-16,2041,485,Welterweight,135.0,-189.0,0.39418945645502285,1,5,0.3144751397449422,True,0.34968399438184394,True,b,0.6503160056181561,0.6058105435449772,0.04450546207317885,1.529100529100529,0,0.0
6445,2,0.1937703788280487,0.03980904817581177,0,2161,2022-04-16,4895,602,Featherweight,335.0,-750.0,0.2066869300911854,1,3,0.19392713882966325,True,0.15317449780640197,True,b,0.846825502193598,0.7933130699088146,0.05351243228478342,1.1333333333333333,1,0.0
6448,2,0.3083677291870117,0.07738041877746582,0,2164,2022-04-16,495,4591,Bantamweight,295.0,-700.0,0.22440392706872372,8,7,0.30529953563743933,True,0.1820167871083693,True,b,0.8179832128916307,0.7755960729312763,0.04238713996035437,1.1428571428571428,1,0.0
6471,2,0.34468284249305725,0.03319835662841797,0,2144,2022-04-30,4762,2944,Lightweight,160.0,-235.0,0.35412262156448204,1,1,0.340504428355686,True,0.31281307531938196,True,b,0.687186924680618,0.645877378435518,0.04130954624510008,1.425531914893617,1,0.0
6509,2,0.3012036681175232,0.019621968269348145,0,2107,2022-05-21,1342,735,Bantamweight,190.0,-280.0,0.31879194630872487,6,9,0.29835272419975467,True,0.2712370517249381,True,b,0.7287629482750619,0.6812080536912751,0.04755489458378681,1.3571428571428572,1,0.0
6512,2,0.25815218687057495,0.019402742385864258,0,2104,2022-05-21,3345,3321,Middleweight,165.0,-225.0,0.35278154681139756,2,1,0.25657770498275495,True,0.2981496067284373,True,b,0.7018503932715627,0.6472184531886025,0.05463194008296024,1.4444444444444444,1,0.007753444533144714
6519,2,0.3072614371776581,0.04331439733505249,0,2086,2022-06-04,123,4085,Featherweight,300.0,-455.0,0.23368421052631577,11,5,0.30422685138097766,True,0.19050309547967706,True,b,0.809496904520323,0.7663157894736843,0.043181115046638685,1.2197802197802199,1,0.0
6523,2,0.3499259948730469,0.03829991817474365,0,2096,2022-06-04,663,2886,Flyweight,150.0,-200.0,0.375,4,2,0.345586927790543,True,0.33490230260896436,True,b,0.6650976973910356,0.625,0.040097697391035636,1.5,1,0.0
6539,2,0.3095402121543884,0.015027999877929688,0,2062,2022-06-18,4115,1889,Welterweight,250.0,-400.0,0.26315789473684204,24,14,0.3064363782871772,True,0.21850335047390926,True,b,0.7814966495260908,0.736842105263158,0.044654544262932805,1.25,1,0.0
6541,2,0.33076345920562744,0.03137350082397461,0,2064,2022-06-18,2987,3004,Lightweight,160.0,-230.0,0.3556034482758621,1,4,0.32701158376165584,True,0.3122822001764093,True,b,0.6877177998235907,0.6443965517241379,0.043321248099452814,1.434782608695652,1,0.0
6546,2,0.7640781402587891,0.008837342262268066,1,2069,2022-06-18,222,4377,Featherweight,-335.0,240.0,0.7236340533672173,9,3,0.7523587047649272,True,0.7646816168432299,True,a,0.7646816168432299,0.7236340533672173,0.04104756347601257,1.2985074626865671,1,0.0
6549,2,0.29355233907699585,0.10491108894348145,0,2072,2022-06-18,1785,3668,Middleweight,210.0,-280.0,0.30448717948717946,4,4,0.29093227502083446,True,0.25616912566132666,True,b,0.7438308743386733,0.6955128205128205,0.04831805382585286,1.3571428571428572,1,0.006639330621739724
6570,2,0.781935453414917,0.01395261287689209,1,2047,2022-07-02,2636,4402,Flyweight,-350.0,240.0,0.7256097560975611,7,15,0.7703876642224569,True,0.7693582445144471,True,a,0.7693582445144471,0.7256097560975611,0.043748488416886055,1.2857142857142856,1,0.0
6571,2,0.3486803472042084,0.030645370483398438,0,2043,2022-07-02,3250,2795,Welterweight,145.0,-190.0,0.3838517538054269,37,39,0.3443794396571053,True,0.343821515926727,True,b,0.656178484073273,0.6161482461945731,0.04003023787869986,1.526315789473684,1,0.0007294009531228539
6573,2,0.34057921171188354,0.134857177734375,0,2045,2022-07-02,3081,1534,Middleweight,130.0,-190.0,0.3988995873452545,20,2,0.3365265706056177,True,0.3581272314200305,True,b,0.6418727685799694,0.6011004126547455,0.04077235592522399,1.526315789473684,1,0.0
6575,2,0.3035326600074768,0.13843798637390137,0,2027,2022-07-09,1724,973,Middleweight,130.0,-270.0,0.37336024217961655,1,1,0.3006111933311603,True,0.3261270905164375,True,b,0.6738729094835625,0.6266397578203835,0.047233151663178985,1.3703703703703702,1,0.0
6604,2,0.2888615131378174,0.04357755184173584,0,2007,2022-07-23,355,785,Lightweight,300.0,-450.0,0.23404255319148934,8,11,0.28638230699640527,True,0.18878061433997126,True,b,0.8112193856600287,0.7659574468085106,0.04526193885151808,1.2222222222222223,1,0.0
6632,2,0.24278919398784637,0.036517977714538574,0,1983,2022-08-06,2738,1800,Middleweight,325.0,-800.0,0.20930232558139533,23,8,0.24165227582071744,True,0.16125025081025182,True,b,0.8387497491897482,0.7906976744186047,0.04805207477114348,1.125,1,0.0
6674,2,0.3098374009132385,0.10623300075531006,1,1935,2022-09-10,1453,2445,Heavyweight,333.0,-565.0,0.21372671905381732,3,11,0.3067245298500543,True,0.17233915344170797,True,b,0.827660846558292,0.7862732809461827,0.04138756561210932,1.176991150442478,0,0.0
6685,3,0.38200241327285767,0.08513391017913818,1,1918,2022-09-17,1168,5071,Heavyweight,140.0,-180.0,0.39325842696629215,3,7,0.3522727272727273,True,0.35162163698366156,True,b,0.6483783630163384,0.6067415730337078,0.04163678998263065,1.5555555555555556,0,0.0038648541114369105
6688,3,0.40076544880867004,0.13293218612670898,0,1921,2022-09-17,4948,3838,Welterweight,172.0,-230.0,0.34533277521975725,1,9,0.38461538461538464,True,0.3021816463667451,True,b,0.697818353633255,0.6546672247802428,0.0431511288530122,1.434782608695652,1,0.0007001417474352915
6695,3,0.37483400106430054,0.11241579055786133,1,1908,2022-10-01,4346,2683,Catch Weight,150.0,-195.0,0.37699680511182115,1,3,0.3522727272727273,True,0.3335898279378055,True,b,0.6664101720621944,0.6230031948881789,0.04340697717401554,1.5128205128205128,0,0.003977501895868389
6703,3,0.3806259036064148,0.007976651191711426,0,1907,2022-10-01,1269,4379,Lightweight,150.0,-190.0,0.3790849673202614,2,3,0.3522727272727273,True,0.33589569547945264,True,b,0.6641043045205474,0.6209150326797386,0.043189271840808785,1.526315789473684,1,0.006475620777396805
6704,3,0.33964207768440247,0.03040379285812378,1,1913,2022-10-01,856,1793,Bantamweight,235.0,-333.0,0.279616415356301,8,5,0.3333333333333333,True,0.22813334215903444,True,b,0.7718666578409655,0.720383584643699,0.05148307319726653,1.3003003003003002,0,0.0030456571128451163
6706,3,0.4982672333717346,0.003172755241394043,1,1895,2022-10-15,645,3717,Bantamweight,300.0,-455.0,0.23368421052631577,17,1,0.46060606060606063,True,0.19125671082652054,True,b,0.8087432891734795,0.7663157894736843,0.0424274996997952,1.2197802197802199,0,0.0
6707,3,0.3932797312736511,0.08618307113647461,0,1892,2022-10-15,978,2289,Flyweight,175.0,-250.0,0.3373493975903614,7,9,0.38461538461538464,True,0.29352341315951946,True,b,0.7064765868404805,0.6626506024096386,0.04382598443084196,1.4,1,0.0
6708,3,0.3958098888397217,0.03966045379638672,0,1893,2022-10-15,2154,735,Bantamweight,165.0,-225.0,0.35278154681139756,21,10,0.38461538461538464,True,0.31030212264577367,True,b,0.6896978773542264,0.6472184531886025,0.04247942416562389,1.4444444444444444,1,0.0
6711,3,0.3613107204437256,0.03903341293334961,0,1900,2022-10-15,3248,3821,Strawweight,135.0,-180.0,0.3982930298719772,5,1,0.3389830508474576,True,0.355769503424944,True,b,0.644230496575056,0.6017069701280229,0.042523526447033166,1.5555555555555556,1,0.0009613476025392281
6712,3,0.3294842839241028,0.05839204788208008,0,1901,2022-10-15,3659,17,Flyweight,198.0,-305.0,0.3082426364259076,2,1,0.3333333333333333,True,0.2576987246619078,True,b,0.7423012753380922,0.6917573635740923,0.05054391176399986,1.3278688524590163,1,0.0
6714,3,0.4940084218978882,0.048043906688690186,0,1902,2022-10-15,413,3805,Welterweight,475.0,-800.0,0.16363636363636366,3,1,0.46060606060606063,True,0.12354344784541062,True,b,0.8764565521545894,0.8363636363636363,0.04009291579095309,1.125,1,0.0
6716,3,0.39669644832611084,0.0013117790222167969,0,1880,2022-10-22,4242,4117,Lightweight,140.0,-245.0,0.3697749196141479,30,12,0.38461538461538464,True,0.32897289138783997,True,b,0.67102710861216,0.6302250803858521,0.04080202822630785,1.4081632653061225,1,0.0
6725,3,0.3992014527320862,0.017426609992980957,0,1889,2022-10-22,2199,1724,Middleweight,160.0,-225.0,0.3571428571428572,1,2,0.38461538461538464,True,0.3150750348099478,True,b,0.6849249651900522,0.6428571428571428,0.0420678223329094,1.4444444444444444,1,0.0
6729,3,0.24856695532798767,0.06284856796264648,0,1869,2022-10-29,781,1034,Featherweight,-109.0,-135.0,0.47584989782649073,11,9,0.2631578947368421,True,0.43416919316752434,True,b,0.5658308068324757,0.5241501021735093,0.04168070465896634,1.7407407407407407,1,0.0
6735,3,0.4626418352127075,0.028975486755371094,1,1877,2022-10-29,3846,1993,Featherweight,240.0,-357.0,0.2735216662676562,3,5,0.46060606060606063,True,0.23217098322223167,True,b,0.7678290167777684,0.7264783337323437,0.04135068304542466,1.280112044817927,0,0.0
6737,3,0.48348212242126465,0.027861595153808594,0,1879,2022-10-29,4563,4157,Bantamweight,300.0,-455.0,0.23368421052631577,0,1,0.46060606060606063,True,0.19125671082652054,True,b,0.8087432891734795,0.7663157894736843,0.0424274996997952,1.2197802197802199,1,0.0
6740,3,0.4010407626628876,0.03990894556045532,1,1858,2022-11-05,811,2206,Strawweight,180.0,-262.0,0.33041255932822194,8,9,0.38461538461538464,True,0.28603923154576283,True,b,0.7139607684542372,0.6695874406717781,0.04437332778245906,1.381679389312977,0,0.0
6746,3,0.2955441474914551,0.0005501508712768555,0,1866,2022-11-05,3462,1315,Bantamweight,200.0,-270.0,0.3135593220338983,1,3,0.2631578947368421,True,0.2562250224027682,True,b,0.7437749775972318,0.6864406779661016,0.057334299631130126,1.3703703703703702,1,0.01299185427743933
6747,3,0.3906738758087158,0.02245628833770752,0,1867,2022-11-05,862,129,Flyweight,210.0,-280.0,0.30448717948717946,1,1,0.38461538461538464,True,0.25840769946620074,True,b,0.7415923005337992,0.6955128205128205,0.046079480020978725,1.3571428571428572,1,0.00451268550710927
6750,3,0.429965078830719,0.025900721549987793,1,1844,2022-11-12,2749,553,Middleweight,175.0,-715.0,0.2930337078651686,3,13,0.41735537190082644,True,0.24914953358515293,True,b,0.7508504664148471,0.7069662921348314,0.043884174280015675,1.1398601398601398,0,0.0
6757,3,0.32165616750717163,0.02979743480682373,0,1851,2022-11-12,2701,1224,Flyweight,300.0,-450.0,0.23404255319148934,9,3,0.3333333333333333,True,0.18274806525299506,True,b,0.817251934747005,0.7659574468085106,0.05129448793849434,1.2222222222222223,1,0.0
6764,3,0.358343243598938,0.06812930107116699,0,1837,2022-11-19,663,3787,Flyweight,130.0,-180.0,0.4034582132564841,5,1,0.3389830508474576,True,0.3615370990824884,True,b,0.6384629009175116,0.5965417867435159,0.04192111417399569,1.5555555555555556,1,0.0
6768,3,0.3624168634414673,0.038168907165527344,0,1836,2022-11-19,2552,1001,Welterweight,440.0,-1430.0,0.16536964980544747,12,2,0.3389830508474576,True,0.11918839180964438,True,b,0.8808116081903556,0.8346303501945526,0.04618125799580308,1.06993006993007,1,0.0
6775,3,0.44930678606033325,0.07212972640991211,1,1824,2022-12-03,1141,3882,Middleweight,175.0,-260.0,0.33488372093023255,14,6,0.42105263157894735,True,0.29427578935360776,True,b,0.7057242106463922,0.6651162790697674,0.04060793157662479,1.3846153846153846,0,0.0
6783,3,0.40065088868141174,0.07968717813491821,1,1828,2022-12-03,4421,785,Lightweight,220.0,-405.0,0.280399777901166,26,12,0.38461538461538464,True,0.2332511680293436,True,b,0.7667488319706564,0.719600222098834,0.047148609871822345,1.2469135802469136,0,0.0
6784,3,0.37139126658439636,0.11964529752731323,0,1829,2022-12-03,4399,2639,Featherweight,350.0,-625.0,0.2049469964664311,26,5,0.3522727272727273,True,0.1561805373132568,True,b,0.8438194626867432,0.7950530035335689,0.048766459153174346,1.16,1,0.0
6795,3,0.33512353897094727,0.03161048889160156,1,1815,2022-12-10,1918,3557,Middleweight,130.0,-190.0,0.3988995873452545,4,8,0.3333333333333333,True,0.355813555822699,True,b,0.644186444177301,0.6011004126547455,0.043086031522555523,1.526315789473684,0,0.0
6798,3,0.4449566602706909,0.045107245445251465,0,1818,2022-12-10,4256,274,Bantamweight,238.0,-351.0,0.27544003224663793,0,0,0.41735537190082644,True,0.23076354186171313,True,b,0.7692364581382869,0.7245599677533621,0.04467649038492483,1.2849002849002849,1,0.0
6817,3,0.3305090665817261,0.030449867248535156,0,1787,2023-01-14,3499,3465,Bantamweight,550.0,-1050.0,0.14420062695924765,8,3,0.3333333333333333,True,0.10048882666025252,True,b,0.8995111733397475,0.8557993730407524,0.04371180029899513,1.0952380952380953,1,0.0
6827,3,0.30120450258255005,0.02689337730407715,0,1771,2023-01-21,2548,1518,Flyweight,350.0,-660.0,0.2037533512064343,13,21,0.2631578947368421,True,0.14914816126661362,True,b,0.8508518387333863,0.7962466487935657,0.054605189939820664,1.1515151515151516,1,0.0
6833,3,0.3174961805343628,0.08222723007202148,0,1777,2023-01-21,232,4558,Heavyweight,650.0,-1350.0,0.12526997840172785,10,3,0.3333333333333333,True,0.0846020681511718,True,b,0.9153979318488282,0.8747300215982722,0.04066791025055605,1.074074074074074,1,0.0
6837,3,0.28052133321762085,0.05309772491455078,0,1781,2023-01-21,311,2740,Featherweight,390.0,-700.0,0.18912529550827423,2,2,0.2631578947368421,True,0.13594513740351788,True,b,0.8640548625964821,0.8108747044917257,0.0531801581047564,1.1428571428571428,1,0.0
6843,3,0.38921329379081726,0.07802271842956543,1,1761,2023-02-04,2690,1708,Welterweight,250.0,-360.0,0.26744186046511625,1,0,0.38461538461538464,True,0.21993995797903507,True,b,0.7800600420209649,0.7325581395348837,0.047501902486081216,1.2777777777777777,0,0.0
6847,3,0.3313349485397339,0.03544306755065918,0,1766,2023-02-04,2659,4748,Middleweight,164.0,-235.0,0.35063847603098175,2,7,0.3333333333333333,True,0.30280555020739924,True,b,0.6971944497926008,0.6493615239690183,0.04783292582358256,1.425531914893617,1,0.0
6855,3,0.4912016987800598,0.04005539417266846,0,1751,2023-02-11,783,2842,Flyweight,260.0,-400.0,0.25773195876288657,0,1,0.46060606060606063,True,0.21577003790498706,True,b,0.784229962095013,0.7422680412371134,0.041961920857899515,1.25,1,0.0
6856,3,0.4683705270290375,0.0402410626411438,0,1752,2023-02-11,1433,3646,Lightweight,210.0,-333.0,0.2955026274483041,0,6,0.46060606060606063,True,0.2553748025614909,True,b,0.7446251974385091,0.7044973725516959,0.04012782488681321,1.3003003003003002,1,0.0
6858,3,0.31985312700271606,0.029089927673339844,0,1754,2023-02-11,825,3984,Strawweight,255.0,-400.0,0.26041666666666663,4,6,0.3333333333333333,True,0.2087481254050689,True,b,0.7912518745949311,0.7395833333333334,0.0516685412615977,1.25,1,0.0
6866,3,0.3322319984436035,0.05079960823059082,0,1739,2023-02-18,495,4058,Bantamweight,380.0,-552.0,0.19748000969227045,10,7,0.3333333333333333,True,0.1480148419132913,True,b,0.8519851580867087,0.8025199903077296,0.049465167778979136,1.181159420289855,1,0.008735807681335106
6872,3,0.4254736304283142,0.030901432037353516,0,1727,2023-02-25,3822,3513,Lightweight,160.0,-290.0,0.34090909090909094,2,0,0.41735537190082644,True,0.3004912531984112,True,b,0.6995087468015888,0.6590909090909091,0.04041783771067975,1.3448275862068966,1,0.0
6879,3,0.33593305945396423,0.023940622806549072,0,1731,2023-02-25,695,3463,Lightweight,400.0,-950.0,0.1810344827586207,0,5,0.3333333333333333,True,0.13293144353173805,True,b,0.867068556468262,0.8189655172413793,0.04810303922688264,1.1052631578947367,1,0.0
6884,3,0.4152172803878784,0.07918083667755127,1,1710,2023-03-04,2289,5097,Flyweight,450.0,-1200.0,0.16455696202531644,10,14,0.41735537190082644,True,0.1223230919077954,True,b,0.8776769080922046,0.8354430379746836,0.042233870117521,1.0833333333333333,0,0.0
6885,3,0.4056427478790283,0.07588684558868408,0,1711,2023-03-04,3080,245,Welterweight,333.0,-560.0,0.21395228215767634,9,4,0.38461538461538464,True,0.16681647855149334,True,b,0.8331835214485066,0.7860477178423236,0.04713580360618297,1.1785714285714286,1,0.0
6888,3,0.3578502833843231,0.08769208192825317,0,1714,2023-03-04,4408,4633,Bantamweight,140.0,-195.0,0.38663171690694625,5,12,0.3389830508474576,True,0.3428094391296441,True,b,0.6571905608703559,0.6133682830930538,0.04382227777730208,1.5128205128205128,1,0.0
6893,3,0.4584031105041504,0.0074651241302490234,0,1721,2023-03-04,2143,1683,Bantamweight,330.0,-500.0,0.21818181818181814,1,0,0.46060606060606063,True,0.175773770965786,True,b,0.8242262290342139,0.7818181818181819,0.042408047216032085,1.2,1,0.0
6896,3,0.30381935834884644,0.10458111763000488,0,1700,2023-03-11,856,777,Bantamweight,600.0,-1200.0,0.13402061855670103,9,7,0.32142857142857145,True,0.09138489322462837,True,b,0.9086151067753716,0.865979381443299,0.042635725332072605,1.0833333333333333,1,0.0
6901,3,0.5163747072219849,0.12096428871154785,0,1708,2023-03-11,4263,2694,Welterweight,240.0,-400.0,0.26881720430107525,4,3,0.46794871794871795,True,0.22782546015891947,True,b,0.7721745398410805,0.7311827956989247,0.040991744142155784,1.25,1,0.0
6911,3,0.3671170473098755,0.14479565620422363,1,1682,2023-03-18,415,4050,Lightweight,175.0,-262.0,0.33441108545034637,10,7,0.3522727272727273,True,0.2872374521930021,True,b,0.7127625478069979,0.6655889145496536,0.04717363325734425,1.381679389312977,0,0.0
6912,3,0.30425214767456055,0.031099796295166016,1,1684,2023-03-18,697,208,Flyweight,120.0,-190.0,0.4096045197740113,10,4,0.32142857142857145,True,0.366411276789921,True,b,0.633588723210079,0.5903954802259888,0.04319324298409022,1.526315789473684,0,0.0
6915,3,0.39514386653900146,0.03387928009033203,0,1692,2023-03-18,1449,129,Flyweight,255.0,-550.0,0.24975984630163306,5,2,0.38461538461538464,True,0.20204265056360082,True,b,0.7979573494363992,0.7502401536983669,0.047717195738032236,1.1818181818181819,1,0.0
6916,3,0.3552975058555603,0.09390914440155029,0,1683,2023-03-18,3318,3373,Welterweight,300.0,-420.0,0.23636363636363636,16,14,0.3389830508474576,True,0.18542189690774188,True,b,0.8145781030922581,0.7636363636363637,0.05094173945589442,1.2380952380952381,1,0.00895153401993554
6917,3,0.333410382270813,0.021123170852661133,0,1689,2023-03-18,2497,2922,Flyweight,550.0,-1000.0,0.14473684210526316,0,3,0.3333333333333333,True,0.10094697071978544,True,b,0.8990530292802146,0.8552631578947368,0.04378987138547774,1.1,1,0.0
6933,3,0.42727774381637573,0.017972469329833984,0,1662,2023-04-08,1392,1889,Welterweight,195.0,-260.0,0.31943212067435667,16,17,0.41735537190082644,True,0.2772358819229642,True,b,0.7227641180770358,0.6805678793256433,0.042196238751392445,1.3846153846153846,1,0.0004877062693321888
6939,3,0.33460092544555664,0.12703382968902588,0,1665,2023-04-08,3600,1362,Strawweight,121.0,-170.0,0.41815084404522224,12,2,0.3333333333333333,True,0.3773816681003144,True,b,0.6226183318996856,0.5818491559547778,0.04076917594490781,1.5882352941176472,1,0.0
6941,3,0.4146275520324707,0.011330842971801758,1,1670,2023-04-08,3248,2549,Strawweight,200.0,-280.0,0.31147540983606553,6,0,0.41735537190082644,True,0.2687102607544517,True,b,0.7312897392455483,0.6885245901639345,0.042765149081613774,1.3571428571428572,0,0.0
6944,3,0.3617331087589264,0.016989946365356445,0,1668,2023-04-08,572,145,Catch Weight,260.0,-480.0,0.2512998266897747,2,3,0.3389830508474576,True,0.2001169540004101,True,b,0.7998830459995899,0.7487001733102253,0.05118287268936461,1.2083333333333333,1,0.0
6950,3,0.38696467876434326,0.08323824405670166,0,1650,2023-04-15,2215,4756,Lightweight,210.0,-340.0,0.29451137884872824,34,6,0.3522727272727273,True,0.2451123964066244,True,b,0.7548876035933756,0.7054886211512718,0.049398982442103834,1.2941176470588236,1,0.0
6952,3,0.3419833779335022,0.056409239768981934,1,1652,2023-04-15,1629,844,Flyweight,160.0,-211.0,0.3617961842717543,6,8,0.3333333333333333,True,0.3149144193477841,True,b,0.6850855806522159,0.6382038157282457,0.046881764923970226,1.4739336492890995,0,0.005154038957097884
6961,3,0.38224324584007263,0.10218006372451782,1,1635,2023-04-22,858,3081,Middleweight,130.0,-175.0,0.4059040590405904,5,21,0.3522727272727273,True,0.3657575694635522,True,b,0.6342424305364478,0.5940959409594095,0.04014648957703826,1.5714285714285714,0,0.0
6962,3,0.3596213459968567,0.021535754203796387,0,1637,2023-04-22,285,4014,Flyweight,265.0,-445.0,0.2512389074564942,1,1,0.3389830508474576,True,0.2000565284154873,True,b,0.7999434715845127,0.7487610925435058,0.051182379041006976,1.2247191011235956,1,0.0
6963,3,0.29959729313850403,0.03026580810546875,0,1640,2023-04-22,575,497,Bantamweight,400.0,-725.0,0.1853932584269663,19,8,0.2631578947368421,True,0.13262151713346665,True,b,0.8673784828665334,0.8146067415730337,0.05277174129349971,1.1379310344827587,1,0.0
6971,3,0.5089138746261597,0.04224896430969238,0,1624,2023-04-29,1800,973,Middleweight,265.0,-390.0,0.2560752547687484,10,3,0.46060606060606063,True,0.2140628363683791,True,b,0.7859371636316209,0.7439247452312516,0.04201241840036929,1.2564102564102564,1,0.0
6976,3,0.3925014138221741,0.0076503753662109375,1,1631,2023-04-29,1176,302,Bantamweight,250.0,-590.0,0.25045372050816694,0,5,0.38461538461538464,True,0.20273896761474597,True,b,0.797261032385254,0.7495462794918331,0.047714752893420975,1.1694915254237288,0,0.0
6984,3,0.3028627038002014,0.04076266288757324,0,1615,2023-05-06,2826,3703,Featherweight,135.0,-186.0,0.39551929193749136,2,10,0.2631578947368421,True,0.34373476887721316,True,b,0.6562652311227868,0.6044807080625086,0.05178452306027814,1.5376344086021505,1,0.00422964025279253
6996,3,0.4195111393928528,0.07990896701812744,0,1603,2023-05-13,4368,357,Light Heavyweight,320.0,-490.0,0.222809667673716,2,4,0.41735537190082644,True,0.1775556153131337,True,b,0.8224443846868663,0.777190332326284,0.04525405236058233,1.2040816326530612,1,0.0
6998,3,0.32000675797462463,0.005183219909667969,1,1607,2023-05-13,3454,1086,Catch Weight,130.0,-175.0,0.4059040590405904,11,12,0.3333333333333333,True,0.36363539895626246,True,b,0.6363646010437376,0.5940959409594095,0.04226866008432806,1.5714285714285714,0,6.632175695818476e-07
7003,3,0.3192911744117737,0.08364605903625488,0,1591,2023-05-20,2041,3557,Welterweight,175.0,-235.0,0.3414012738853503,5,9,0.3333333333333333,True,0.2928527781373049,True,b,0.7071472218626951,0.6585987261146498,0.04854849574804532,1.425531914893617,1,0.0047357983100071045
7012,3,0.2837161421775818,0.0377277135848999,0,1598,2023-05-20,1368,2840,Flyweight,600.0,-1200.0,0.13402061855670103,3,2,0.2631578947368421,True,0.08886241566751726,True,b,0.9111375843324827,0.865979381443299,0.04515820288918371,1.0833333333333333,1,0.0
7032,3,0.3141852617263794,0.006460785865783691,1,1570,2023-06-10,1209,3874,Flyweight,194.0,-275.0,0.3168567807351077,3,6,0.3333333333333333,True,0.26674151437713045,True,b,0.7332584856228695,0.6831432192648923,0.05011526635797725,1.3636363636363638,0,0.0
7034,3,0.41663503646850586,0.033356666564941406,1,1572,2023-06-10,2332,1468,Featherweight,170.0,-295.0,0.331514897188418,6,1,0.41735537190082644,True,0.29027679761629005,True,b,0.7097232023837099,0.668485102811582,0.04123809957212787,1.3389830508474576,0,0.0
7045,3,0.41028475761413574,0.10495710372924805,0,1561,2023-06-17,3529,3584,Flyweight,180.0,-260.0,0.3308823529411765,1,1,0.41735537190082644,True,0.28959135124568375,True,b,0.7104086487543162,0.6691176470588235,0.04129100169549271,1.3846153846153846,1,0.0
7048,3,0.3747103810310364,0.03866243362426758,0,1558,2023-06-17,3619,3596,Flyweight,220.0,-330.0,0.2893674293405114,2,1,0.3522727272727273,True,0.23978359160358467,True,b,0.7602164083964154,0.7106325706594886,0.04958383773692676,1.303030303030303,1,0.0
7052,3,0.3564140796661377,0.014429330825805664,0,1543,2023-06-24,858,2789,Middleweight,150.0,-230.0,0.3646408839779005,6,11,0.3389830508474576,True,0.3186148135715958,True,b,0.6813851864284042,0.6353591160220995,0.04602607040630469,1.434782608695652,1,0.0
7064,3,0.38632309436798096,0.06438577175140381,0,1529,2023-07-01,3728,2658,Welterweight,200.0,-270.0,0.3135593220338983,14,2,0.3522727272727273,True,0.2650527001849334,True,b,0.7349472998150666,0.6864406779661016,0.048506621848964926,1.3703703703703702,1,0.004826252328936526
7067,3,0.36932510137557983,0.017663121223449707,0,1535,2023-07-01,3480,3698,Featherweight,140.0,-200.0,0.38461538461538464,8,7,0.3522727272727273,True,0.3420165527202165,True,b,0.6579834472797834,0.6153846153846154,0.042598831895168,1.5,1,0.0
7072,3,0.3656010329723358,0.02649599313735962,0,1533,2023-07-01,3043,180,Welterweight,170.0,-220.0,0.35010940919037203,18,2,0.3389830508474576,True,0.3028156505872481,True,b,0.6971843494127519,0.649890590809628,0.0472937586031239,1.4545454545454546,1,0.007747479530201497
7074,3,0.517887532711029,0.08707165718078613,1,1516,2023-07-08,1534,1970,Middleweight,260.0,-375.0,0.2602739726027397,5,19,0.46794871794871795,True,0.218944103302091,True,b,0.781055896697909,0.7397260273972603,0.041329869300648636,1.2666666666666666,0,0.0
7076,3,0.4279215335845947,0.07330560684204102,0,1514,2023-07-08,1951,1106,Featherweight,285.0,-425.0,0.24291497975708504,13,13,0.41735537190082644,True,0.19754489765469352,True,b,0.8024551023453065,0.7570850202429149,0.04537008210239157,1.2352941176470589,1,0.0
7077,3,0.35047486424446106,0.017930328845977783,0,1520,2023-07-08,679,17,Catch Weight,550.0,-2000.0,0.1390728476821192,0,3,0.3389830508474576,True,0.09636978033199743,True,b,0.9036302196680026,0.8609271523178808,0.04270306735012186,1.05,1,0.0
7084,3,0.37778156995773315,0.007134079933166504,1,1515,2023-07-08,3958,3403,Flyweight,160.0,-200.0,0.36585365853658536,12,14,0.3522727272727273,True,0.32133479467961035,True,b,0.6786652053203897,0.6341463414634146,0.04451886385697501,1.5,0,0.00899890399029224
7086,3,0.3280385732650757,0.03972959518432617,0,1502,2023-07-15,324,1001,Welterweight,400.0,-700.0,0.186046511627907,0,4,0.3333333333333333,True,0.13749104395709097,True,b,0.862508956042909,0.813953488372093,0.04855546767081598,1.1428571428571428,1,0.0
7094,3,0.42609894275665283,0.03636670112609863,0,1510,2023-07-15,168,896,Lightweight,240.0,-333.0,0.27664196268847435,2,2,0.41735537190082644,True,0.23201066305648305,True,b,0.7679893369435169,0.7233580373115256,0.044631299631991306,1.3003003003003002,1,0.0
7097,3,0.339618444442749,0.05590939521789551,0,1513,2023-07-15,4552,3358,Bantamweight,180.0,-275.0,0.3275109170305677,8,1,0.3333333333333333,True,0.27801434425856436,True,b,0.7219856557414357,0.6724890829694323,0.04949657277200337,1.3636363636363638,1,0.0
7098,3,0.423112690448761,0.02794349193572998,0,1486,2023-07-22,3156,2691,Heavyweight,350.0,-590.0,0.2062780269058296,17,6,0.41735537190082644,True,0.16145769036683447,True,b,0.8385423096331656,0.7937219730941704,0.0448203365389952,1.1694915254237288,1,0.0
7100,3,0.4033992290496826,0.03022456169128418,0,1488,2023-07-22,692,2806,Featherweight,164.0,-240.0,0.34921939194741164,19,8,0.38461538461538464,True,0.3064137659602808,True,b,0.6935862340397192,0.6507806080525884,0.04280562598713078,1.4166666666666667,1,0.0
7102,3,0.3049696683883667,0.022874116897583008,0,1490,2023-07-22,1844,1829,Lightweight,120.0,-185.0,0.41184971098265893,6,5,0.32142857142857145,True,0.36892579454935576,True,b,0.6310742054506442,0.5881502890173411,0.042923916433303066,1.5405405405405406,1,0.0
7124,3,0.4024777412414551,0.008090019226074219,1,1468,2023-08-05,4061,145,Lightweight,175.0,-250.0,0.3373493975903614,6,4,0.38461538461538464,True,0.29352341315951946,True,b,0.7064765868404805,0.6626506024096386,0.04382598443084196,1.4,0,0.0
7126,3,0.3784814774990082,0.24843978881835938,0,1464,2023-08-05,1518,2250,Strawweight,290.0,-400.0,0.24271844660194172,24,6,0.3522727272727273,True,0.19263802937038219,True,b,0.8073619706296178,0.7572815533980582,0.05008041723155954,1.25,1,0.009202463287022233
7137,3,0.4256562888622284,0.044834911823272705,0,1455,2023-08-12,4692,1945,Middleweight,250.0,-360.0,0.26744186046511625,7,3,0.41735537190082644,True,0.22249910223093297,True,b,0.7775008977690671,0.7325581395348837,0.044942758234183366,1.2777777777777777,1,0.0
7139,3,0.4494544565677643,0.04288870096206665,1,1451,2023-08-12,2154,1674,Featherweight,175.0,-320.0,0.32307692307692304,22,9,0.42105263157894735,True,0.28149238689385225,True,b,0.7185076131061477,0.676923076923077,0.041584536183070786,1.3125,0,0.0
7141,3,0.26011839509010315,0.08561992645263672,0,1457,2023-08-12,4762,3074,Lightweight,210.0,-351.0,0.293028393216815,2,6,0.2631578947368421,True,0.23523233641378583,True,b,0.7647676635862142,0.706971606783185,0.05779605680302913,1.2849002849002849,1,0.0
7143,3,0.3607670068740845,0.0222475528717041,0,1459,2023-08-12,4188,3687,Heavyweight,164.0,-225.0,0.3536452665941241,5,3,0.3389830508474576,True,0.3066455222737861,True,b,0.693354477726214,0.6463547334058759,0.046999744320338044,1.4444444444444444,1,0.0008505131525488076
7148,3,0.3456520438194275,0.025180459022521973,0,1456,2023-08-12,2719,4586,Bantamweight,260.0,-450.0,0.2534562211981567,3,1,0.3333333333333333,True,0.20181378454977952,True,b,0.7981862154502205,0.7465437788018433,0.0516424366483772,1.2222222222222223,1,0.0
7149,3,0.4457516074180603,0.009228825569152832,0,1439,2023-08-19,811,82,Strawweight,250.0,-350.0,0.26865671641791045,9,9,0.41735537190082644,True,0.2237505059457347,True,b,0.7762494940542652,0.7313432835820896,0.04490621047217569,1.2857142857142856,1,0.0
7150,3,0.44424349069595337,0.1630568504333496,1,1438,2023-08-19,252,1738,Bantamweight,190.0,-275.0,0.3198294243070363,10,18,0.41735537190082644,True,0.2776629053405064,True,b,0.7223370946594936,0.6801705756929637,0.0421665189665299,1.3636363636363638,0,0.0
7152,3,0.3352615237236023,0.049744486808776855,0,1441,2023-08-19,2143,777,Bantamweight,170.0,-230.0,0.34700315457413244,4,8,0.3333333333333333,True,0.29888069788714194,True,b,0.7011193021128581,0.6529968454258676,0.048122456686990556,1.434782608695652,1,0.0034234242431079036
7155,3,0.2921393811702728,0.05136364698410034,0,1444,2023-08-19,2659,1733,Middleweight,250.0,-400.0,0.26315789473684204,3,6,0.2631578947368421,True,0.20544519024182226,True,b,0.7945548097581777,0.736842105263158,0.05771270449501975,1.25,1,0.0
7156,3,0.2541673183441162,0.024299263954162598,1,1445,2023-08-19,2751,3497,Lightweight,135.0,-188.0,0.39462866538777747,4,7,0.2631578947368421,True,0.34275529497367363,True,b,0.6572447050263264,0.6053713346122225,0.05187337041410389,1.5319148936170213,0,0.003216187618954979
7158,3,0.34290018677711487,0.056556880474090576,0,1447,2023-08-19,1227,4822,Middleweight,185.0,-250.0,0.32941176470588235,18,4,0.3333333333333333,True,0.2800356182006819,True,b,0.7199643817993181,0.6705882352941177,0.04937614650520039,1.4,1,0.004968834074403281
7160,3,0.34454527497291565,0.05420643091201782,0,1448,2023-08-19,3467,2840,Flyweight,250.0,-351.0,0.2685323012801429,10,3,0.3333333333333333,True,0.21689676496305194,True,b,0.783103235036948,0.7314676987198572,0.051635536317090835,1.2849002849002849,1,0.005448897504158854
7165,3,0.3336837887763977,0.06754839420318604,0,1429,2023-08-26,807,1224,Flyweight,120.0,-170.0,0.4192546583850932,6,5,0.3333333333333333,True,0.37862488209329687,True,b,0.6213751179067031,0.5807453416149069,0.040629776291796205,1.5882352941176472,1,0.0
7170,3,0.4708024263381958,0.02870810031890869,1,1434,2023-08-26,3484,3185,Welterweight,225.0,-400.0,0.2777777777777778,7,1,0.46060606060606063,True,0.23663097698651697,True,b,0.7633690230134831,0.7222222222222222,0.041146800791260874,1.25,0,0.0
7172,3,0.4767438769340515,0.013776898384094238,0,1436,2023-08-26,4442,3534,Flyweight,380.0,-602.0,0.19545606414968258,2,12,0.46060606060606063,True,0.1535664157158744,True,b,0.8464335842841256,0.8045439358503175,0.04188964843380816,1.1661129568106312,1,0.0
7173,3,0.2662865221500397,0.025825202465057373,0,1425,2023-08-26,3632,827,Featherweight,500.0,-800.0,0.15789473684210525,11,27,0.2631578947368421,True,0.10872083657522447,True,b,0.8912791634247755,0.8421052631578947,0.04917390026688084,1.125,1,0.00537811770574495
7176,3,0.3567030429840088,0.03347313404083252,0,1423,2023-09-02,2842,1683,Bantamweight,290.0,-400.0,0.24271844660194172,2,1,0.3389830508474576,True,0.1916443740634989,True,b,0.8083556259365011,0.7572815533980582,0.05107407253844287,1.25,1,0.010444532420626401
7177,3,0.5087244510650635,0.022062301635742188,0,1419,2023-09-02,78,4075,Featherweight,250.0,-375.0,0.2657342657342657,0,0,0.46060606060606063,True,0.22405309336310364,True,b,0.7759469066368964,0.7342657342657344,0.04168117237116198,1.2666666666666666,1,0.0
7180,3,0.34114784002304077,0.03503274917602539,0,1418,2023-09-02,765,1551,Featherweight,164.0,-270.0,0.3417066863686738,0,2,0.3333333333333333,True,0.2931807821967967,True,b,0.7068192178032033,0.6582933136313263,0.04852590417187708,1.3703703703703702,1,0.0
7181,3,0.3567146956920624,0.02985316514968872,0,1424,2023-09-02,311,842,Catch Weight,275.0,-400.0,0.25,3,0,0.3389830508474576,True,0.19882851842481747,True,b,0.8011714815751825,0.75,0.051171481575182476,1.25,1,0.0014643519689780948
7187,3,0.4422842562198639,0.034373939037323,0,1404,2023-09-09,3310,153,Flyweight,300.0,-455.0,0.23368421052631577,0,5,0.41735537190082644,True,0.1883131295794923,True,b,0.8116868704205077,0.7663157894736843,0.045371080946823406,1.2197802197802199,1,0.0
7190,3,0.4938476085662842,0.02724313735961914,1,1402,2023-09-09,2975,553,Middleweight,350.0,-770.0,0.20069204152249134,19,15,0.46060606060606063,True,0.1586291295158036,True,b,0.8413708704841965,0.7993079584775087,0.04206291200668777,1.12987012987013,0,0.0
7193,3,0.37734031677246094,0.017152905464172363,0,1410,2023-09-09,407,4065,Lightweight,350.0,-520.0,0.20945945945945946,0,10,0.3522727272727273,True,0.16044817385014934,True,b,0.8395518261498507,0.7905405405405406,0.04901128560931012,1.1923076923076923,1,0.0013053305322685588
7194,3,0.4390130937099457,0.03456473350524902,0,1411,2023-09-09,1499,467,Welterweight,260.0,-325.0,0.26645768025078376,2,0,0.41735537190082644,True,0.22148634838782225,True,b,0.7785136516121778,0.7335423197492162,0.04497133186296154,1.3076923076923077,1,0.014670754837938893
7204,3,0.46291130781173706,0.046355485916137695,0,1401,2023-09-16,1432,925,Strawweight,450.0,-800.0,0.16981132075471697,0,0,0.46060606060606063,True,0.12926570683020466,True,b,0.8707342931697953,0.8301886792452831,0.04054561392451228,1.125,1,0.0
7212,3,0.3402230441570282,0.06415367126464844,1,1390,2023-09-23,4223,955,Bantamweight,180.0,-275.0,0.3275109170305677,0,1,0.3333333333333333,True,0.27801434425856436,True,b,0.7219856557414357,0.6724890829694323,0.04949657277200337,1.3636363636363638,0,0.0
7213,3,0.3963148295879364,0.11798304319381714,1,1387,2023-09-23,1064,3195,Middleweight,400.0,-650.0,0.1875,6,5,0.38461538461538464,True,0.14175105782947667,True,b,0.8582489421705233,0.8125,0.04574894217052328,1.1538461538461537,0,0.0
7217,3,0.38692110776901245,0.11788046360015869,1,1377,2023-10-07,2745,3190,Strawweight,290.0,-455.0,0.23824855119124272,5,2,0.3522727272727273,True,0.18823913086405156,True,b,0.8117608691359485,0.7617514488087573,0.050009420327191134,1.2197802197802199,0,0.0
7219,3,0.35151150822639465,0.006560862064361572,0,1371,2023-10-07,4237,1330,Middleweight,280.0,-405.0,0.24706457925636008,11,2,0.3389830508474576,True,0.19592547665506885,True,b,0.8040745233449311,0.75293542074364,0.051139102601291175,1.2469135802469136,1,0.002644085722975544
7227,3,0.3947054147720337,0.005952715873718262,0,1369,2023-10-14,946,3573,Strawweight,280.0,-420.0,0.24574669187145556,10,3,0.38461538461538464,True,0.19802522966169128,True,b,0.8019747703383087,0.7542533081285444,0.047721462209764254,1.2380952380952381,1,0.0
7230,3,0.37263166904449463,0.09706330299377441,1,1359,2023-10-14,3479,4489,Featherweight,130.0,-210.0,0.39092055485498106,28,7,0.3522727272727273,True,0.3490188996167649,True,b,0.6509811003832351,0.609079445145019,0.041901655238216096,1.4761904761904763,0,0.0
7239,3,0.4421449303627014,0.006049513816833496,0,1347,2023-10-21,392,3456,Middleweight,145.0,-420.0,0.33570045190445447,17,6,0.41735537190082644,True,0.29481986777561636,True,b,0.7051801322243836,0.6642995480955456,0.04088058412883799,1.2380952380952381,1,0.0
7241,3,0.27007925510406494,0.0439075231552124,0,1351,2023-10-21,1600,2922,Flyweight,320.0,-520.0,0.2211126961483595,18,4,0.2631578947368421,True,0.16516775858733304,True,b,0.834832241412667,0.7788873038516405,0.055944937561026475,1.1923076923076923,1,0.0
7245,3,0.32492026686668396,0.05281549692153931,1,1356,2023-10-21,504,2806,Featherweight,240.0,-400.0,0.26881720430107525,1,9,0.3333333333333333,True,0.21718404796534074,True,b,0.7828159520346593,0.7311827956989247,0.05163315633573451,1.25,0,0.0
7251,3,0.310288667678833,0.05103158950805664,0,1339,2023-11-04,736,973,Middleweight,230.0,-333.0,0.2826555258176121,2,4,0.32142857142857145,True,0.2301900846775399,True,b,0.7698099153224601,0.7173444741823879,0.05246544114007223,1.3003003003003002,1,0.0008192333365630258
7252,3,0.3488657772541046,0.02617090940475464,0,1340,2023-11-04,2799,2110,Catch Weight,160.0,-260.0,0.34749034749034746,0,2,0.3333333333333333,True,0.29940610103468196,True,b,0.700593898965318,0.6525096525096525,0.04808424645566545,1.3846153846153846,1,0.0
7253,3,0.4276288151741028,0.050223708152770996,0,1342,2023-11-04,979,1207,Light Heavyweight,200.0,-275.0,0.3125,6,2,0.41735537190082644,True,0.2698052734705491,True,b,0.7301947265294508,0.6875,0.04269472652945083,1.3636363636363638,1,0.0
7263,3,0.3814694285392761,0.06418871879577637,0,1330,2023-11-11,2891,4506,Lightweight,450.0,-920.0,0.16776315789473686,8,2,0.3522727272727273,True,0.12199906543632831,True,b,0.8780009345636717,0.8322368421052632,0.04576409245840851,1.108695652173913,1,0.0
7266,3,0.4117922782897949,0.005569815635681152,0,1334,2023-11-11,3401,509,Flyweight,180.0,-250.0,0.33333333333333337,0,1,0.41735537190082644,True,0.29224897124741483,True,b,0.7077510287525852,0.6666666666666666,0.04108436208591859,1.4,1,0.0
7267,3,0.4048670530319214,0.08691012859344482,0,1335,2023-11-11,3495,1876,Featherweight,195.0,-260.0,0.31943212067435667,1,5,0.38461538461538464,True,0.2742692515776183,True,b,0.7257307484223817,0.6805678793256433,0.04516286909673839,1.3846153846153846,1,0.0031576735801435276
7268,3,0.29817742109298706,0.08619034290313721,1,1327,2023-11-11,4704,602,Featherweight,-105.0,-130.0,0.4753937007874017,2,6,0.2631578947368421,True,0.43364535040250013,True,b,0.5663546495974998,0.5246062992125984,0.041748350384901434,1.7692307692307692,0,0.0006539235185623813
7270,3,0.4329136312007904,0.03832125663757324,0,1312,2023-11-18,2077,326,Bantamweight,460.0,-900.0,0.16556291390728478,1,0,0.41735537190082644,True,0.12323971413733888,True,b,0.8767602858626611,0.8344370860927153,0.04232319976994581,1.1111111111111112,1,0.0
7273,3,0.3279874920845032,0.07258749008178711,0,1309,2023-11-18,1741,2789,Middleweight,310.0,-470.0,0.2282739287144573,16,12,0.3333333333333333,True,0.17716351369697325,True,b,0.8228364863030267,0.7717260712855427,0.051110415017484034,1.2127659574468086,1,0.0
7275,3,0.39475417137145996,0.07484471797943115,0,1313,2023-11-18,1362,1693,Strawweight,185.0,-250.0,0.32941176470588235,3,9,0.38461538461538464,True,0.28496253259915405,True,b,0.715037467400846,0.6705882352941177,0.04444923210672824,1.4,1,0.0006577839757401783
7277,3,0.3341110944747925,0.07257533073425293,0,1320,2023-11-18,2319,3358,Bantamweight,145.0,-200.0,0.37974683544303806,9,2,0.3333333333333333,True,0.3345848556210311,True,b,0.6654151443789689,0.620253164556962,0.04516197982200687,1.5,1,0.0
7278,3,0.38281458616256714,0.02008998394012451,0,1317,2023-11-18,2659,3287,Middleweight,400.0,-720.0,0.18552036199095023,4,2,0.3522727272727273,True,0.13809743814562936,True,b,0.8619025618543706,0.8144796380090498,0.047422923845320875,1.1388888888888888,1,0.0
7279,3,0.3780239522457123,0.021366775035858154,0,1318,2023-11-18,379,1802,Heavyweight,260.0,-425.0,0.2554744525547445,0,1,0.3522727272727273,True,0.20530960123996667,True,b,0.7946903987600333,0.7445255474452555,0.05016485131477788,1.2352941176470589,1,0.0
7286,3,0.5150636434555054,0.14681905508041382,0,1301,2023-12-02,2215,1169,Lightweight,250.0,-350.0,0.26865671641791045,35,9,0.46794871794871795,True,0.2276579979645587,True,b,0.7723420020354412,0.7313432835820896,0.04099871845335168,1.2857142857142856,1,0.0
7287,3,0.46199968457221985,0.06338673830032349,1,1302,2023-12-02,3330,626,Middleweight,210.0,-375.0,0.2900763358778626,5,6,0.46060606060606063,True,0.24960810830135816,True,b,0.7503918916986418,0.7099236641221374,0.04046822757650448,1.2666666666666666,0,0.0
7295,3,0.43362027406692505,0.04691886901855469,0,1286,2023-12-09,4736,1200,Bantamweight,275.0,-400.0,0.25,11,12,0.41735537190082644,True,0.20469120333106927,True,b,0.7953087966689307,0.75,0.04530879666893073,1.25,1,0.0
7300,3,0.49324968457221985,0.08071446418762207,1,1293,2023-12-09,3846,2583,Lightweight,190.0,-810.0,0.27922675667382635,5,2,0.46060606060606063,True,0.23815305097283537,True,b,0.7618469490271647,0.7207732433261737,0.041073705700991,1.123456790123457,0,0.0
7304,3,0.3213224411010742,0.07553529739379883,0,1292,2023-12-09,783,1152,Flyweight,370.0,-700.0,0.19559902200488996,2,1,0.3333333333333333,True,0.14627200346462546,True,b,0.8537279965353746,0.80440097799511,0.049327018540264556,1.1428571428571428,1,0.0
7305,3,0.33287739753723145,0.05725240707397461,1,1278,2023-12-16,4245,4747,Featherweight,180.0,-290.0,0.324459234608985,13,8,0.3333333333333333,True,0.274775628802262,True,b,0.725224371197738,0.675540765391015,0.04968360580672293,1.3448275862068966,0,0.0
7308,3,0.3104567527770996,0.07469058036804199,0,1276,2023-12-16,3732,245,Welterweight,425.0,-810.0,0.17627118644067796,19,5,0.32142857142857145,True,0.12797044944895772,True,b,0.8720295505510423,0.823728813559322,0.04830073699172022,1.123456790123457,1,0.0
7327,3,0.313590943813324,0.014307856559753418,0,1273,2024-01-13,3586,509,Flyweight,215.0,-300.0,0.29739776951672864,0,2,0.32820928559380086,True,0.2459404471754747,True,b,0.7540595528245253,0.7026022304832713,0.051457322341254,1.3333333333333333,1,0.004059552824525262
7330,4,0.6192107200622559,0.21089965105056763,0,1253,2024-01-20,5072,1143,Welterweight,-420.0,275.0,0.7517899761336516,3,31,0.6604361370716509,True,0.7964871255196272,True,a,0.7964871255196272,0.7517899761336516,0.044697149385975576,1.2380952380952381,0,0.0
7336,4,0.30705058574676514,0.004433155059814453,0,1259,2024-01-20,1884,1335,Strawweight,230.0,-320.0,0.28455284552845533,9,15,0.2987551867219917,True,0.2298894158660218,True,b,0.7701105841339781,0.7154471544715446,0.05466342966243354,1.3125,1,0.008616113340677068
7338,4,0.35794365406036377,0.1058506965637207,0,1261,2024-01-20,576,1209,Bantamweight,290.0,-440.0,0.23936170212765953,9,5,0.2987551867219917,True,0.1847790981997173,True,b,0.8152209018002827,0.7606382978723405,0.05458260392794223,1.2272727272727273,1,0.0005482174303817088
7342,4,0.7271161079406738,0.10033023357391357,1,1240,2024-02-03,1933,3136,Welterweight,-280.0,210.0,0.6955128205128205,16,9,0.7272727272727273,True,0.7448728944655273,True,a,0.7448728944655273,0.6955128205128205,0.04936007395270681,1.3571428571428572,1,0.007629249742250948
7343,4,0.7321935892105103,0.017420172691345215,1,1241,2024-02-03,2840,978,Flyweight,-360.0,260.0,0.7380410022779044,4,10,0.7272727272727273,True,0.7888690670919447,True,a,0.7888690670919447,0.7380410022779044,0.05082806481404034,1.2777777777777777,1,0.00719942715573636
7346,4,0.37353765964508057,0.1426299810409546,1,1245,2024-02-03,3787,696,Flyweight,185.0,-320.0,0.3153153153153153,6,1,0.36,True,0.268458445051271,True,b,0.731541554948729,0.6846846846846847,0.04685687026404428,1.3125,0,0.0
7352,4,0.68108069896698,0.06079399585723877,0,1224,2024-02-10,1330,4468,Middleweight,-275.0,200.0,0.6875,3,16,0.6666666666666666,True,0.729478453439398,True,a,0.729478453439398,0.6875,0.04197845343939799,1.3636363636363638,0,0.0
7360,4,0.6395497918128967,0.05685532093048096,1,1232,2024-02-10,3984,2322,Strawweight,-350.0,220.0,0.713375796178344,7,2,0.6604361370716509,True,0.7565064677311537,True,a,0.7565064677311537,0.713375796178344,0.043130671552809696,1.2857142857142856,1,0.0
7367,4,0.3545810282230377,0.06449270248413086,0,1214,2024-02-17,3080,240,Welterweight,195.0,-290.0,0.31312725812926534,10,6,0.2987551867219917,True,0.25951327888800446,True,b,0.7404867211119955,0.6868727418707347,0.05361397924126088,1.3448275862068966,1,0.0
7368,4,0.723028838634491,0.05976879596710205,1,1215,2024-02-17,4284,2451,Bantamweight,-333.0,210.0,0.7044973725516959,11,13,0.7272727272727273,True,0.7543149531009244,True,a,0.7543149531009244,0.7044973725516959,0.04981758054922858,1.3003003003003002,1,0.0
7375,4,0.35601356625556946,0.0383455753326416,0,1223,2024-02-17,3467,3874,Flyweight,150.0,-222.0,0.36716077537058156,11,8,0.2987551867219917,True,0.3175638731898485,True,b,0.6824361268101515,0.6328392246294184,0.04959690218073309,1.4504504504504505,1,0.0
7376,4,0.435440331697464,0.04628133773803711,0,1222,2024-02-17,901,2921,Welterweight,240.0,-400.0,0.26881720430107525,1,0,0.42857142857142855,True,0.22583272598905008,True,b,0.77416727401095,0.7311827956989247,0.04298447831202523,1.25,1,0.0
7377,4,0.31084883213043213,0.08506608009338379,1,1200,2024-02-24,1629,3403,Flyweight,210.0,-350.0,0.29315960912052114,8,15,0.2987551867219917,True,0.2387274619941879,True,b,0.7612725380058121,0.7068403908794789,0.05443214712633315,1.2857142857142856,0,0.0
7378,4,0.3415754735469818,0.0646563172340393,1,1201,2024-02-24,3223,1951,Featherweight,120.0,-175.0,0.4166666666666667,11,14,0.2987551867219917,True,0.37273742750082256,True,b,0.6272625724991774,0.5833333333333333,0.043929239165844125,1.5714285714285714,0,0.0
7379,4,0.41707220673561096,0.031407833099365234,0,1202,2024-02-24,1433,461,Lightweight,220.0,-350.0,0.2866242038216561,2,3,0.42857142857142855,True,0.24460641047035955,True,b,0.7553935895296404,0.7133757961783439,0.04201779335129652,1.2857142857142856,1,0.0
7380,4,0.4466504454612732,0.027492642402648926,0,1203,2024-02-24,3248,712,Strawweight,375.0,-800.0,0.19148936170212766,7,3,0.42857142857142855,True,0.14817042171891384,True,b,0.8518295782810862,0.8085106382978724,0.04331893998321379,1.125,1,0.0
7388,4,0.646757960319519,0.05875730514526367,1,1211,2024-02-24,504,2697,Featherweight,-600.0,375.0,0.8028169014084507,2,1,0.6604361370716509,True,0.8471337002860487,True,a,0.8471337002860487,0.8028169014084507,0.044316798877597985,1.1666666666666667,1,0.0
7389,4,0.6890112161636353,0.012426376342773438,1,1193,2024-03-02,3349,814,Flyweight,-500.0,350.0,0.7894736842105263,2,12,0.6666666666666666,True,0.8346606678760098,True,a,0.8346606678760098,0.7894736842105263,0.04518698366548346,1.2,1,0.00199100181401464
7391,4,0.45117634534835815,0.0850372314453125,0,1190,2024-03-02,1935,1207,Light Heavyweight,300.0,-500.0,0.23076923076923073,10,3,0.4375,True,0.1874574652921265,True,b,0.8125425347078735,0.7692307692307693,0.04331176547710425,1.2,1,0.0
7392,4,0.7074188590049744,0.11066305637359619,1,1191,2024-03-02,2922,2586,Flyweight,-420.0,275.0,0.7517899761336516,5,9,0.6666666666666666,True,0.7970417794574133,True,a,0.7970417794574133,0.7517899761336516,0.045251803323761663,1.2380952380952381,1,0.0
7396,4,0.38781797885894775,0.00846552848815918,0,1197,2024-03-02,2333,3287,Middleweight,290.0,-450.0,0.23861171366594355,3,3,0.36,True,0.18922652934295575,True,b,0.8107734706570442,0.7613882863340564,0.049385184322987774,1.2222222222222223,1,0.0
7397,4,0.35384440422058105,0.0454709529876709,0,1198,2024-03-02,5014,4061,Lightweight,600.0,-1350.0,0.1330275229357798,0,7,0.2987551867219917,True,0.08876309466707515,True,b,0.9112369053329249,0.8669724770642202,0.04426442826870469,1.074074074074074,1,0.0
7401,4,0.6596345901489258,0.026253581047058105,1,1175,2024-03-09,252,900,Bantamweight,-290.0,205.0,0.6939976461357396,11,22,0.6604361370716509,True,0.7358129386396124,True,a,0.7358129386396124,0.6939976461357396,0.041815292503872836,1.3448275862068966,1,0.0
7404,4,0.29427480697631836,0.07847452163696289,0,1178,2024-03-09,3148,1001,Welterweight,123.0,-170.0,0.4159605607764597,21,6,0.24390243902439024,True,0.36399935765050845,True,b,0.6360006423494915,0.5840394392235403,0.051961203125951205,1.5882352941176472,1,0.004300433585906796
7407,4,0.36629295349121094,0.10480952262878418,0,1182,2024-03-09,4507,102,Lightweight,350.0,-500.0,0.21052631578947367,34,8,0.36,True,0.16180278787512398,True,b,0.838197212124876,0.7894736842105263,0.04872352791434964,1.2,1,0.007295818187313919
7410,4,0.4487612247467041,0.020350337028503418,0,1186,2024-03-09,4188,4981,Heavyweight,285.0,-420.0,0.24333177351427235,6,0,0.4375,True,0.2002184324839834,True,b,0.7997815675160166,0.7566682264857276,0.043113341030288965,1.2380952380952381,1,0.0
7411,4,0.6453471183776855,0.007615089416503906,1,1187,2024-03-09,2575,3659,Flyweight,-600.0,410.0,0.8138297872340425,1,5,0.6604361370716509,True,0.8576477389972684,True,a,0.8576477389972684,0.8138297872340425,0.04381795176322589,1.1666666666666667,1,0.0008835432452198306
7412,4,0.189974844455719,0.020311594009399414,0,1183,2024-03-09,4529,1099,Bantamweight,170.0,-238.0,0.34468692637160914,20,6,0.1111111111111111,True,0.26293273498098413,True,b,0.7370672650190159,0.6553130736283909,0.08175419139062501,1.4201680672268908,1,0.02
7414,4,0.5857040882110596,0.040193796157836914,1,1168,2024-03-16,4379,2944,Lightweight,-500.0,360.0,0.7931034482758621,4,3,0.6083333333333334,True,0.8339434737376,True,a,0.8339434737376,0.7931034482758621,0.04084002546173793,1.2,1,0.0009152106064000064
7416,4,0.22786766290664673,0.053452372550964355,1,1164,2024-03-16,172,1366,Light Heavyweight,455.0,-720.0,0.170265780730897,26,10,0.24390243902439024,True,0.11699889279134196,True,b,0.8830011072086581,0.8297342192691031,0.05326688793955503,1.1388888888888888,0,0.01015226977774903
7419,4,0.364115834236145,0.023993372917175293,1,1169,2024-03-16,4124,2740,Bantamweight,120.0,-177.0,0.4156662665066026,2,3,0.2987551867219917,True,0.3716062473629457,True,b,0.6283937526370543,0.5843337334933973,0.04406001914365698,1.5649717514124295,0,0.0
7423,4,0.3631725311279297,0.034583330154418945,0,1173,2024-03-16,354,3519,Lightweight,245.0,-380.0,0.26800670016750416,0,11,0.2987551867219917,True,0.21311391796904403,True,b,0.786886082030956,0.7319932998324958,0.054892782198460166,1.263157894736842,1,0.0
7429,4,0.3857974410057068,0.041194796562194824,0,1151,2024-03-23,2199,3888,Middleweight,155.0,-200.0,0.37037037037037035,3,9,0.36,True,0.3285666782511691,True,b,0.6714333217488309,0.6296296296296297,0.04180369211920121,1.5,1,0.0035749913116231435
7438,4,0.7210404872894287,0.0034636259078979492,0,1156,2024-03-23,222,3697,Featherweight,-185.0,140.0,0.6090534979423868,11,13,0.7272727272727273,True,0.6505583183019948,True,a,0.6505583183019948,0.6090534979423868,0.04150482035960801,1.5405405405405406,0,0.0010228017901713396
7444,4,0.48938512802124023,0.004254460334777832,0,1148,2024-03-30,105,3247,Bantamweight,370.0,-550.0,0.2009273570324575,0,1,0.44660194174757284,True,0.1584700639810147,True,b,0.8415299360189853,0.7990726429675425,0.042457293051442746,1.1818181818181819,1,0.0
7447,4,0.31436699628829956,0.09442794322967529,0,1144,2024-03-30,1089,1615,Featherweight,270.0,-667.0,0.2371016105598318,4,9,0.2987551867219917,True,0.1825834814885909,True,b,0.8174165185114091,0.7628983894401682,0.05451812907124087,1.1499250374812593,1,0.0
7453,4,0.25962501764297485,0.06231415271759033,0,1124,2024-04-06,1918,2789,Middleweight,175.0,-250.0,0.3373493975903614,8,13,0.24390243902439024,True,0.27831808515913725,True,b,0.7216819148408627,0.6626506024096386,0.05903131243122417,1.4,1,0.006471675485754879
7457,4,0.3822689354419708,0.21107083559036255,0,1129,2024-04-06,1371,4709,Welterweight,230.0,-370.0,0.2779420461265523,21,19,0.36,True,0.22912015874101524,True,b,0.7708798412589848,0.7220579538734477,0.048821887385537055,1.2702702702702702,1,0.0
7467,4,0.5729703903198242,0.07847762107849121,1,1112,2024-04-13,82,155,Strawweight,-590.0,350.0,0.7937219730941705,10,10,0.6083333333333334,True,0.8345570003481412,True,a,0.8345570003481412,0.7937219730941705,0.0408350272539707,1.1694915254237288,1,0.0
7472,4,0.474887877702713,0.08755934238433838,0,1118,2024-04-13,4417,1474,Bantamweight,340.0,-480.0,0.21545319465081725,15,0,0.44660194174757284,True,0.17278525633762587,True,b,0.8272147436623741,0.7845468053491828,0.04266793831319138,1.2083333333333333,1,0.0
7473,4,0.48181405663490295,0.06813430786132812,0,1123,2024-04-13,4633,4866,Bantamweight,250.0,-380.0,0.26519337016574585,14,15,0.44660194174757284,True,0.223606461810655,True,b,0.776393538189345,0.7348066298342542,0.041586908355090824,1.263157894736842,1,0.0
7474,4,0.24695056676864624,0.03116905689239502,0,1117,2024-04-13,781,1738,Featherweight,140.0,-200.0,0.38461538461538464,12,19,0.24390243902439024,True,0.32923749741751906,True,b,0.6707625025824809,0.6153846153846154,0.055377887197865516,1.5,1,0.0030718769368607013
7481,4,0.3355395793914795,0.017671585083007812,1,1102,2024-04-27,3835,2639,Featherweight,120.0,-175.0,0.4166666666666667,5,7,0.2987551867219917,True,0.37273742750082256,True,b,0.6272625724991774,0.5833333333333333,0.043929239165844125,1.5714285714285714,0,0.0
7483,4,0.4050630033016205,0.08100670576095581,0,1103,2024-04-27,4115,3490,Welterweight,210.0,-330.0,0.2959394356503785,28,5,0.4111111111111111,True,0.25287682066677947,True,b,0.7471231793332205,0.7040605643496215,0.04306261498359898,1.303030303030303,1,0.0
7486,4,0.36161819100379944,0.050136566162109375,0,1107,2024-04-27,1432,3179,Strawweight,250.0,-400.0,0.26315789473684204,1,1,0.2987551867219917,True,0.20825322687823034,True,b,0.7917467731217697,0.736842105263158,0.0549046678586117,1.25,1,0.0
7488,4,0.5753411054611206,0.10567760467529297,1,1109,2024-04-27,4648,4442,Flyweight,-560.0,340.0,0.7887323943661972,1,3,0.6083333333333334,True,0.8295946788901285,True,a,0.8295946788901285,0.7887323943661972,0.04086228452393126,1.1785714285714286,1,0.0
7490,4,0.25773561000823975,0.07109594345092773,1,1086,2024-05-04,1375,735,Bantamweight,120.0,-180.0,0.41420118343195267,20,13,0.24390243902439024,True,0.3620291433005707,True,b,0.6379708566994293,0.5857988165680473,0.05217204013138199,1.5555555555555556,0,0.0
7493,4,0.6718533039093018,0.09320306777954102,0,1087,2024-05-04,1207,3269,Light Heavyweight,-550.0,310.0,0.7762478485370052,4,21,0.6666666666666666,True,0.8216434425472992,True,a,0.8216434425472992,0.7762478485370052,0.045395594010293916,1.1818181818181819,0,0.0
7494,4,0.6430109739303589,0.08252596855163574,1,1088,2024-05-04,3905,4368,Middleweight,-650.0,350.0,0.7959183673469387,10,5,0.6604361370716509,True,0.8404681437151966,True,a,0.8404681437151966,0.7959183673469387,0.044549776368257965,1.1538461538461537,1,0.0
7495,4,0.25956764817237854,0.044828832149505615,0,1089,2024-05-04,1741,973,Middleweight,390.0,-650.0,0.1905972045743329,17,5,0.24390243902439024,True,0.1347775563424637,True,b,0.8652224436575363,0.8094027954256671,0.055819648231869246,1.1538461538461537,1,0.0
7496,4,0.6878496408462524,0.013887166976928711,1,1091,2024-05-04,4014,2827,Strawweight,-435.0,280.0,0.7554844606946984,3,16,0.6666666666666666,True,0.8008002655386627,True,a,0.8008002655386627,0.7554844606946984,0.04531580484396425,1.2298850574712643,1,0.0
7502,4,0.3534836769104004,0.14700078964233398,0,1096,2024-05-04,1014,4164,Lightweight,400.0,-600.0,0.1891891891891892,10,2,0.2987551867219917,True,0.13752707125508604,True,b,0.862472928744914,0.8108108108108107,0.05166211793410325,1.1666666666666667,1,0.009327625303599565
7507,4,0.43109816312789917,0.01796591281890869,0,1075,2024-05-11,2559,357,Light Heavyweight,210.0,-278.0,0.30488788514276494,12,6,0.42857142857142855,True,0.26415896910131165,True,b,0.7358410308986884,0.695112114857235,0.040728916041453345,1.3597122302158273,1,0.0003697741992604911
7508,4,0.6893807053565979,0.1391761302947998,0,1076,2024-05-11,4506,3476,Lightweight,-480.0,320.0,0.7765793528505394,3,14,0.6666666666666666,True,0.8219722483060579,True,a,0.8219722483060579,0.7765793528505394,0.0453928954555185,1.2083333333333333,0,0.0
7515,4,0.6639226675033569,0.11011075973510742,1,1066,2024-05-18,1725,2941,Lightweight,-600.0,350.0,0.7941176470588235,1,1,0.6604361370716509,True,0.8387184031900639,True,a,0.8387184031900639,0.7941176470588235,0.04460075613124037,1.1666666666666667,1,0.0
7516,4,0.3261028528213501,0.10887455940246582,0,1061,2024-05-18,3479,3562,Featherweight,130.0,-175.0,0.4059040590405904,29,6,0.2987551867219917,True,0.3606009138579186,True,b,0.6393990861420814,0.5940959409594095,0.04530314518267187,1.5714285714285714,1,0.002086871722680947
7519,4,0.5662004351615906,0.03408634662628174,1,1064,2024-05-18,84,1144,Bantamweight,-550.0,310.0,0.7762478485370052,7,2,0.6083333333333334,True,0.8170505831945586,True,a,0.8170505831945586,0.7762478485370052,0.04080273465755335,1.1818181818181819,1,0.0
7525,4,0.42170315980911255,0.035105109214782715,1,1072,2024-05-18,2745,3573,Strawweight,290.0,-420.0,0.24096385542168672,6,4,0.42857142857142855,True,0.19709274127447657,True,b,0.8029072587255235,0.7590361445783133,0.04387111414721023,1.2380952380952381,0,0.0
7526,4,0.5958137512207031,0.02891373634338379,1,1067,2024-05-18,1755,2893,Light Heavyweight,-600.0,350.0,0.7941176470588235,0,0,0.6083333333333334,True,0.8349492348347028,True,a,0.8349492348347028,0.7941176470588235,0.04083158777587936,1.1666666666666667,1,0.0
7531,4,0.6523332595825195,0.024082064628601074,0,1052,2024-06-01,4709,2863,Welterweight,-300.0,210.0,0.6992481203007519,20,16,0.6604361370716509,True,0.7414522099665978,True,a,0.7414522099665978,0.6992481203007519,0.04220408966584588,1.3333333333333333,0,0.0
7532,4,0.830259382724762,0.08863973617553711,1,1049,2024-06-01,4117,1820,Lightweight,-500.0,300.0,0.7692307692307692,15,30,0.9439288199547541,True,0.8509393041212906,True,a,0.8509393041212906,0.7692307692307692,0.08170853489052143,1.2,1,0.02
7533,4,0.39086514711380005,0.006788372993469238,0,1056,2024-06-01,3463,1092,Lightweight,350.0,-600.0,0.20588235294117646,7,10,0.41025641025641024,True,0.1608492047153308,True,b,0.8391507952846692,0.7941176470588236,0.04503314822584559,1.1666666666666667,1,0.0
7534,4,0.3588028848171234,0.02916508913040161,0,1057,2024-06-01,1636,2938,Welterweight,130.0,-175.0,0.4059040590405904,5,19,0.2987551867219917,True,0.3606009138579186,True,b,0.6393990861420814,0.5940959409594095,0.04530314518267187,1.5714285714285714,1,0.002086871722680947
7537,4,0.38696929812431335,0.013632059097290039,0,1060,2024-06-01,1072,1975,Flyweight,225.0,-330.0,0.28618968386023297,0,1,0.36,True,0.23768826014533928,True,b,0.7623117398546607,0.7138103161397671,0.04850142371489363,1.303030303030303,1,0.0
7538,4,0.6405290365219116,0.02621173858642578,1,1055,2024-06-01,4558,3047,Heavyweight,-455.0,250.0,0.7415599534342259,7,8,0.6604361370716509,True,0.7859836909614267,True,a,0.7859836909614267,0.7415599534342259,0.04442373752720086,1.2197802197802199,1,0.0
7540,4,0.30287832021713257,0.08659970760345459,0,1035,2024-06-08,774,437,Middleweight,-100.0,-130.0,0.4693877551020409,16,8,0.24390243902439024,True,0.42478404694545346,True,b,0.5752159530545465,0.5306122448979591,0.04460370815658743,1.7692307692307692,1,0.00574917300636425
7543,4,0.4380936622619629,0.10269951820373535,0,1038,2024-06-08,3330,5029,Middleweight,210.0,-300.0,0.3007518796992481,6,3,0.42857142857142855,True,0.2597058526883475,True,b,0.7402941473116524,0.6992481203007519,0.04104602701090054,1.3333333333333333,1,0.0
7545,4,0.3022536635398865,0.01699244976043701,0,1037,2024-06-08,2119,3285,Bantamweight,200.0,-320.0,0.30434782608695654,3,3,0.24390243902439024,True,0.24397461856848743,True,b,0.7560253814315125,0.6956521739130435,0.060373207518469085,1.3125,1,0.0
7546,4,0.3418390452861786,0.13925951719284058,1,1046,2024-06-08,3320,3722,Strawweight,163.0,-218.0,0.3567662171561918,4,1,0.2987551867219917,True,0.3062067631384417,True,b,0.6937932368615582,0.6432337828438082,0.05055945401775008,1.4587155963302751,0,0.00656562330493878
7551,4,0.3843532204627991,0.0011794567108154297,0,1043,2024-06-08,805,686,Bantamweight,450.0,-750.0,0.1708542713567839,1,6,0.36,True,0.1247685246736255,True,b,0.8752314753263745,0.8291457286432161,0.046085746683158346,1.1333333333333333,1,0.0
7554,4,0.2519181966781616,0.06324779987335205,0,1025,2024-06-15,3454,4393,Bantamweight,130.0,-180.0,0.4034582132564841,12,8,0.24390243902439024,True,0.35004672145412563,True,b,0.6499532785458744,0.5965417867435159,0.05341149180235849,1.5555555555555556,1,0.004967294982112077
7559,4,0.2546098232269287,0.06597018241882324,0,1030,2024-06-15,3619,3160,Flyweight,425.0,-800.0,0.17647058823529413,4,6,0.24390243902439024,True,0.12236197880987051,True,b,0.8776380211901295,0.8235294117647058,0.054108609425423615,1.125,1,0.0
7561,4,0.32773470878601074,0.12428164482116699,1,1032,2024-06-15,4108,2537,Featherweight,260.0,-385.0,0.259219668626403,2,2,0.2987551867219917,True,0.2043242778049757,True,b,0.7956757221950244,0.740780331373597,0.05489539082142736,1.2597402597402598,0,0.0022568131614671065
7568,4,0.6367768049240112,0.029799222946166992,1,1016,2024-06-22,3868,2369,Middleweight,-810.0,400.0,0.8165322580645161,1,0,0.6604361370716509,True,0.8602033243245004,True,a,0.8602033243245004,0.8165322580645161,0.04367106625998429,1.123456790123457,1,0.0
7569,4,0.38573718070983887,0.06496047973632812,0,1018,2024-06-22,1823,4065,Lightweight,175.0,-275.0,0.33149171270718236,14,12,0.36,True,0.28587144568619655,True,b,0.7141285543138034,0.6685082872928176,0.04562026702098576,1.3636363636363638,1,0.0
7570,4,0.3763723373413086,0.042391419410705566,0,1020,2024-06-22,531,180,Welterweight,260.0,-395.0,0.25821596244131456,12,4,0.36,True,0.20890572259864668,True,b,0.7910942774013533,0.7417840375586855,0.0493102398426678,1.2531645569620253,1,0.0
7576,4,0.3962344527244568,0.06300616264343262,0,1005,2024-06-29,1147,1330,Middleweight,250.0,-350.0,0.26865671641791045,12,4,0.4111111111111111,True,0.22413110540233644,True,b,0.7758688945976635,0.7313432835820896,0.04452561101557395,1.2857142857142856,1,0.0
7582,4,0.7586127519607544,0.02081388235092163,1,1009,2024-06-29,1335,3600,Strawweight,-200.0,150.0,0.625,16,14,0.9166666666666666,True,0.7057363408468319,True,a,0.7057363408468319,0.625,0.0807363408468319,1.5,1,0.02
7583,4,0.6796775460243225,0.02535831928253174,1,1010,2024-06-29,3687,1289,Heavyweight,-280.0,205.0,0.6920583468395461,5,41,0.6666666666666666,True,0.7343927888543432,True,a,0.7343927888543432,0.6920583468395461,0.04233444201479708,1.3571428571428572,1,0.0
7584,4,0.4820292592048645,0.05808049440383911,0,1011,2024-06-29,3045,2353,Flyweight,310.0,-480.0,0.22762951334379902,4,0,0.44660194174757284,True,0.1849772268312143,True,b,0.8150227731687857,0.772370486656201,0.04265228651258468,1.2083333333333333,1,0.0
7586,4,0.2974545955657959,0.08292794227600098,0,1008,2024-06-29,765,326,Bantamweight,750.0,-2000.0,0.1099476439790576,1,2,0.24390243902439024,True,0.06799447340258276,True,b,0.9320055265974172,0.8900523560209423,0.04195317057647485,1.05,1,0.0
7591,4,0.7180048227310181,0.027327537536621094,0,992,2024-07-13,4157,3697,Featherweight,-280.0,175.0,0.6695652173913044,5,14,0.7104285919451796,True,0.715115346650927,True,a,0.715115346650927,0.6695652173913044,0.04555012925962265,1.3571428571428572,0,0.0
7593,4,0.37731343507766724,0.03859400749206543,1,994,2024-07-13,3787,509,Flyweight,200.0,-300.0,0.3076923076923077,8,3,0.36,True,0.2603305380853258,True,b,0.7396694619146742,0.6923076923076923,0.04736176960698191,1.3333333333333333,0,0.0
7597,4,0.4097141623497009,0.04678940773010254,0,999,2024-07-13,3877,896,Welterweight,333.0,-625.0,0.21129326047358832,2,3,0.41541030248577415,True,0.16648143438930715,True,b,0.8335185656106928,0.7887067395264117,0.04481182608428114,1.16,1,0.0
7598,4,0.7014038562774658,0.00018322467803955078,1,997,2024-07-13,1344,639,Flyweight,-440.0,300.0,0.7652173913043477,2,5,0.6666666666666666,True,0.810630744478728,True,a,0.810630744478728,0.7652173913043477,0.04541335317438022,1.2272727272727273,1,0.0
7604,4,0.35558369755744934,0.03821110725402832,0,984,2024-07-20,4739,3874,Flyweight,190.0,-260.0,0.32315978456014366,1,9,0.2987551867219917,True,0.270099399337356,True,b,0.7299006006626441,0.6768402154398563,0.053060385222787776,1.3846153846153846,1,0.006910540596379645
7610,4,0.4323192834854126,0.0008429288864135742,0,967,2024-07-27,3770,1034,Featherweight,200.0,-290.0,0.30952380952380953,9,12,0.42857142857142855,True,0.2691673284830261,True,b,0.730832671516974,0.6904761904761905,0.04035648104078349,1.3448275862068966,1,0.0
7612,4,0.3046439290046692,0.04410743713378906,0,968,2024-07-27,2797,2806,Featherweight,315.0,-500.0,0.22429906542056074,12,10,0.2987551867219917,True,0.17026145807534726,True,b,0.8297385419246528,0.7757009345794392,0.05403760734521357,1.2,1,0.0
7613,4,0.46876657009124756,0.020627260208129883,0,964,2024-07-27,4325,2691,Heavyweight,300.0,-430.0,0.23555555555555555,18,8,0.44660194174757284,True,0.19300353309545243,True,b,0.8069964669045475,0.7644444444444445,0.042552022460103034,1.2325581395348837,1,0.0
7614,4,0.49175137281417847,0.04709315299987793,1,969,2024-07-27,2322,2701,Strawweight,250.0,-375.0,0.2657342657342657,3,12,0.44660194174757284,True,0.22417320001823815,True,b,0.7758267999817618,0.7342657342657344,0.04156106571602747,1.2666666666666666,0,0.0
7616,4,0.3884807229042053,0.07088470458984375,1,963,2024-07-27,2843,169,Welterweight,198.0,-286.0,0.31172271214911007,18,17,0.36,True,0.26462151931646205,True,b,0.735378480683538,0.6882772878508899,0.04710119283264802,1.3496503496503496,0,0.0
7618,4,0.322920560836792,0.013438820838928223,0,974,2024-07-27,4136,3434,Welterweight,325.0,-500.0,0.22018348623853212,1,2,0.2987551867219917,True,0.16634277740721742,True,b,0.8336572225927825,0.7798165137614679,0.05384070883131464,1.2,1,0.0004858338891737189
7620,4,0.6745818853378296,0.03225970268249512,1,975,2024-07-27,1802,707,Heavyweight,-600.0,360.0,0.7976878612716763,3,4,0.6666666666666666,True,0.8426383194312544,True,a,0.8426383194312544,0.7976878612716763,0.0449504581595781,1.1666666666666667,1,0.0
7621,4,0.30395543575286865,0.0370945930480957,0,971,2024-07-27,153,2922,Flyweight,160.0,-220.0,0.3587443946188341,6,6,0.2987551867219917,True,0.30836154517687164,True,b,0.6916384548231284,0.6412556053811659,0.050382849441962474,1.4545454545454546,1,0.003310763858502688
7625,4,0.2966482639312744,0.0010100603103637695,0,950,2024-08-03,939,3465,Bantamweight,275.0,-395.0,0.2504743833017078,13,5,0.24390243902439024,True,0.19034424862483812,True,b,0.8096557513751619,0.7495256166982922,0.06013013467686967,1.2531645569620253,1,0.014448992326762852
7628,4,0.7081031799316406,0.004486560821533203,1,953,2024-08-03,3611,3525,Welterweight,-599.0,340.0,0.7903796557308224,18,23,0.6666666666666666,True,0.8355446428440371,True,a,0.8355446428440371,0.7903796557308224,0.045164987113214705,1.1669449081803005,1,0.0
7630,4,0.33536025881767273,0.0834496021270752,0,957,2024-08-03,388,1851,Lightweight,250.0,-400.0,0.26315789473684204,1,1,0.2987551867219917,True,0.20825322687823034,True,b,0.7917467731217697,0.736842105263158,0.0549046678586117,1.25,1,0.0
7635,4,0.7131521701812744,0.04263949394226074,1,962,2024-08-03,2673,2659,Middleweight,-250.0,188.0,0.6728971962616822,4,5,0.6666666666666666,True,0.7136210880017476,True,a,0.7136210880017476,0.6728971962616822,0.04072389174006541,1.4,1,0.0
7637,4,0.33480268716812134,0.0599522590637207,0,942,2024-08-10,1676,2790,Welterweight,300.0,-455.0,0.23368421052631577,0,1,0.2987551867219917,True,0.17927506427667333,True,b,0.8207249357233266,0.7663157894736843,0.054409146249642326,1.2197802197802199,1,0.0012558483161157659
7640,4,0.35577505826950073,0.012969493865966797,0,943,2024-08-10,2737,4736,Bantamweight,450.0,-720.0,0.17154811715481172,0,12,0.2987551867219917,True,0.12170510618232777,True,b,0.8782948938176722,0.8284518828451883,0.04984301097248389,1.1388888888888888,1,0.0005045323262280023
7644,4,0.7046102285385132,0.02340596914291382,1,948,2024-08-10,91,2229,Featherweight,-590.0,350.0,0.7937219730941705,8,3,0.6666666666666666,True,0.8387970801354294,True,a,0.8387970801354294,0.7937219730941705,0.045075107041258944,1.1694915254237288,1,0.0
7645,4,0.40783798694610596,0.07424843311309814,0,946,2024-08-10,4591,3698,Bantamweight,188.0,-280.0,0.3202966958867161,10,9,0.4111111111111111,True,0.2790993232363495,True,b,0.7209006767636505,0.6797033041132838,0.041197372650366715,1.3571428571428572,1,0.0
7649,4,0.3005843758583069,0.0797121524810791,1,930,2024-08-17,656,102,Lightweight,290.0,-450.0,0.23861171366594355,21,9,0.24390243902439024,True,0.178978071900226,True,b,0.821021928099774,0.7613882863340564,0.059633641765717615,1.2222222222222223,0,0.003905151137189396
7651,4,0.424038827419281,0.09765660762786865,0,932,2024-08-17,4109,2640,Welterweight,260.0,-420.0,0.2559055118110236,17,2,0.42857142857142855,True,0.21241132215025468,True,b,0.7875886778497453,0.7440944881889764,0.0434941896607689,1.2380952380952381,1,0.0
7655,4,0.3169153928756714,0.021418213844299316,0,936,2024-08-17,1089,3322,Featherweight,400.0,-1050.0,0.1796875,5,3,0.2987551867219917,True,0.12895073208452495,True,b,0.8710492679154751,0.8203125,0.0507367679154751,1.0952380952380953,1,0.0
7656,4,0.22148507833480835,0.08179581165313721,0,937,2024-08-17,1352,1725,Lightweight,700.0,-1600.0,0.11724137931034483,2,2,0.24390243902439024,True,0.07359628124275137,True,b,0.9264037187572486,0.8827586206896552,0.043645098067593424,1.0625,1,0.0
7659,4,0.3425551652908325,0.05452466011047363,1,922,2024-08-24,1227,3888,Middleweight,245.0,-350.0,0.27149321266968324,20,10,0.2987551867219917,True,0.21662468005952826,True,b,0.7833753199404717,0.7285067873303168,0.054868532610154896,1.2857142857142856,0,0.006297234933030599
7660,4,0.7987877726554871,0.07486152648925781,1,917,2024-08-24,973,774,Middleweight,-350.0,210.0,0.7068403908794788,6,17,0.9166666666666666,True,0.7873357835821935,True,a,0.7873357835821935,0.7068403908794788,0.08049539270271466,1.2857142857142856,1,0.010752756529967567
7661,4,0.3005334734916687,0.060304880142211914,0,918,2024-08-24,1021,3825,Strawweight,120.0,-192.0,0.4087346024636058,25,7,0.24390243902439024,True,0.3559214660506055,True,b,0.6440785339493945,0.5912653975363942,0.05281313641300034,1.5208333333333335,1,0.0
7665,4,0.45078718662261963,0.03747093677520752,0,924,2024-08-24,233,4467,Middleweight,450.0,-900.0,0.16806722689075632,0,2,0.4375,True,0.12658009019805996,True,b,0.8734199098019401,0.8319327731092436,0.041487136692696436,1.1111111111111112,1,0.0
7667,4,0.6799246072769165,0.07642412185668945,1,926,2024-08-24,842,2740,Bantamweight,-300.0,200.0,0.6923076923076924,1,4,0.6666666666666666,True,0.734661104536641,True,a,0.734661104536641,0.6923076923076924,0.04235341222894862,1.3333333333333333,1,0.0
7670,4,0.35811012983322144,0.0018148422241210938,0,908,2024-09-07,814,2844,Bantamweight,220.0,-315.0,0.29163738580463805,13,10,0.2987551867219917,True,0.23715888973509489,True,b,0.7628411102649051,0.708362614195362,0.054478496069543136,1.3174603174603174,1,0.00394765189983902
7671,4,0.7222238779067993,0.09909576177597046,1,905,2024-09-07,2792,3148,Welterweight,-210.0,150.0,0.6287425149700598,7,22,0.7272727272727273,True,0.6725325143482284,True,a,0.6725325143482284,0.6287425149700598,0.04378999937816852,1.4761904761904763,1,0.0
7672,4,0.3495234549045563,0.1321711540222168,0,906,2024-09-07,1518,2840,Flyweight,210.0,-300.0,0.3007518796992481,27,5,0.2987551867219917,True,0.24658524546353947,True,b,0.7534147545364606,0.6992481203007519,0.054166634235708666,1.3333333333333333,1,0.0034147545364605217
7678,4,0.4342721700668335,0.0645742416381836,0,914,2024-09-07,2745,2549,Strawweight,210.0,-305.0,0.2998889300259163,7,3,0.42857142857142855,True,0.25877856785868725,True,b,0.7412214321413128,0.7001110699740837,0.041110362167229075,1.3278688524590163,1,0.0
7679,4,0.4428127706050873,0.034941256046295166,0,915,2024-09-07,726,4822,Middleweight,225.0,-335.0,0.28547990155865466,1,8,0.42857142857142855,True,0.24339115116655705,True,b,0.7566088488334429,0.7145200984413453,0.042088750392097585,1.2985074626865671,1,0.0
7688,4,0.4784863591194153,0.13451910018920898,1,902,2024-09-14,3179,712,Strawweight,360.0,-549.0,0.20444808467741934,2,4,0.44660194174757284,True,0.16191613635763877,True,b,0.8380838636423612,0.7955519153225806,0.04253194831978058,1.1821493624772312,0,0.0
7689,4,0.3109409809112549,0.029322385787963867,0,903,2024-09-14,679,509,Flyweight,210.0,-300.0,0.3007518796992481,3,4,0.2987551867219917,True,0.24658524546353947,True,b,0.7534147545364606,0.6992481203007519,0.054166634235708666,1.3333333333333333,1,0.0034147545364605217
7690,4,0.7198227643966675,0.08206617832183838,1,904,2024-09-14,3285,630,Bantamweight,-1000.0,600.0,0.8641975308641975,4,7,0.7272727272727273,True,0.9068818034290933,True,a,0.9068818034290933,0.8641975308641975,0.04268427256489582,1.1,1,0.0
7697,4,0.30665290355682373,0.04139566421508789,0,885,2024-09-28,885,4075,Featherweight,390.0,-670.0,0.1899827288428325,2,2,0.2987551867219917,True,0.13824896837419637,True,b,0.8617510316258037,0.8100172711571675,0.0517337604686362,1.1492537313432836,1,0.0
7700,4,0.29592427611351013,0.031982600688934326,0,890,2024-09-28,1342,3413,Bantamweight,270.0,-400.0,0.2525252525252525,8,7,0.24390243902439024,True,0.19232623416140418,True,b,0.8076737658385958,0.7474747474747475,0.06019901836384833,1.25,1,0.00959220729824481
7704,4,0.2737973928451538,0.014404535293579102,0,889,2024-09-28,2891,4061,Lightweight,600.0,-1100.0,0.1348314606741573,9,9,0.24390243902439024,True,0.08748913374757028,True,b,0.9125108662524297,0.8651685393258427,0.04734232692658702,1.0909090909090908,1,0.0
7705,4,0.5853533744812012,0.1195688247680664,1,888,2024-09-28,1755,4874,Light Heavyweight,-625.0,400.0,0.8116883116883117,1,8,0.6083333333333334,True,0.8521718542708578,True,a,0.8521718542708578,0.8116883116883117,0.04048354258254616,1.16,1,0.0
7706,4,0.3115466833114624,0.013777494430541992,0,873,2024-10-05,3102,1474,Bantamweight,600.0,-1115.0,0.13470066518847004,11,1,0.2987551867219917,True,0.0901451065721141,True,b,0.909854893427886,0.86529933481153,0.04455555861635596,1.0896860986547086,1,0.0
7707,4,0.5543070435523987,0.08004558086395264,1,869,2024-10-05,2749,4279,Light Heavyweight,-500.0,330.0,0.7818181818181817,9,15,0.6083333333333334,True,0.822669681207615,True,a,0.822669681207615,0.7818181818181817,0.04085149938943322,1.2,1,0.0
7711,4,0.25914907455444336,0.0021893978118896484,0,874,2024-10-05,3732,3557,Welterweight,175.0,-230.0,0.34285714285714286,20,13,0.24390243902439024,True,0.2841507630875915,True,b,0.7158492369124085,0.6571428571428571,0.0587063797695514,1.434782608695652,1,0.015575620452737013
7718,4,0.6729788780212402,0.028871536254882812,0,857,2024-10-12,17,1629,Flyweight,-333.0,235.0,0.7203835846436989,6,9,0.6666666666666666,True,0.7645240146199636,True,a,0.7645240146199636,0.7203835846436989,0.04414042997626466,1.3003003003003002,0,0.0
7721,4,0.32743483781814575,0.058632493019104004,0,860,2024-10-12,4756,1092,Lightweight,255.0,-400.0,0.26041666666666663,7,11,0.2987551867219917,True,0.20551664751166848,True,b,0.7944833524883315,0.7395833333333334,0.05490001915499809,1.25,1,0.0
7725,4,0.6801856756210327,0.04509449005126953,1,864,2024-10-12,3172,2863,Welterweight,-400.0,235.0,0.7282608695652174,4,17,0.6666666666666666,True,0.7727722258411491,True,a,0.7727722258411491,0.7282608695652174,0.044511356275931724,1.25,1,0.0
7732,4,0.2738461196422577,0.07992821931838989,1,847,2024-10-19,1172,1099,Bantamweight,375.0,-650.0,0.19543973941368076,17,7,0.24390243902439024,True,0.1390976438250376,True,b,0.8609023561749625,0.8045602605863192,0.056342095588643226,1.1538461538461537,0,0.0
7737,4,0.7527923583984375,0.01652050018310547,1,854,2024-10-19,825,3526,Strawweight,-230.0,163.0,0.6470210717723821,7,8,0.7857142857142857,True,0.7009452244553934,True,a,0.7009452244553934,0.6470210717723821,0.05392415268301132,1.434782608695652,1,0.003279810175699555
7739,4,0.40991753339767456,0.0596308708190918,1,856,2024-10-19,446,4981,Heavyweight,260.0,-440.0,0.25423728813559326,3,2,0.42857142857142855,True,0.21068947399820567,True,b,0.7893105260017943,0.7457627118644068,0.04354781413738751,1.2272727272727273,0,0.0
7742,4,0.3755670189857483,0.004159092903137207,0,833,2024-10-26,827,1809,Featherweight,210.0,-305.0,0.2998889300259163,29,7,0.36,True,0.25206408007071135,True,b,0.7479359199292887,0.7001110699740837,0.04782484995520497,1.3278688524590163,1,0.0
7744,4,0.7033518552780151,0.02461296319961548,1,835,2024-10-26,2320,397,Light Heavyweight,-400.0,260.0,0.7422680412371133,13,9,0.6666666666666666,True,0.7872883651820867,True,a,0.7872883651820867,0.7422680412371133,0.04502032394497335,1.25,1,0.0
7745,4,0.7163820862770081,0.030777573585510254,1,836,2024-10-26,3562,123,Featherweight,-350.0,210.0,0.7068403908794788,7,17,0.6666666666666666,True,0.7502069148987094,True,a,0.7502069148987094,0.7068403908794788,0.04336652401923058,1.2857142857142856,1,0.0
7748,4,0.6507580280303955,0.1417170763015747,0,840,2024-10-26,3091,4506,Catch Weight,-335.0,215.0,0.7081026673376949,2,4,0.6604361370716509,True,0.7509082833933008,True,a,0.7509082833933008,0.7081026673376949,0.042805616055605955,1.2985074626865671,0,0.0
7749,4,0.2315816581249237,0.03465503454208374,0,842,2024-10-26,1453,1366,Heavyweight,500.0,-800.0,0.15789473684210525,4,11,0.24390243902439024,True,0.1064758203213153,True,b,0.8935241796786847,0.8421052631578947,0.05141891652079,1.125,1,0.01042940427704056
7750,4,0.3737642765045166,0.0010917186737060547,0,843,2024-10-26,4035,1683,Featherweight,425.0,-900.0,0.1746724890829694,1,3,0.36,True,0.12823961112949067,True,b,0.8717603888705093,0.8253275109170306,0.046432877953478724,1.1111111111111112,1,0.0
7759,4,0.4376870393753052,0.02790510654449463,0,831,2024-11-02,2324,2547,Bantamweight,200.0,-395.0,0.29464285714285715,4,7,0.42857142857142855,True,0.25315516559290346,True,b,0.7468448344070966,0.7053571428571428,0.0414876915499538,1.2531645569620253,1,0.0
7762,4,0.47186538577079773,0.016496360301971436,0,828,2024-11-02,4168,91,Featherweight,240.0,-333.0,0.27664196268847435,8,9,0.44660194174757284,True,0.23566159770477332,True,b,0.7643384022952266,0.7233580373115256,0.040980364983701056,1.3003003003003002,1,0.0
7767,4,0.41268420219421387,0.04556918144226074,0,813,2024-11-09,2777,298,Middleweight,350.0,-550.0,0.208,7,0,0.42857142857142855,True,0.164170486469532,True,b,0.835829513530468,0.792,0.043829513530467934,1.1818181818181819,1,0.0
7771,4,0.3831089437007904,0.025259017944335938,0,812,2024-11-09,1362,1335,Strawweight,300.0,-550.0,0.22807017543859648,5,17,0.36,True,0.17882356273266703,True,b,0.8211764372673329,0.7719298245614035,0.04924661270592945,1.1818181818181819,1,0.0
7772,4,0.35746484994888306,0.07705307006835938,0,814,2024-11-09,2827,3320,Strawweight,400.0,-700.0,0.186046511627907,17,5,0.2987551867219917,True,0.13467660213161323,True,b,0.8653233978683867,0.813953488372093,0.05136990949629372,1.1428571428571428,1,0.0
7780,4,0.7034690976142883,0.08835494518280029,1,798,2024-11-16,4242,646,Lightweight,-275.0,200.0,0.6875,33,5,0.6666666666666666,True,0.729478453439398,True,a,0.729478453439398,0.6875,0.04197845343939799,1.3636363636363638,1,0.0
7781,4,0.22353532910346985,0.02869647741317749,0,799,2024-11-16,1741,4720,Middleweight,650.0,-1430.0,0.12484700122399021,18,3,0.24390243902439024,True,0.07953819553731181,True,b,0.9204618044626882,0.8751529987760098,0.04530880568667839,1.06993006993007,1,0.0
7783,4,0.17194890975952148,0.049571990966796875,0,797,2024-11-16,4419,3839,Heavyweight,400.0,-670.0,0.18689320388349517,18,23,0.1111111111111111,True,0.1187671186026528,True,b,0.8812328813973472,0.8131067961165048,0.06812608528084241,1.1492537313432836,1,0.02
7787,4,0.29247909784317017,0.08769917488098145,0,807,2024-11-16,324,2921,Welterweight,225.0,-310.0,0.2892416225749559,2,2,0.24390243902439024,True,0.22861855837317657,True,b,0.7713814416268234,0.7107583774250441,0.06062306420177932,1.3225806451612903,1,0.01566597766749398
7790,4,0.6359567642211914,0.03362751007080078,1,789,2024-11-23,35,3576,Light Heavyweight,-275.0,205.0,0.6910401647785788,1,0,0.6604361370716509,True,0.7326261785003361,True,a,0.7326261785003361,0.6910401647785788,0.0415860137217573,1.3636363636363638,1,0.0
7794,4,0.3844662308692932,0.03966343402862549,1,787,2024-11-23,3529,2489,Flyweight,600.0,-1000.0,0.13580246913580246,3,1,0.36,True,0.09391993191634877,True,b,0.9060800680836513,0.8641975308641976,0.041882537219453675,1.1,0,0.0
7804,4,0.3840239644050598,0.014133334159851074,0,770,2024-12-07,2981,3958,Flyweight,160.0,-250.0,0.35,0,15,0.36,True,0.306055043644327,True,b,0.693944956355673,0.65,0.04394495635567297,1.4,1,0.0
7807,4,0.8043345212936401,0.010092854499816895,1,773,2024-12-07,4747,2826,Featherweight,-1000.0,500.0,0.8450704225352113,9,3,0.9166666666666666,True,0.9062607876475455,True,a,0.9062607876475455,0.8450704225352113,0.06119036511233422,1.1,1,0.0
7808,4,0.5551539659500122,0.07741010189056396,1,775,2024-12-07,3786,3269,Light Heavyweight,-450.0,300.0,0.7659574468085105,11,23,0.6083333333333334,True,0.8065788734091119,True,a,0.8065788734091119,0.7659574468085105,0.04062142660060142,1.2222222222222223,1,0.0
7816,4,0.374782919883728,0.02794504165649414,0,783,2024-12-07,707,1366,Heavyweight,400.0,-650.0,0.1875,5,12,0.36,True,0.1400502824217478,True,b,0.8599497175782522,0.8125,0.047449717578252226,1.1538461538461537,1,0.0
7818,4,0.36654722690582275,0.014303326606750488,0,757,2024-12-14,1005,3557,Welterweight,170.0,-225.0,0.34852546916890076,16,14,0.36,True,0.30443731098936166,True,b,0.6955626890106383,0.6514745308310992,0.04408815817953915,1.4444444444444444,1,0.0026446848211436405
7820,4,0.40102308988571167,0.019356966018676758,0,759,2024-12-14,1276,153,Flyweight,300.0,-450.0,0.23404255319148934,7,7,0.4111111111111111,True,0.1887269016440274,True,b,0.8112730983559726,0.7659574468085106,0.04531565154746198,1.2222222222222223,1,0.0
7821,4,0.6721109747886658,0.16387724876403809,0,760,2024-12-14,1207,146,Light Heavyweight,-350.0,240.0,0.7256097560975611,5,14,0.6666666666666666,True,0.7700029398983743,True,a,0.7700029398983743,0.7256097560975611,0.04439318380081325,1.2857142857142856,0,0.0
7823,4,0.5783563852310181,0.03657937049865723,1,764,2024-12-14,4835,2743,Lightweight,-600.0,340.0,0.7904191616766467,8,11,0.6083333333333334,True,0.8312755563968245,True,a,0.8312755563968245,0.7904191616766467,0.04085639472017777,1.1666666666666667,1,0.0
7826,4,0.6729716658592224,0.1733618974685669,1,767,2024-12-14,3874,4019,Flyweight,-1000.0,450.0,0.8333333333333334,10,3,0.6666666666666666,True,0.8762381940823308,True,a,0.8762381940823308,0.8333333333333334,0.042904860748997464,1.1,1,0.0
7829,4,0.4103453457355499,0.030273914337158203,0,762,2024-12-14,2893,738,Light Heavyweight,500.0,-1600.0,0.15044247787610618,1,0,0.42857142857142855,True,0.10998328954580484,True,b,0.8900167104541952,0.8495575221238938,0.04045918833030138,1.0625,1,0.0
7834,4,0.3219931721687317,0.010341882705688477,0,746,2025-01-11,1918,4920,Middleweight,185.0,-270.0,0.32470381746379995,9,8,0.2987551867219917,True,0.27173680514392434,True,b,0.7282631948560756,0.6752961825362,0.05296701231987555,1.3703703703703702,1,0.0
7838,4,0.47710269689559937,0.042688608169555664,0,752,2025-01-11,1853,1562,Welterweight,400.0,-650.0,0.1875,5,0,0.44660194174757284,True,0.1454711619774104,True,b,0.8545288380225896,0.8125,0.04202883802258961,1.1538461538461537,1,0.0
7841,4,0.3892892599105835,0.03785419464111328,0,756,2025-01-11,3463,2302,Lightweight,500.0,-1250.0,0.15254237288135594,8,1,0.41025641025641024,True,0.1109636174509123,True,b,0.8890363825490877,0.847457627118644,0.04157875543044365,1.08,1,0.0
7843,4,0.6083391904830933,0.0008071064949035645,0,754,2025-01-11,204,2668,Light Heavyweight,-300.0,210.0,0.6992481203007519,1,0,0.6604361370716509,True,0.7414522099665978,True,a,0.7414522099665978,0.6992481203007519,0.04220408966584588,1.3333333333333333,0,0.0
7845,4,0.7566195130348206,0.09189808368682861,1,730,2025-01-18,4117,1285,Lightweight,-1205.0,540.0,0.855273372518576,16,17,0.9166666666666666,True,0.9139636560351713,True,a,0.9139636560351713,0.855273372518576,0.05869028351659522,1.0829875518672198,1,0.0
7847,4,0.5743911266326904,0.04980885982513428,1,733,2025-01-18,4558,3278,Heavyweight,-550.0,320.0,0.7804054054054055,8,12,0.6083333333333334,True,0.8212478839064492,True,a,0.8212478839064492,0.7804054054054055,0.04084247850104372,1.1818181818181819,1,0.0
7851,4,0.4330636262893677,0.01204216480255127,0,737,2025-01-18,3775,3802,Light Heavyweight,300.0,-480.0,0.23200000000000004,0,3,0.42857142857142855,True,0.18801765705029716,True,b,0.8119823429497028,0.768,0.043982342949702824,1.2083333333333333,1,0.0
7852,4,0.2987788915634155,0.08520221710205078,0,738,2025-01-18,3476,1092,Lightweight,195.0,-290.0,0.31312725812926534,15,12,0.24390243902439024,True,0.2530068123343815,True,b,0.7469931876656185,0.6868727418707347,0.06012044579488385,1.3448275862068966,1,0.0033183579739780376
7857,4,0.6503279805183411,0.003930926322937012,1,724,2025-02-01,504,496,Featherweight,-420.0,275.0,0.7517899761336516,4,1,0.6604361370716509,True,0.7964871255196272,True,a,0.7964871255196272,0.7517899761336516,0.044697149385975576,1.2380952380952381,1,0.0
7859,4,0.37415701150894165,0.01636672019958496,1,720,2025-02-01,524,3868,Middleweight,150.0,-220.0,0.36781609195402304,2,4,0.36,True,0.3257277172350672,True,b,0.6742722827649328,0.632183908045977,0.04208837471895577,1.4545454545454546,0,0.0
7863,4,0.7476685047149658,0.06281322240829468,1,726,2025-02-01,3074,355,Lightweight,-650.0,400.0,0.8125,9,9,0.7857142857142857,True,0.8656943557609024,True,a,0.8656943557609024,0.8125,0.05319435576090237,1.1538461538461537,1,0.0
7875,4,0.43526214361190796,0.03609919548034668,0,718,2025-02-08,1036,3662,Lightweight,310.0,-599.0,0.22156011284034363,2,0,0.42857142857142855,True,0.17756164193826668,True,b,0.8224383580617334,0.7784398871596564,0.04399847090207698,1.1669449081803005,1,0.0
7877,4,0.5077864527702332,0.031779706478118896,1,716,2025-02-08,2526,4779,Lightweight,250.0,-350.0,0.26865671641791045,4,0,0.44660194174757284,True,0.22724015785806315,True,b,0.7727598421419368,0.7313432835820896,0.04141655855984727,1.2857142857142856,0,0.0
7879,4,0.5838561058044434,0.028716325759887695,1,700,2025-02-15,2340,3840,Featherweight,-650.0,350.0,0.7959183673469387,0,1,0.6083333333333334,True,0.8367319068668261,True,a,0.8367319068668261,0.7959183673469387,0.04081353951988742,1.1538461538461537,1,0.0
7881,4,0.7472930550575256,0.10799968242645264,1,696,2025-02-15,91,781,Featherweight,-500.0,340.0,0.7857142857142858,10,13,0.7857142857142857,True,0.8411745225163892,True,a,0.8411745225163892,0.7857142857142858,0.055460236802103435,1.2,1,0.011761783774583808
7889,4,0.7445739507675171,0.03503596782684326,1,706,2025-02-15,842,4525,Bantamweight,-850.0,450.0,0.8311111111111111,3,5,0.7857142857142857,True,0.8821507965695965,True,a,0.8821507965695965,0.8311111111111111,0.05103968545848536,1.1176470588235294,1,0.0
7893,4,0.6325019001960754,0.10113251209259033,1,683,2025-02-22,1200,2451,Bantamweight,-275.0,200.0,0.6875,14,14,0.6604361370716509,True,0.7288019841240073,True,a,0.7288019841240073,0.6875,0.04130198412400732,1.3636363636363638,1,0.0
7895,4,0.4257657527923584,0.025937199592590332,0,686,2025-02-22,395,4839,Featherweight,350.0,-560.0,0.20754716981132074,4,3,0.42857142857142855,True,0.1637271160852739,True,b,0.8362728839147261,0.7924528301886793,0.043820053726046804,1.1785714285714286,1,0.0
7897,4,0.7046891450881958,0.034504055976867676,1,694,2025-02-22,979,2384,Light Heavyweight,-310.0,210.0,0.700948212983224,8,1,0.6666666666666666,True,0.7439261773856152,True,a,0.7439261773856152,0.700948212983224,0.04297796440239121,1.3225806451612903,1,0.0
7900,4,0.35371601581573486,0.012964487075805664,0,693,2025-02-22,1234,4654,Middleweight,210.0,-340.0,0.29451137884872824,0,3,0.2987551867219917,True,0.24012233134424596,True,b,0.759877668655754,0.7054886211512718,0.05438904750448226,1.2941176470588236,1,0.0
7902,4,0.272114098072052,0.0346827507019043,0,689,2025-02-22,692,2583,Featherweight,110.0,-142.0,0.4479822288041465,23,4,0.24390243902439024,True,0.4002205108758219,True,b,0.5997794891241781,0.5520177711958535,0.04776171792832462,1.704225352112676,1,0.007866590920127748
7909,4,0.6817766427993774,0.0065615177154541016,1,680,2025-03-01,2482,3742,Featherweight,-275.0,205.0,0.6910401647785788,1,4,0.6666666666666666,True,0.7332965996087667,True,a,0.7332965996087667,0.6910401647785788,0.04225643483018793,1.3636363636363638,1,0.0
7910,4,0.3152516186237335,0.05689734220504761,0,681,2025-03-01,3467,3534,Flyweight,140.0,-182.0,0.3923205342237062,13,15,0.2987551867219917,True,0.3453914860064694,True,b,0.6546085139935306,0.6076794657762938,0.04692904821723676,1.5494505494505495,1,0.006499002365439081
7911,4,0.3886275887489319,0.02954888343811035,0,678,2025-03-01,446,2630,Heavyweight,360.0,-560.0,0.20395550061804696,4,0,0.36,True,0.1555256425739197,True,b,0.8444743574260802,0.7960444993819531,0.04842985804412714,1.1785714285714286,1,0.0
7913,4,0.37499701976776123,0.00888979434967041,0,667,2025-03-08,681,3968,Lightweight,390.0,-560.0,0.1938895417156287,26,2,0.36,True,0.14601691718543766,True,b,0.8539830828145624,0.8061104582843713,0.04787262453019103,1.1785714285714286,1,0.009072086644027925
7920,4,0.40405556559562683,0.07320863008499146,0,671,2025-03-08,4537,1573,Featherweight,185.0,-275.0,0.3236245954692557,4,1,0.4111111111111111,True,0.2827200095703132,True,b,0.7172799904296868,0.6763754045307443,0.040904585898942525,1.3636363636363638,1,0.0
7923,4,0.5024932622909546,0.003816545009613037,1,654,2025-03-15,2543,1312,Light Heavyweight,300.0,-455.0,0.23368421052631577,3,0,0.44660194174757284,True,0.1911022600043084,True,b,0.8088977399956916,0.7663157894736843,0.042581950522007306,1.2197802197802199,0,0.0
7927,4,0.4195246696472168,0.022536754608154297,0,653,2025-03-15,2547,2143,Bantamweight,310.0,-480.0,0.22762951334379902,8,7,0.42857142857142855,True,0.18362531780328384,True,b,0.8163746821967162,0.772370486656201,0.044004195540515156,1.2083333333333333,1,0.0
7928,4,0.6014428734779358,0.0625690221786499,1,655,2025-03-15,6,1258,Featherweight,-590.0,350.0,0.7937219730941705,0,10,0.6083333333333334,True,0.8345570003481412,True,a,0.8345570003481412,0.7937219730941705,0.0408350272539707,1.1694915254237288,1,0.0
7929,4,0.31407037377357483,0.020112991333007812,0,660,2025-03-15,4539,1975,Flyweight,333.0,-530.0,0.21539197921296455,2,3,0.2987551867219917,True,0.16180707770115224,True,b,0.8381929222988478,0.7846080207870354,0.05358490151181239,1.1886792452830188,1,0.0
7930,4,0.33005526661872864,0.023775577545166016,0,657,2025-03-15,5014,1822,Bantamweight,360.0,-599.0,0.20235062528948589,1,1,0.2987551867219917,True,0.14960998224353195,True,b,0.850390017756468,0.7976493747105141,0.05274064304595394,1.1669449081803005,1,0.0
7931,4,0.37192302942276,0.024436116218566895,1,659,2025-03-15,3248,3246,Strawweight,140.0,-225.0,0.37572254335260113,9,1,0.36,True,0.3345298245561031,True,b,0.665470175443897,0.6242774566473989,0.04119271879649811,1.4444444444444444,0,0.0
7934,4,0.3359246850013733,0.0859065055847168,1,658,2025-03-15,809,2833,Bantamweight,500.0,-910.0,0.1561051004636785,1,0,0.2987551867219917,True,0.1082237205758896,True,b,0.8917762794241104,0.8438948995363215,0.047881379887788955,1.10989010989011,0,0.0
7935,4,0.28428375720977783,0.037047743797302246,0,652,2025-03-15,2751,1205,Lightweight,154.0,-225.0,0.36252091466815395,7,14,0.24390243902439024,True,0.3051966947664816,True,b,0.6948033052335184,0.637479085331846,0.05732421990167236,1.4444444444444444,1,0.0020276855022337108
7938,4,0.34190279245376587,0.005658864974975586,0,638,2025-03-22,3942,357,Light Heavyweight,185.0,-375.0,0.30769230769230765,20,8,0.2987551867219917,True,0.25381760261817016,True,b,0.7461823973818298,0.6923076923076923,0.0538747050741375,1.2666666666666666,1,0.0
7944,4,0.42332810163497925,0.006301999092102051,0,646,2025-03-22,2254,3287,Middleweight,310.0,-530.0,0.22475918658580094,0,5,0.42857142857142855,True,0.18075242344278108,True,b,0.8192475765572189,0.775240813414199,0.04400676314301988,1.1886792452830188,1,0.0
7947,4,0.4395214915275574,0.03563737869262695,0,644,2025-03-22,3310,1494,Flyweight,200.0,-295.0,0.30859375,3,1,0.42857142857142855,True,0.2681611268925236,True,b,0.7318388731074764,0.69140625,0.04043262310747642,1.3389830508474576,1,0.0
7949,4,0.403781920671463,0.060278117656707764,0,625,2025-03-29,3349,3403,Flyweight,190.0,-278.0,0.31920283735855426,5,17,0.4111111111111111,True,0.2779111534290407,True,b,0.7220888465709593,0.6807971626414457,0.041291683929513545,1.3597122302158273,1,0.0
7952,4,0.7677371501922607,0.026966631412506104,1,628,2025-03-29,3285,1342,Bantamweight,-600.0,350.0,0.7941176470588235,5,10,0.9166666666666666,True,0.8654568545653418,True,a,0.8654568545653418,0.7941176470588235,0.07133920750651834,1.1666666666666667,1,0.0145494954893483
7953,4,0.4049329161643982,0.01118457317352295,0,629,2025-03-29,4675,4590,Bantamweight,350.0,-770.0,0.20069204152249134,2,0,0.4111111111111111,True,0.15588483963317876,True,b,0.8441151603668212,0.7993079584775087,0.04480720188931253,1.12987012987013,1,0.0
7955,4,0.6625665426254272,0.10852789878845215,1,631,2025-03-29,3202,233,Middleweight,-485.0,330.0,0.7809398988953379,0,1,0.6604361370716509,True,0.82579310933743,True,a,0.82579310933743,0.7809398988953379,0.04485321044209212,1.2061855670103092,1,0.0
7958,4,0.6639026403427124,0.10254323482513428,1,634,2025-03-29,4756,1014,Lightweight,-375.0,235.0,0.7256317689530686,8,11,0.6604361370716509,True,0.7694188367071177,True,a,0.7694188367071177,0.7256317689530686,0.04378706775404917,1.2666666666666666,1,0.0
7959,4,0.6072700023651123,0.1022387146949768,1,635,2025-03-29,1876,885,Featherweight,-500.0,350.0,0.7894736842105263,7,3,0.6604361370716509,True,0.8341874332477955,True,a,0.8341874332477955,0.7894736842105263,0.04471374903726921,1.2,1,0.0012811498716932756
7962,4,0.23774562776088715,0.04081368446350098,0,613,2025-04-05,4245,3562,Featherweight,215.0,-355.0,0.28921023359288095,14,8,0.24390243902439024,True,0.2285868993241812,True,b,0.7714131006758188,0.710789766407119,0.06062333426869981,1.2816901408450705,1,0.0
7966,4,0.4400368332862854,0.06118965148925781,0,618,2025-04-05,253,4334,Middleweight,250.0,-360.0,0.26744186046511625,1,0,0.42857142857142855,True,0.22439524471585126,True,b,0.7756047552841487,0.7325581395348837,0.04304661574926505,1.2777777777777777,1,0.0
7968,4,0.74400395154953,0.036261916160583496,1,621,2025-04-05,3984,4942,Strawweight,-1000.0,540.0,0.8533333333333333,8,4,0.7857142857142857,True,0.9011315706087568,True,a,0.9011315706087568,0.8533333333333333,0.04779823727542354,1.1,1,0.0
7974,4,0.35136789083480835,0.007327079772949219,1,605,2025-04-12,123,2664,Featherweight,150.0,-205.0,0.3730886850152905,18,9,0.2987551867219917,True,0.3240782330416977,True,b,0.6759217669583023,0.6269113149847094,0.04901045197359288,1.4878048780487805,0,0.0028903473057054914
7976,5,0.2235894799232483,0.09008312225341797,0,601,2025-04-12,646,1943,Lightweight,120.0,-168.0,0.4203262233375156,6,6,0.23300970873786409,True,0.3632408508886839,True,b,0.636759149111316,0.5796737766624844,0.057085372448831606,1.5952380952380953,1,0.006628629904581767
7978,5,0.7183197736740112,0.039005279541015625,1,607,2025-04-12,1993,2795,Lightweight,-850.0,500.0,0.8429752066115703,10,45,0.75,True,0.8921682630171864,True,a,0.8921682630171864,0.8429752066115703,0.04919305640561611,1.1176470588235294,1,0.0
7982,5,0.39708641171455383,0.053900182247161865,0,611,2025-04-12,4561,3907,Middleweight,360.0,-575.0,0.20331325301204817,4,1,0.3885350318471338,True,0.15522851449964817,True,b,0.8447714855003519,0.7966867469879518,0.04808473851240003,1.1739130434782608,1,0.0
7988,5,0.3502095341682434,0.15393567085266113,0,587,2025-04-26,3269,35,Light Heavyweight,260.0,-455.0,0.25307797537619703,24,2,0.30324909747292417,True,0.1961009527607715,True,b,0.8038990472392284,0.746922024623803,0.05697702261542548,1.2197802197802199,1,0.0
7990,5,0.2685182988643646,0.015456676483154297,0,590,2025-04-26,531,1933,Welterweight,235.0,-333.0,0.279616415356301,13,19,0.23300970873786409,True,0.21430441409862294,True,b,0.785695585901377,0.720383584643699,0.065312001257678,1.3003003003003002,1,0.018015471738240547
7996,5,0.30099523067474365,0.053326964378356934,0,597,2025-04-26,1884,2549,Strawweight,500.0,-910.0,0.1561051004636785,10,4,0.23300970873786409,True,0.10208980568024152,True,b,0.8979101943197585,0.8438948995363215,0.05401529478343703,1.10989010989011,1,0.0
7997,5,0.7044217586517334,0.0222170352935791,1,599,2025-04-26,85,4124,Bantamweight,-300.0,210.0,0.6992481203007519,9,4,0.6923076923076923,True,0.7476344580057558,True,a,0.7476344580057558,0.6992481203007519,0.04838633770500389,1.3333333333333333,1,0.0
8000,5,0.21413907408714294,0.04257768392562866,0,579,2025-05-03,1430,2502,Lightweight,400.0,-675.0,0.18674698795180722,34,4,0.16666666666666666,True,0.12178209716846959,True,b,0.8782179028315305,0.8132530120481928,0.06496489078333767,1.1481481481481481,1,0.014047186736090258
8001,5,0.4378805160522461,0.009016990661621094,0,574,2025-05-03,4866,939,Bantamweight,350.0,-520.0,0.20945945945945946,18,14,0.4176829268292683,True,0.16336265260523034,True,b,0.8366373473947697,0.7905405405405406,0.04609680685422912,1.1923076923076923,1,0.0
8002,5,0.6216874122619629,0.06855034828186035,0,575,2025-05-03,4720,3680,Middleweight,-440.0,250.0,0.7403846153846154,4,2,0.6548463356973994,True,0.7865161901600332,True,a,0.7865161901600332,0.7403846153846154,0.04613157477541774,1.2272727272727273,0,0.0
8005,5,0.6979794502258301,0.060127854347229004,1,577,2025-05-03,497,1706,Bantamweight,-275.0,188.0,0.6786632390745502,10,5,0.6666666666666666,True,0.7224422995556117,True,a,0.7224422995556117,0.6786632390745502,0.043779060481061505,1.3636363636363638,1,0.0
8006,5,0.30466681718826294,0.05726158618927002,0,582,2025-05-03,2206,1335,Strawweight,195.0,-270.0,0.31718816973853403,14,18,0.30324909747292417,True,0.26147972434353023,True,b,0.7385202756564697,0.682811830261466,0.05570844539500375,1.3703703703703702,1,0.00813125498223444
8007,5,0.483054518699646,0.015391826629638672,0,581,2025-05-03,4559,2809,Middleweight,265.0,-400.0,0.25510204081632654,1,1,0.4524271844660194,True,0.21227576894510053,True,b,0.7877242310548995,0.7448979591836735,0.04282627187122601,1.25,1,0.0
8009,5,0.6218479871749878,0.010674893856048584,1,584,2025-05-03,1896,3906,Heavyweight,-340.0,210.0,0.7054886211512718,3,11,0.6548463356973994,True,0.7499125684081019,True,a,0.7499125684081019,0.7054886211512718,0.04442394725683019,1.2941176470588236,1,0.0
8010,5,0.350168913602829,0.005908012390136719,1,585,2025-05-03,1645,4648,Flyweight,175.0,-260.0,0.33488372093023255,3,3,0.30324909747292417,True,0.2802558651150663,True,b,0.7197441348849337,0.6651162790697674,0.05462785581516627,1.3846153846153846,0,0.0
8012,5,0.6940635442733765,0.04739654064178467,1,565,2025-05-10,2840,2289,Flyweight,-250.0,185.0,0.6705882352941177,6,13,0.6666666666666666,True,0.7136490062184409,True,a,0.7136490062184409,0.6705882352941177,0.043060770924323144,1.4,1,0.0
8022,5,0.6502679586410522,0.012154757976531982,1,570,2025-05-10,738,4268,Light Heavyweight,-360.0,225.0,0.7177914110429447,1,1,0.6548463356973994,True,0.7629532510301527,True,a,0.7629532510301527,0.7177914110429447,0.04516183998720791,1.2777777777777777,1,0.0
8024,5,0.7140383124351501,0.0138930082321167,1,551,2025-05-17,2658,3148,Welterweight,-560.0,360.0,0.7960444993819531,5,23,0.6923076923076923,True,0.8452301485721907,True,a,0.8452301485721907,0.7960444993819531,0.0491856491902376,1.1785714285714286,1,0.0
8030,5,0.6122907996177673,0.02404344081878662,1,557,2025-05-17,3469,3840,Featherweight,-620.0,380.0,0.8051948051948052,0,2,0.6548463356973994,True,0.850969217914026,True,a,0.850969217914026,0.8051948051948052,0.04577441271922078,1.1612903225806452,1,0.0
8032,5,0.3757711946964264,0.03857141733169556,0,559,2025-05-17,825,3320,Strawweight,400.0,-649.0,0.18753129694541815,8,6,0.35802469135802467,True,0.13818671514270178,True,b,0.8618132848572982,0.8124687030545819,0.04934458180271639,1.1540832049306626,1,0.0
8037,5,0.5861133337020874,0.0065233707427978516,0,543,2025-05-31,4994,2553,Welterweight,-440.0,300.0,0.7652173913043477,2,6,0.6147540983606558,True,0.8081801361716812,True,a,0.8081801361716812,0.7652173913043477,0.042962744867333424,1.2272727272727273,0,0.0
8040,5,0.2479265034198761,0.010604381561279297,0,548,2025-05-31,2751,3578,Lightweight,190.0,-260.0,0.32315978456014366,8,7,0.23300970873786409,True,0.2583275366435478,True,b,0.7416724633564522,0.6768402154398563,0.06483224791659592,1.3846153846153846,1,0.017505217020806985
8041,5,0.5260953307151794,0.04962289333343506,0,549,2025-05-31,1030,2079,Lightweight,410.0,-620.0,0.1854714064914992,0,2,0.4936708860759494,True,0.14545941061989215,True,b,0.8545405893801079,0.8145285935085008,0.04001199587160709,1.1612903225806452,1,0.0
8042,5,0.39504584670066833,0.029142379760742188,1,550,2025-05-31,950,3865,Strawweight,175.0,-225.0,0.34437086092715236,2,2,0.3885350318471338,True,0.301133745542145,True,b,0.698866254457855,0.6556291390728477,0.043237115385007296,1.4444444444444444,0,0.005328831747007164
8046,5,0.4135279655456543,0.06639492511749268,0,530,2025-06-07,2311,1474,Bantamweight,370.0,-700.0,0.19559902200488996,11,2,0.4176829268292683,True,0.14997803846132457,True,b,0.8500219615386755,0.80440097799511,0.045620983543565474,1.1428571428571428,1,0.0
8048,5,0.25849753618240356,0.015401124954223633,0,534,2025-06-07,1276,509,Flyweight,450.0,-750.0,0.1708542713567839,8,7,0.23300970873786409,True,0.11437558743199233,True,b,0.8856244125680077,0.8291457286432161,0.056478683924791606,1.1333333333333333,1,0.006951876707016375
8049,5,0.7047203183174133,0.011570096015930176,0,537,2025-06-07,3346,4104,Welterweight,-198.0,150.0,0.6242118537200504,9,0,0.6923076923076923,True,0.665749625553164,True,a,0.665749625553164,0.6242118537200504,0.04153777183311358,1.5050505050505052,0,0.000983471037107194
8052,5,0.614799976348877,0.01613783836364746,1,538,2025-06-07,2489,510,Flyweight,-650.0,350.0,0.7959183673469387,3,13,0.6548463356973994,True,0.842057366385959,True,a,0.842057366385959,0.7959183673469387,0.0461389990390203,1.1538461538461537,1,0.0
8054,5,0.38282835483551025,0.12356710433959961,0,540,2025-06-07,2748,3662,Lightweight,310.0,-500.0,0.22641509433962265,3,1,0.35802469135802467,True,0.17507760632904382,True,b,0.8249223936709562,0.7735849056603774,0.0513374880105788,1.2,1,0.0
8057,5,0.7696641683578491,0.06294423341751099,0,521,2025-06-14,1755,2559,Light Heavyweight,-800.0,450.0,0.830188679245283,2,15,0.9411764705882353,True,0.9028882719437513,True,a,0.9028882719437513,0.830188679245283,0.07269959269846837,1.125,0,0.02
8062,5,0.37795785069465637,0.027071058750152588,1,516,2025-06-14,392,3557,Welterweight,164.0,-235.0,0.35063847603098175,18,15,0.35802469135802467,True,0.30428590073198836,True,b,0.6957140992680116,0.6493615239690183,0.04635257529899339,1.425531914893617,0,0.0
8063,5,0.5952585935592651,0.014107704162597656,1,523,2025-06-14,3611,1371,Welterweight,-350.0,250.0,0.7313432835820896,20,23,0.6147540983606558,True,0.7730552980880322,True,a,0.7730552980880322,0.7313432835820896,0.04171201450594264,1.2857142857142856,1,0.0
8065,5,0.3462070822715759,0.11231672763824463,0,525,2025-06-14,2844,45,Flyweight,163.0,-230.0,0.3529789282276179,12,1,0.30324909747292417,True,0.2997492127524118,True,b,0.7002507872475883,0.6470210717723821,0.05322971547520616,1.434782608695652,1,0.0027068994792602916
8066,5,0.5543771982192993,0.019044041633605957,1,526,2025-06-14,1387,3844,Bantamweight,-500.0,310.0,0.7735849056603774,14,2,0.6,True,0.8154049601913431,True,a,0.8154049601913431,0.7735849056603774,0.04182005453096571,1.2,1,0.0
8067,5,0.6348644495010376,0.01812112331390381,1,528,2025-06-14,4019,2745,Flyweight,-699.0,430.0,0.8225903146301929,4,9,0.6548463356973994,True,0.8673695575673834,True,a,0.8673695575673834,0.8225903146301929,0.04477924293719049,1.1430615164520743,1,0.0
8068,5,0.514211893081665,0.06796151399612427,0,508,2025-06-21,2176,519,Lightweight,320.0,-470.0,0.2240566037735849,6,4,0.4936708860759494,True,0.18388853456605292,True,b,0.8161114654339471,0.7759433962264151,0.04016806920753202,1.2127659574468086,1,0.0
8071,5,0.35856693983078003,0.07808518409729004,0,506,2025-06-21,4744,4325,Heavyweight,195.0,-270.0,0.31718816973853403,0,19,0.30324909747292417,True,0.26147972434353023,True,b,0.7385202756564697,0.682811830261466,0.05570844539500375,1.3703703703703702,1,0.00813125498223444
8072,5,0.30780869722366333,0.0016193389892578125,0,507,2025-06-21,4961,3091,Catch Weight,128.0,-186.0,0.4027715187021181,0,3,0.30324909747292417,True,0.35476943292778396,True,b,0.645230567072216,0.5972284812978819,0.04800208577433418,1.5376344086021505,1,0.0
8074,5,0.3364100456237793,0.01611459255218506,1,510,2025-06-21,3017,2921,Welterweight,330.0,-500.0,0.21818181818181814,0,3,0.30324909747292417,True,0.1624741999657068,True,b,0.8375258000342932,0.7818181818181819,0.055707618216111365,1.2,0,0.006288700051439793
8077,5,0.3407585620880127,0.04352080821990967,0,514,2025-06-21,696,280,Flyweight,310.0,-550.0,0.22375215146299485,2,6,0.30324909747292417,True,0.16774063361644267,True,b,0.8322593663835574,0.7762478485370051,0.05601151784655223,1.1818181818181819,1,0.0
8081,5,0.6210439205169678,0.03890979290008545,1,493,2025-06-28,1809,4242,Lightweight,-425.0,295.0,0.761769710720363,8,34,0.6548463356973994,True,0.8083256996931025,True,a,0.8083256996931025,0.761769710720363,0.04655598897273949,1.2352941176470589,1,0.0
8085,5,0.31307780742645264,0.041901230812072754,0,495,2025-06-28,1629,509,Flyweight,-125.0,-250.0,0.43750000000000006,10,8,0.30324909747292417,True,0.39418479963711417,True,b,0.6058152003628858,0.5625,0.04331520036288583,1.4,1,0.0
8086,5,0.6266740560531616,0.02713775634765625,1,503,2025-06-28,4732,1792,Heavyweight,-500.0,300.0,0.7692307692307692,3,0,0.6548463356973994,True,0.8158145955022078,True,a,0.8158145955022078,0.7692307692307692,0.046583826271438644,1.2,1,0.0
8092,5,0.7880041599273682,0.06110036373138428,0,481,2025-07-12,3311,3901,Heavyweight,-275.0,186.0,0.6771416272061989,1,29,0.9411764705882353,True,0.7739103822340102,True,a,0.7739103822340102,0.6771416272061989,0.09676875502781135,1.3636363636363638,0,0.02
8093,5,0.7295619249343872,0.009740114212036133,1,482,2025-07-12,3427,3732,Welterweight,-450.0,295.0,0.7636949516648764,5,21,0.7692307692307693,True,0.8217418555646632,True,a,0.8217418555646632,0.7636949516648764,0.05804690389978673,1.2222222222222223,1,0.004895051401411937
8094,5,0.2712870240211487,0.09155404567718506,0,483,2025-07-12,781,3846,Featherweight,112.0,-150.0,0.44014084507042256,14,8,0.23300970873786409,True,0.38559323634021303,True,b,0.614406763659787,0.5598591549295775,0.054547608730209474,1.6666666666666665,1,0.00900422728736683
8095,5,0.37429314851760864,0.042505621910095215,0,484,2025-07-12,480,4075,Featherweight,190.0,-275.0,0.3198294243070363,9,4,0.35802469135802467,True,0.2708556456946256,True,b,0.7291443543053744,0.6801705756929637,0.0489737786124107,1.3636363636363638,1,0.0
8096,5,0.24341168999671936,0.04220348596572876,0,485,2025-07-12,446,1207,Heavyweight,420.0,-670.0,0.18100611189468738,5,6,0.23300970873786409,True,0.1230228183593109,True,b,0.876977181640689,0.8189938881053126,0.05798329353537646,1.1492537313432836,1,0.013181074658326424
8098,5,0.7843165397644043,0.029472708702087402,1,489,2025-07-12,3722,2548,Flyweight,-670.0,420.0,0.8189938881053127,3,14,0.9411764705882353,True,0.894573110696569,True,a,0.894573110696569,0.8189938881053127,0.07557922259125627,1.1492537313432836,1,0.02
8100,5,0.7290273308753967,0.06976187229156494,1,491,2025-07-12,4379,354,Lightweight,-1000.0,520.0,0.8493150684931507,6,1,0.7692307692307693,True,0.8988838442879216,True,a,0.8988838442879216,0.8493150684931507,0.049568775794770814,1.1,1,0.0
8101,5,0.33455848693847656,0.11473727226257324,0,492,2025-07-12,5048,3843,Strawweight,600.0,-1205.0,0.1339835728952772,2,2,0.30324909747292417,True,0.08815196909548614,True,b,0.9118480309045138,0.8660164271047228,0.04583160379979101,1.0829875518672198,1,0.0
8104,5,0.6073495745658875,0.017364144325256348,1,473,2025-07-19,2789,3725,Middleweight,-275.0,200.0,0.6875,16,16,0.6548463356973994,True,0.7305965364343966,True,a,0.7305965364343966,0.6875,0.04309653643439659,1.3636363636363638,1,0.0
8111,5,0.4752832353115082,0.03163033723831177,0,476,2025-07-19,2690,4093,Welterweight,320.0,-560.0,0.21912350597609562,4,0,0.4524271844660194,True,0.17559932561348016,True,b,0.8244006743865199,0.7808764940239044,0.04352418036261552,1.1785714285714286,1,0.0
8119,5,0.5696659088134766,0.030492961406707764,1,456,2025-07-26,362,4586,Bantamweight,-400.0,280.0,0.7524752475247526,14,4,0.6147540983606558,True,0.7951092236084514,True,a,0.7951092236084514,0.7524752475247526,0.04263397608369879,1.25,1,0.0
8122,5,0.3340463638305664,0.03384816646575928,0,460,2025-07-26,4228,4747,Bantamweight,110.0,-155.0,0.4392764857881137,10,11,0.30324909747292417,True,0.39622104631726446,True,b,0.6037789536827356,0.5607235142118863,0.04305543947084933,1.6451612903225805,1,0.0
8123,5,0.6111332178115845,0.09987187385559082,0,461,2025-07-26,4904,3136,Welterweight,-550.0,350.0,0.792,2,12,0.6548463356973994,True,0.8382595671282054,True,a,0.8382595671282054,0.792,0.04625956712820534,1.1818181818181819,0,0.0
8126,5,0.4821617901325226,0.08489871025085449,0,465,2025-07-26,388,1728,Featherweight,250.0,-400.0,0.26315789473684204,2,1,0.4524271844660194,True,0.22067874934423112,True,b,0.7793212506557688,0.736842105263158,0.042479145392610884,1.25,1,0.0
8128,5,0.6632332801818848,0.13521170616149902,0,462,2025-07-26,2143,2649,Bantamweight,-390.0,250.0,0.7358490566037735,9,13,0.6548463356973994,True,0.7818275568515141,True,a,0.7818275568515141,0.7358490566037735,0.04597850024774053,1.2564102564102564,0,0.0
8130,5,0.6277705430984497,0.0306699275970459,1,443,2025-08-02,17,1152,Flyweight,-360.0,250.0,0.7325581395348837,7,3,0.6548463356973994,True,0.7784122472905965,True,a,0.7784122472905965,0.7325581395348837,0.04585410775571286,1.2777777777777777,1,0.0
8135,5,0.3478281497955322,0.04151749610900879,0,450,2025-08-02,4561,3444,Middleweight,175.0,-270.0,0.3325842696629214,5,8,0.30324909747292417,True,0.27779959939837917,True,b,0.7222004006016208,0.6674157303370787,0.054784670264542146,1.3703703703703702,1,0.0
8137,5,0.4723977744579315,0.006083786487579346,0,452,2025-08-02,541,2866,Featherweight,500.0,-1150.0,0.15337423312883436,0,1,0.4524271844660194,True,0.1127338310990949,True,b,0.8872661689009051,0.8466257668711656,0.04064040202973951,1.0869565217391304,1,0.0
8138,5,0.26714885234832764,0.07543563842773438,0,453,2025-08-02,3586,4608,Flyweight,450.0,-900.0,0.16806722689075632,2,2,0.23300970873786409,True,0.11202853839422312,True,b,0.8879714616057769,0.8319327731092436,0.05603868849653326,1.1111111111111112,1,0.0
8139,5,0.4403938949108124,0.0029671192169189453,0,454,2025-08-02,3179,3821,Strawweight,195.0,-275.0,0.3161222339304531,4,5,0.4176829268292683,True,0.27362186037998165,True,b,0.7263781396200184,0.683877766069547,0.042500373550471426,1.3636363636363638,1,0.0
8142,5,0.6277599334716797,0.03335517644882202,1,436,2025-08-09,3287,1141,Middleweight,-549.0,375.0,0.8007215782605357,6,18,0.6548463356973994,True,0.8466858405666674,True,a,0.8466858405666674,0.8007215782605357,0.04596426230613171,1.1821493624772312,1,0.0012477763194177654
8143,5,0.5982111692428589,0.04864501953125,1,432,2025-08-09,3349,2781,Bantamweight,-600.0,380.0,0.8044692737430167,6,11,0.6147540983606558,True,0.8472621305556226,True,a,0.8472621305556226,0.8044692737430167,0.04279285681260592,1.1666666666666667,1,0.0
8144,5,0.7233550548553467,0.013312578201293945,1,433,2025-08-09,4014,1021,Strawweight,-200.0,140.0,0.6153846153846154,6,27,0.7692307692307693,True,0.6677715013883848,True,a,0.6677715013883848,0.6153846153846154,0.052386886003769395,1.5,1,0.0008286260412886104
8145,5,0.6900936365127563,0.038918912410736084,0,434,2025-08-09,4157,692,Featherweight,-265.0,188.0,0.6764758021627372,8,24,0.6666666666666666,True,0.7200655910532142,True,a,0.7200655910532142,0.6764758021627372,0.043589788890477044,1.3773584905660377,0,0.0
8146,5,0.688433051109314,0.04964900016784668,1,431,2025-08-09,5061,3243,Middleweight,-375.0,250.0,0.7342657342657342,10,12,0.6666666666666666,True,0.7814104347295382,True,a,0.7814104347295382,0.7342657342657342,0.047144700463804035,1.2666666666666666,1,0.0
8147,5,0.7025814056396484,0.04241347312927246,1,438,2025-08-09,3520,2233,Bantamweight,-850.0,450.0,0.8311111111111111,1,3,0.6666666666666666,True,0.876027224212592,True,a,0.876027224212592,0.8311111111111111,0.044916113101480915,1.1176470588235294,1,0.0
8148,5,0.2539864778518677,0.013576626777648926,0,439,2025-08-09,576,85,Bantamweight,300.0,-450.0,0.23404255319148934,11,10,0.23300970873786409,True,0.17056037438946875,True,b,0.8294396256105312,0.7659574468085106,0.06348217880202056,1.2222222222222223,1,0.015479485214480494
8149,5,0.5829933881759644,0.06693625450134277,1,440,2025-08-09,3490,562,Welterweight,-360.0,240.0,0.7268408551068885,7,3,0.6147540983606558,True,0.7682987464176204,True,a,0.7682987464176204,0.7268408551068885,0.041457891310731965,1.2777777777777777,1,0.0
8150,5,0.3374518156051636,0.0038622617721557617,0,441,2025-08-09,1024,3529,Flyweight,320.0,-455.0,0.22506082725060828,8,4,0.30324909747292417,True,0.16898364372237007,True,b,0.8310163562776299,0.7749391727493917,0.056077183528238206,1.2197802197802199,1,0.015535194335211625
8151,5,0.35092437267303467,0.019902706146240234,1,442,2025-08-09,1234,1064,Light Heavyweight,165.0,-230.0,0.351250665247472,1,12,0.30324909747292417,True,0.29787510794928396,True,b,0.702124892050716,0.6487493347525279,0.0533755572981881,1.434782608695652,0,0.00425303594184071
8152,5,0.28708314895629883,0.09657728672027588,0,437,2025-08-09,2384,113,Light Heavyweight,450.0,-750.0,0.1708542713567839,2,1,0.23300970873786409,True,0.11437558743199233,True,b,0.8856244125680077,0.8291457286432161,0.056478683924791606,1.1333333333333333,1,0.006951876707016375
8156,5,0.4377458095550537,0.06193137168884277,0,424,2025-08-16,3737,3760,Middleweight,500.0,-1200.0,0.15294117647058822,0,0,0.4176829268292683,True,0.11044080455079162,True,b,0.8895591954492084,0.8470588235294118,0.04250037191979661,1.0833333333333333,1,0.0
8160,5,0.6250954866409302,0.009045779705047607,0,427,2025-08-16,1993,1205,Lightweight,-400.0,250.0,0.7368421052631579,11,15,0.6548463356973994,True,0.7828559503792241,True,a,0.7828559503792241,0.7368421052631579,0.04601384511606621,1.25,0,0.0
8162,5,0.393964946269989,0.030387401580810547,0,425,2025-08-16,1227,1800,Middleweight,165.0,-225.0,0.35278154681139756,23,16,0.3885350318471338,True,0.31041693909619683,True,b,0.6895830609038032,0.6472184531886025,0.042364607715200675,1.4444444444444444,1,0.0
8167,5,0.687445878982544,0.13162386417388916,0,405,2025-08-23,35,189,Light Heavyweight,-400.0,270.0,0.7474747474747474,3,14,0.6666666666666666,True,0.7949709094374339,True,a,0.7949709094374339,0.7474747474747474,0.04749616196268647,1.25,0,0.0
8168,5,0.3119044899940491,0.10668075084686279,0,406,2025-08-23,3223,1738,Catch Weight,350.0,-590.0,0.2062780269058296,13,21,0.30324909747292417,True,0.15135470306893137,True,b,0.8486452969310686,0.7937219730941704,0.05492332383689824,1.1694915254237288,1,0.0
8171,5,0.3037010133266449,0.06260275840759277,0,409,2025-08-23,4136,37,Welterweight,350.0,-560.0,0.20754716981132074,2,0,0.25,True,0.14791158759778555,True,b,0.8520884124022144,0.7924528301886793,0.059635582213535154,1.1785714285714286,1,0.0059458804636538624
8173,5,0.6527684926986694,0.08736848831176758,0,411,2025-08-23,1494,3787,Flyweight,-275.0,200.0,0.6875,2,11,0.6548463356973994,True,0.7305965364343966,True,a,0.7305965364343966,0.6875,0.04309653643439659,1.3636363636363638,0,0.0
8174,5,0.648115873336792,0.05985593795776367,1,412,2025-08-23,2526,3497,Lightweight,-320.0,210.0,0.7025495750708216,5,11,0.6548463356973994,True,0.7467764043611421,True,a,0.7467764043611421,0.7025495750708216,0.04422682929032051,1.3125,1,0.0
8175,5,0.41171735525131226,0.12049639225006104,1,413,2025-08-23,3882,3905,Middleweight,200.0,-278.0,0.3118811881188118,7,13,0.4176829268292683,True,0.2690259488124306,True,b,0.7309740511875694,0.6881188118811882,0.04285523930638124,1.3597122302158273,0,0.0
8176,5,0.6104772090911865,0.012552976608276367,1,414,2025-08-23,4355,4108,Featherweight,-1200.0,600.0,0.865979381443299,2,3,0.6548463356973994,True,0.9063391682568094,True,a,0.9063391682568094,0.865979381443299,0.04035978681351038,1.0833333333333333,1,0.0
8179,5,0.6452767252922058,0.09931373596191406,1,398,2025-09-06,1755,2543,Light Heavyweight,-650.0,400.0,0.8125,3,5,0.6548463356973994,True,0.8579069924800513,True,a,0.8579069924800513,0.8125,0.04540699248005131,1.1538461538461537,1,0.0
8181,5,0.6732386350631714,0.08538562059402466,1,394,2025-09-06,979,1741,Light Heavyweight,-380.0,260.0,0.7402597402597403,10,20,0.6666666666666666,True,0.787586903556413,True,a,0.787586903556413,0.7402597402597403,0.04732716329667275,1.263157894736842,1,0.0
8184,5,0.6301071643829346,0.014594316482543945,1,397,2025-09-06,1551,1365,Featherweight,-300.0,210.0,0.6992481203007519,5,0,0.6548463356973994,True,0.7432441745140186,True,a,0.7432441745140186,0.6992481203007519,0.04399605421326669,1.3333333333333333,1,0.0
8193,5,0.6596815586090088,0.051247596740722656,1,384,2025-09-13,2777,233,Middleweight,-450.0,275.0,0.7541899441340781,9,2,0.6548463356973994,True,0.800652899769322,True,a,0.800652899769322,0.7541899441340781,0.04646295563524383,1.2222222222222223,1,0.0
8194,5,0.28807008266448975,0.12148964405059814,0,379,2025-09-13,1172,4590,Bantamweight,-135.0,-105.0,0.5286532951289399,19,1,0.23300970873786409,True,0.48841656931140315,True,b,0.5115834306885969,0.4713467048710601,0.04023672581753679,1.9523809523809523,1,0.0
8198,5,0.399497926235199,0.025573253631591797,1,378,2025-09-13,4704,4839,Featherweight,176.0,-250.0,0.33653846153846156,7,5,0.3885350318471338,True,0.29253788205007775,True,b,0.7074621179499223,0.6634615384615384,0.04400057948838387,1.4,0,0.0
8199,5,0.6213502883911133,0.014452576637268066,1,386,2025-09-13,2250,811,Strawweight,-480.0,320.0,0.7765793528505394,8,13,0.6548463356973994,True,0.8231270957862892,True,a,0.8231270957862892,0.7765793528505394,0.046547742935749814,1.2083333333333333,1,0.0
8201,5,0.447020947933197,0.019110679626464844,1,389,2025-09-13,4667,3596,Flyweight,265.0,-400.0,0.25510204081632654,0,4,0.4375,True,0.21090760402508482,True,b,0.7890923959749152,0.7448979591836735,0.04419443679124169,1.25,0,0.0
8205,5,0.3667031526565552,0.03512871265411377,0,371,2025-09-27,3391,738,Light Heavyweight,210.0,-320.0,0.2974504249291785,3,2,0.35802469135802467,True,0.24709717776665904,True,b,0.7529028222333409,0.7025495750708215,0.05035324716251943,1.3125,1,0.0
8207,5,0.6852110624313354,0.04936230182647705,1,367,2025-09-27,2058,4268,Light Heavyweight,-241.0,175.0,0.6602739726027398,11,2,0.6666666666666666,True,0.7023409263649568,True,a,0.7023409263649568,0.6602739726027398,0.04206695376221703,1.4149377593360997,1,0.0
8208,5,0.616702139377594,0.06980454921722412,1,368,2025-09-27,3322,1052,Featherweight,-335.0,210.0,0.7047845266372582,5,2,0.6548463356973994,True,0.7491619707265796,True,a,0.7491619707265796,0.7047845266372582,0.04437744408932143,1.2985074626865671,1,0.0
8209,5,0.4053630232810974,0.11952471733093262,1,369,2025-09-27,1143,2938,Welterweight,250.0,-375.0,0.2657342657342657,35,22,0.3885350318471338,True,0.21725964679694326,True,b,0.7827403532030568,0.7342657342657344,0.04847461893732241,1.2666666666666666,0,0.0
8218,5,0.7444758415222168,0.04702186584472656,1,355,2025-10-04,91,4245,Featherweight,-500.0,325.0,0.779816513761468,11,15,0.8421052631578947,True,0.8455425105462491,True,a,0.8455425105462491,0.779816513761468,0.06572599678478108,1.2,1,0.018313765819373554
8219,5,0.42144253849983215,0.08032995462417603,0,356,2025-10-04,736,1330,Middleweight,172.0,-250.0,0.3398058252427184,6,6,0.4176829268292683,True,0.2995564114134483,True,b,0.7004435885865516,0.6601941747572816,0.04024941382927005,1.4,1,0.0
8222,5,0.37255609035491943,0.056906819343566895,1,352,2025-10-04,2749,2320,Light Heavyweight,150.0,-275.0,0.35294117647058826,11,15,0.35802469135802467,True,0.3068157562053049,True,b,0.6931842437946951,0.6470588235294117,0.046125420265283434,1.3636363636363638,0,0.0
8223,5,0.5999921560287476,0.06858229637145996,1,353,2025-10-04,4284,939,Bantamweight,-480.0,300.0,0.7680000000000001,15,15,0.6147540983606558,True,0.8110106861665157,True,a,0.8110106861665157,0.7680000000000001,0.0430106861665156,1.2083333333333333,1,0.0
8224,5,0.2359800636768341,0.11229938268661499,0,365,2025-10-04,285,2432,Flyweight,450.0,-925.0,0.16768916155419225,2,9,0.23300970873786409,True,0.11171106361760959,True,b,0.8882889363823904,0.8323108384458078,0.055978097936582594,1.1081081081081081,1,0.0
8225,5,0.34666717052459717,0.003956317901611328,0,361,2025-10-04,1676,626,Welterweight,250.0,-405.0,0.2626788036410923,3,9,0.30324909747292417,True,0.20560772198470073,True,b,0.7943922780152992,0.7373211963589077,0.05707108165639152,1.2469135802469136,1,0.0
8226,5,0.6301238536834717,0.06299620866775513,1,360,2025-10-04,3888,1732,Middleweight,-333.0,240.0,0.7233580373115257,13,9,0.6548463356973994,True,0.7688061934084195,True,a,0.7688061934084195,0.7233580373115257,0.04544815609689379,1.3003003003003002,1,0.0
8227,5,0.4496651887893677,0.007672548294067383,1,364,2025-10-04,2553,2849,Welterweight,210.0,-715.0,0.26884380669635494,7,1,0.45161290322580644,True,0.22657084149667045,True,b,0.7734291585033295,0.731156193303645,0.04227296519968449,1.1398601398601398,0,0.0
8232,5,0.456481397151947,0.03930330276489258,0,347,2025-10-11,1896,1207,Heavyweight,240.0,-333.0,0.27664196268847435,4,7,0.45161290322580644,True,0.23480843830115775,True,b,0.7651915616988423,0.7233580373115256,0.04183352438731669,1.3003003003003002,1,0.0
8234,5,0.702751636505127,0.07715559005737305,0,341,2025-10-11,497,4866,Bantamweight,-350.0,250.0,0.7313432835820896,11,19,0.6666666666666666,True,0.7783854453869826,True,a,0.7783854453869826,0.7313432835820896,0.04704216180489307,1.2857142857142856,0,0.00068362606035537
8235,5,0.5657227039337158,0.05401557683944702,1,342,2025-10-11,4835,886,Welterweight,-650.0,400.0,0.8125,9,23,0.6147540983606558,True,0.8550202723981456,True,a,0.8550202723981456,0.8125,0.0425202723981456,1.1538461538461537,1,0.0
8237,5,0.40186357498168945,0.0013426542282104492,1,344,2025-10-11,496,222,Featherweight,163.0,-250.0,0.347394540942928,2,14,0.3885350318471338,True,0.3044649170450052,True,b,0.6955350829549948,0.652605459057072,0.042929623897922764,1.4,0,0.0
8238,5,0.36120301485061646,0.021927833557128906,0,345,2025-10-11,3742,1030,Featherweight,205.0,-320.0,0.3008595988538682,5,1,0.30324909747292417,True,0.24442047188168162,True,b,0.7555795281183184,0.6991404011461317,0.05643912697218667,1.3125,1,0.0
8239,5,0.557077944278717,0.008889079093933105,1,348,2025-10-11,1067,1176,Bantamweight,-650.0,350.0,0.7959183673469387,0,3,0.6,True,0.8377713208336683,True,a,0.8377713208336683,0.7959183673469387,0.04185295348672968,1.1538461538461537,1,0.0
8241,5,0.6139072775840759,0.041928887367248535,1,350,2025-10-11,1761,2827,Strawweight,-600.0,350.0,0.7941176470588235,3,18,0.6548463356973994,True,0.8403144871679836,True,a,0.8403144871679836,0.7941176470588235,0.04619684010916014,1.1666666666666667,1,0.0
8242,5,0.5706067085266113,0.09100699424743652,1,351,2025-10-11,186,4675,Bantamweight,-390.0,260.0,0.7412882787750791,2,3,0.6147540983606558,True,0.783490880979928,True,a,0.783490880979928,0.7412882787750791,0.04220260220484895,1.2564102564102564,1,0.0
8245,5,0.3539304733276367,0.044187188148498535,0,333,2025-10-18,2238,4219,Lightweight,240.0,-400.0,0.26881720430107525,3,25,0.30324909747292417,True,0.21174093687352719,True,b,0.7882590631264728,0.7311827956989247,0.05707626742754801,1.25,1,0.0
8251,5,0.6470069885253906,0.0035750865936279297,0,338,2025-10-18,2809,4221,Middleweight,-333.0,240.0,0.7233580373115257,2,0,0.6548463356973994,True,0.7688061934084195,True,a,0.7688061934084195,0.7233580373115257,0.04544815609689379,1.3003003003003002,0,0.0
8252,5,0.3479328751564026,0.010235309600830078,1,335,2025-10-18,1276,1152,Flyweight,170.0,-250.0,0.3414634146341463,9,4,0.30324909747292417,True,0.28731059751471494,True,b,0.712689402485285,0.6585365853658537,0.05415281711943132,1.4,0,0.0
8253,5,0.43614816665649414,0.03929567337036133,0,337,2025-10-18,1744,3246,Strawweight,225.0,-330.0,0.28618968386023297,1,2,0.4176829268292683,True,0.24152266904686281,True,b,0.7584773309531372,0.7138103161397671,0.0446670148133701,1.303030303030303,1,0.0
8254,5,0.6483612656593323,0.15263831615447998,0,336,2025-10-18,2790,4036,Middleweight,-275.0,200.0,0.6875,3,1,0.6548463356973994,True,0.7305965364343966,True,a,0.7305965364343966,0.6875,0.04309653643439659,1.3636363636363638,0,0.0
8258,5,0.568763017654419,0.1251465082168579,1,316,2025-10-25,3465,777,Bantamweight,-700.0,420.0,0.8198198198198199,7,12,0.6147540983606558,True,0.8620161178315974,True,a,0.8620161178315974,0.8198198198198199,0.04219629801177749,1.1428571428571428,1,0.0
8261,5,0.7510114908218384,0.025430738925933838,0,326,2025-10-25,2549,4721,Strawweight,-500.0,280.0,0.76,5,3,0.8421052631578947,True,0.8274868423224073,True,a,0.8274868423224073,0.76,0.06748684232240731,1.2,0,0.0
8264,5,0.27381405234336853,0.028242051601409912,0,324,2025-10-25,1453,494,Heavyweight,333.0,-480.0,0.21817634667469155,5,3,0.23300970873786409,True,0.15594011896627322,True,b,0.8440598810337268,0.7818236533253085,0.0622362277084183,1.2083333333333333,1,0.02
8266,5,0.6697324514389038,0.0061678290367126465,1,322,2025-10-25,275,4289,Heavyweight,-420.0,260.0,0.7440944881889763,4,0,0.6548463356973994,True,0.7903352178612154,True,a,0.7903352178612154,0.7440944881889763,0.046240729672239134,1.2380952380952381,1,0.0
8271,5,0.7276583313941956,0.1443697214126587,0,303,2025-11-01,3172,3608,Welterweight,-166.0,110.0,0.5671981776765376,6,6,0.7692307692307693,True,0.6136042396929196,True,a,0.6136042396929196,0.5671981776765376,0.04640606201638198,1.6024096385542168,0,0.0
8275,5,0.4588230848312378,0.07040798664093018,0,309,2025-11-01,2673,4051,Middleweight,260.0,-380.0,0.25974025974025977,7,0,0.45161290322580644,True,0.21702996384055215,True,b,0.7829700361594478,0.7402597402597402,0.04271029589970765,1.263157894736842,1,0.0
8277,5,0.6235235929489136,0.039070844650268555,1,311,2025-11-01,950,1804,Strawweight,-400.0,280.0,0.7524752475247526,3,4,0.6548463356973994,True,0.7989082868270053,True,a,0.7989082868270053,0.7524752475247526,0.04643303930225273,1.25,1,0.0
8280,5,0.626760721206665,0.010806560516357422,1,306,2025-11-01,4856,2844,Catch Weight,-340.0,250.0,0.7300613496932514,4,13,0.6548463356973994,True,0.7758137019059616,True,a,0.7758137019059616,0.7300613496932514,0.04575235221271012,1.2941176470588236,1,0.0033950720965577517
8283,5,0.45621079206466675,0.006710648536682129,0,290,2025-11-08,814,3171,Flyweight,320.0,-550.0,0.2195945945945946,15,4,0.45161290322580644,True,0.17600533276477417,True,b,0.8239946672352259,0.7804054054054054,0.04358926182982048,1.1818181818181819,1,0.0
8287,5,0.38322317600250244,0.08095967769622803,0,300,2025-11-08,1391,4467,Catch Weight,200.0,-278.0,0.3118811881188118,1,6,0.35802469135802467,True,0.2623644421466313,True,b,0.7376355578533687,0.6881188118811882,0.049516745972180476,1.3597122302158273,1,0.0020656021714333672
8288,5,0.5567541122436523,0.02579522132873535,1,297,2025-11-08,2307,1459,Heavyweight,-455.0,310.0,0.770708531295187,0,0,0.6,True,0.8124817433341962,True,a,0.8124817433341962,0.770708531295187,0.04177321203900919,1.2197802197802199,1,0.0
8289,5,0.3615994453430176,0.03271889686584473,0,298,2025-11-08,3830,3320,Strawweight,148.0,-190.0,0.38097740409879144,18,7,0.30324909747292417,True,0.33045263580112394,True,b,0.6695473641988761,0.6190225959012086,0.0505247682976675,1.526315789473684,1,0.010421839044185099
8291,5,0.29898279905319214,0.043763160705566406,0,296,2025-11-08,4058,842,Bantamweight,175.0,-225.0,0.34437086092715236,12,4,0.23300970873786409,True,0.2804909525648855,True,b,0.7195090474351145,0.6556291390728477,0.06387990836226676,1.4444444444444444,1,0.02
8293,5,0.6228983402252197,0.1301259994506836,1,275,2025-11-15,4117,1001,Welterweight,-340.0,230.0,0.7183098591549296,17,8,0.6548463356973994,True,0.7634996373453927,True,a,0.7634996373453927,0.7183098591549296,0.045189778190463104,1.2941176470588236,1,0.0
8300,5,0.6005752682685852,0.02482151985168457,1,282,2025-11-15,1224,2284,Flyweight,-420.0,210.0,0.7145993413830956,8,7,0.6147540983606558,True,0.7552690628051764,True,a,0.7552690628051764,0.7145993413830956,0.04066972142208081,1.2380952380952381,1,0.0
8301,5,0.6127127408981323,0.011972308158874512,0,283,2025-11-15,1795,4959,Featherweight,-500.0,310.0,0.7735849056603774,2,0,0.6548463356973994,True,0.8201550680458319,True,a,0.8201550680458319,0.7735849056603774,0.04657016238545453,1.2,0,0.0
8302,5,0.41954419016838074,0.053520381450653076,0,284,2025-11-15,1227,3882,Middleweight,335.0,-550.0,0.2136400986031224,24,8,0.4176829268292683,True,0.16744779938998444,True,b,0.8325522006100156,0.7863599013968776,0.046192299213137944,1.1818181818181819,1,0.0
8304,5,0.3186320662498474,0.022280335426330566,0,286,2025-11-15,1021,3843,Strawweight,350.0,-600.0,0.20588235294117646,28,3,0.30324909747292417,True,0.15098830888946502,True,b,0.849011691110535,0.7941176470588236,0.05489404405171139,1.1666666666666667,1,0.0
8305,5,0.29477769136428833,0.0967397689819336,0,287,2025-11-15,1234,3760,Middleweight,500.0,-1500.0,0.1509433962264151,2,1,0.23300970873786409,True,0.09787014335866531,True,b,0.9021298566413347,0.8490566037735849,0.053073252867749776,1.0666666666666667,1,0.0
8308,5,0.3745228946208954,0.029201745986938477,0,262,2025-11-22,2843,240,Welterweight,210.0,-330.0,0.2959394356503785,20,10,0.35802469135802467,True,0.24551006263748265,True,b,0.7544899373625173,0.7040605643496215,0.05042937301289585,1.303030303030303,1,0.0
8313,5,0.6469835042953491,0.10200643539428711,1,261,2025-11-22,1482,656,Lightweight,-900.0,400.0,0.8181818181818181,11,22,0.6548463356973994,True,0.8632527650984837,True,a,0.8632527650984837,0.8181818181818181,0.04507094691666558,1.1111111111111112,1,0.0
8314,5,0.47316259145736694,0.07911384105682373,1,268,2025-11-22,531,2008,Welterweight,260.0,-360.0,0.2619589977220957,14,0,0.4524271844660194,True,0.21942401387340701,True,b,0.780575986126593,0.7380410022779043,0.0425349838486887,1.2777777777777777,0,0.0
8315,5,0.3550328016281128,0.030336618423461914,0,269,2025-11-22,2586,2575,Flyweight,160.0,-225.0,0.3571428571428572,12,6,0.30324909747292417,True,0.3042749124654674,True,b,0.6957250875345327,0.6428571428571428,0.052867944677389866,1.4444444444444444,1,0.0027766336218077725
8320,5,0.3464718461036682,0.012093663215637207,0,273,2025-11-22,2887,2302,Lightweight,210.0,-330.0,0.2959394356503785,0,2,0.30324909747292417,True,0.23933238964724368,True,b,0.7606676103527563,0.7040605643496215,0.05660704600313482,1.303030303030303,1,0.0
8324,5,0.6501255035400391,0.030153274536132812,1,250,2025-12-06,326,2451,Bantamweight,-275.0,200.0,0.6875,5,15,0.6548463356973994,True,0.7305965364343966,True,a,0.7305965364343966,0.6875,0.04309653643439659,1.3636363636363638,1,0.0
8325,5,0.4300985336303711,0.01164090633392334,1,252,2025-12-06,2155,1092,Lightweight,195.0,-275.0,0.3161222339304531,5,13,0.4176829268292683,True,0.27362186037998165,True,b,0.7263781396200184,0.683877766069547,0.042500373550471426,1.3636363636363638,0,0.0
8327,5,0.34356218576431274,0.033740878105163574,0,254,2025-12-06,3571,2636,Flyweight,165.0,-225.0,0.35278154681139756,6,11,0.30324909747292417,True,0.2995350463685434,True,b,0.7004649536314567,0.6472184531886025,0.05324650044285417,1.4444444444444444,1,0.006627774825558545
8328,5,0.7272170186042786,0.04096972942352295,1,255,2025-12-06,1829,519,Lightweight,-215.0,158.0,0.6378061400482925,9,5,0.7692307692307693,True,0.6923849930695312,True,a,0.6923849930695312,0.6378061400482925,0.05457885302123866,1.4651162790697674,1,0.007753182042255771
8330,5,0.6993032097816467,0.006370186805725098,1,257,2025-12-06,3931,3479,Lightweight,-550.0,300.0,0.7719298245614035,13,31,0.6666666666666666,True,0.8195683412039938,True,a,0.8195683412039938,0.7719298245614035,0.047638516642590334,1.1818181818181819,1,0.0
8331,5,0.20443743467330933,0.02313995361328125,0,259,2025-12-06,2369,298,Middleweight,600.0,-1800.0,0.13103448275862067,2,3,0.16666666666666666,True,0.07782983592022125,True,b,0.9221701640797788,0.8689655172413793,0.05320464683839954,1.0555555555555556,1,0.0
8332,5,0.44278427958488464,0.09520381689071655,0,260,2025-12-06,504,1573,Featherweight,195.0,-250.0,0.32183908045977005,6,3,0.4176829268292683,True,0.2798408477423696,True,b,0.7201591522576304,0.67816091954023,0.04199823271740044,1.4,1,0.00513925822542654
8335,5,0.4299265444278717,0.053981781005859375,0,235,2025-12-13,1629,153,Flyweight,195.0,-278.0,0.3154995409398214,11,9,0.4176829268292683,True,0.27294611399395274,True,b,0.7270538860060473,0.6845004590601786,0.04255342694586861,1.3597122302158273,1,0.0
8336,5,0.3262959122657776,0.05231785774230957,0,236,2025-12-13,3770,6,Featherweight,250.0,-450.0,0.2588235294117647,11,2,0.30324909747292417,True,0.20177749695373953,True,b,0.7982225030462604,0.7411764705882353,0.05704603245802509,1.2222222222222223,1,0.0
8340,5,0.4076431691646576,0.025701284408569336,0,243,2025-12-13,1123,2100,Heavyweight,170.0,-235.0,0.34553893759669935,1,0,0.3885350318471338,True,0.30241977790605723,True,b,0.6975802220939428,0.6544610624033007,0.04311915969064206,1.425531914893617,1,0.0
8343,5,0.36885058879852295,0.087943434715271,1,246,2025-12-13,4019,3584,Flyweight,163.0,-275.0,0.3414523104939677,5,2,0.35802469135802467,True,0.29423552632301386,True,b,0.7057644736769861,0.6585476895060323,0.047216784170953874,1.3636363636363638,0,0.0
8345,5,0.37987789511680603,0.04154270887374878,0,227,2026-01-24,141,2840,Flyweight,225.0,-350.0,0.28346456692913385,18,7,0.35802469135802467,True,0.23249252401167222,True,b,0.7675074759883278,0.7165354330708662,0.0509720429174616,1.2857142857142856,1,0.0
8350,5,0.384853720664978,0.1343313455581665,1,224,2026-01-24,415,1943,Lightweight,175.0,-250.0,0.3373493975903614,14,7,0.35802469135802467,True,0.2897687823273039,True,b,0.7102312176726961,0.6626506024096386,0.04758061526305757,1.4,0,0.0
8353,5,0.3860800862312317,0.06056857109069824,0,234,2026-01-24,2690,4828,Welterweight,310.0,-600.0,0.22151898734177217,5,0,0.35802469135802467,True,0.1703256736861554,True,b,0.8296743263138446,0.7784810126582278,0.05119331365561686,1.1666666666666667,1,0.0
8354,5,0.327930212020874,0.1905885934829712,0,230,2026-01-24,2254,3202,Middleweight,500.0,-1200.0,0.15294117647058822,2,3,0.30324909747292417,True,0.1039551660822352,True,b,0.8960448339177648,0.8470588235294118,0.04898601038835304,1.0833333333333333,1,0.0
8357,5,0.36653396487236023,0.05405217409133911,0,212,2026-01-31,656,41,Lightweight,250.0,-450.0,0.2588235294117647,23,11,0.35802469135802467,True,0.2072499118425989,True,b,0.7927500881574011,0.7411764705882353,0.051573617569165786,1.2222222222222223,1,0.0
8359,5,0.6389757990837097,0.167854905128479,1,214,2026-01-31,3311,4548,Heavyweight,-350.0,240.0,0.7256097560975611,2,16,0.6548463356973994,True,0.7711650905232447,True,a,0.7711650905232447,0.7256097560975611,0.0455553344256836,1.2857142857142856,1,0.0
8360,5,0.6569967269897461,0.021061480045318604,1,215,2026-01-31,3662,3646,Lightweight,-1400.0,500.0,0.8484848484848484,3,12,0.6548463356973994,True,0.8909786223073998,True,a,0.8909786223073998,0.8484848484848484,0.04249377382255137,1.0714285714285714,1,0.0
8368,5,0.38964980840682983,0.03613591194152832,1,223,2026-01-31,1564,4969,Road to UFC 4 Bantamweight Tournament,210.0,-290.0,0.30256012412723043,0,0,0.3885350318471338,True,0.25583635761206763,True,b,0.7441636423879323,0.6974398758727696,0.046723766515162746,1.3448275862068966,0,0.0005595513282340009
8369,5,0.16192084550857544,0.044974327087402344,0,204,2026-02-07,4709,5084,Welterweight,500.0,-1100.0,0.15384615384615385,23,1,0.09090909090909091,True,0.0874358746238817,True,b,0.9125641253761183,0.8461538461538461,0.06641027922227216,1.0909090909090908,1,0.0
8370,5,0.6812864542007446,0.00884997844696045,1,199,2026-02-07,683,2023,Flyweight,-380.0,260.0,0.7402597402597403,9,6,0.6666666666666666,True,0.787586903556413,True,a,0.787586903556413,0.7402597402597403,0.04732716329667275,1.263157894736842,1,0.0
8373,5,0.6188501119613647,0.006638526916503906,1,202,2026-02-07,1683,2148,Bantamweight,-350.0,210.0,0.7068403908794788,5,4,0.6548463356973994,True,0.7513523401520328,True,a,0.7513523401520328,0.7068403908794788,0.044511949272553974,1.2857142857142856,1,0.0
8375,5,0.7632647752761841,0.005021095275878906,1,210,2026-02-07,2272,576,Bantamweight,-195.0,130.0,0.6032279757901816,2,12,0.9411764705882353,True,0.700705313437356,True,a,0.700705313437356,0.6032279757901816,0.09747733764717437,1.5128205128205128,1,0.02
8378,5,0.3966866135597229,0.008397936820983887,0,207,2026-02-07,2116,1167,Bantamweight,450.0,-1100.0,0.16551724137931037,0,6,0.3885350318471338,True,0.12007419286541506,True,b,0.8799258071345849,0.8344827586206897,0.045443048513895246,1.0909090909090908,1,0.0
8384,5,0.6741926670074463,0.18820571899414062,0,184,2026-02-21,5061,2975,Middleweight,-286.0,200.0,0.6897106109324759,11,23,0.6666666666666666,True,0.7343836817100934,True,a,0.7343836817100934,0.6897106109324759,0.04467307077761751,1.3496503496503496,0,0.0
8386,5,0.3245035409927368,0.049111008644104004,0,186,2026-02-21,123,2583,Featherweight,185.0,-275.0,0.3236245954692557,20,8,0.30324909747292417,True,0.2682752944958745,True,b,0.7317247055041255,0.6763754045307443,0.0553493009733812,1.3636363636363638,1,0.0
8387,5,0.41210174560546875,0.06860744953155518,0,188,2026-02-21,3624,1562,Welterweight,235.0,-340.0,0.2786573780873971,0,2,0.4176829268292683,True,0.2335748919811743,True,b,0.7664251080188257,0.7213426219126029,0.045082486106222786,1.2941176470588236,1,0.0
8389,5,0.32175496220588684,0.22015827894210815,0,192,2026-02-21,823,4667,Flyweight,275.0,-480.0,0.24369747899159663,2,1,0.30324909747292417,True,0.18691611391952345,True,b,0.8130838860804765,0.7563025210084033,0.05678136507207321,1.2083333333333333,1,0.0
8392,5,0.46954774856567383,0.05072784423828125,1,196,2026-02-21,3578,3469,Featherweight,295.0,-440.0,0.2370500438981563,8,2,0.4524271844660194,True,0.19369351142531152,True,b,0.8063064885746885,0.7629499561018437,0.043356532472844767,1.2272727272727273,0,0.0
8393,5,0.6575964689254761,0.0344538688659668,1,197,2026-02-21,1217,1645,Flyweight,-900.0,500.0,0.84375,3,4,0.6548463356973994,True,0.8867371825061398,True,a,0.8867371825061398,0.84375,0.042987182506139754,1.1111111111111112,1,0.0
8394,5,0.3459376096725464,0.04072296619415283,0,193,2026-02-21,3041,85,Bantamweight,245.0,-400.0,0.26595744680851063,5,11,0.30324909747292417,True,0.2088783286654873,True,b,0.7911216713345127,0.7340425531914894,0.057079118143023355,1.25,1,0.0
8395,5,0.818001389503479,0.00030803680419921875,1,176,2026-02-28,1361,105,Bantamweight,-1200.0,450.0,0.8354430379746836,1,1,0.9411764705882353,True,0.9067257635238535,True,a,0.9067257635238535,0.8354430379746836,0.07128272554916992,1.0833333333333333,1,0.0
8397,5,0.27802979946136475,0.004202127456665039,0,172,2026-02-28,900,4590,Bantamweight,210.0,-340.0,0.29451137884872824,25,2,0.23300970873786409,True,0.22913050637102328,True,b,0.7708694936289767,0.7054886211512718,0.06538087247770497,1.2941176470588236,1,0.0
8398,5,0.5729591846466064,0.0014935731887817383,1,174,2026-02-28,679,3586,Flyweight,-350.0,215.0,0.7101449275362318,5,3,0.6147540983606558,True,0.7504936053741265,True,a,0.7504936053741265,0.7101449275362318,0.04034867783789464,1.2857142857142856,1,0.0
8399,5,0.569487988948822,0.011702418327331543,1,175,2026-02-28,3184,3401,Flyweight,-530.0,333.0,0.7846080207870355,0,4,0.6147540983606558,True,0.8277194073705723,True,a,0.8277194073705723,0.7846080207870355,0.04311138658353675,1.1886792452830188,1,0.0
8403,5,0.2849861979484558,0.14405548572540283,0,179,2026-02-28,3593,423,Bantamweight,420.0,-700.0,0.1801801801801802,3,3,0.23300970873786409,True,0.12231361151398935,True,b,0.8776863884860107,0.8198198198198198,0.05786656866619089,1.1428571428571428,1,0.005372776972021247
8405,5,0.32397642731666565,0.03808927536010742,0,182,2026-02-28,2697,4537,Featherweight,500.0,-1200.0,0.15294117647058822,2,5,0.30324909747292417,True,0.1039551660822352,True,b,0.8960448339177648,0.8470588235294118,0.04898601038835304,1.0833333333333333,1,0.0
8406,5,0.4361913502216339,0.03829360008239746,0,183,2026-02-28,4390,2032,Middleweight,190.0,-265.0,0.3220114689016321,0,0,0.4176829268292683,True,0.28002879604259484,True,b,0.7199712039574051,0.6779885310983679,0.04198267285903723,1.3773584905660377,1,0.0
8407,5,0.6261821389198303,0.01758754253387451,1,177,2026-02-28,2568,233,Middleweight,-1000.0,450.0,0.8333333333333334,0,3,0.6548463356973994,True,0.8772853890841676,True,a,0.8772853890841676,0.8333333333333334,0.043952055750834274,1.1,1,0.0
8410,5,0.6367598176002502,0.07329249382019043,1,160,2026-03-07,973,3680,Middleweight,-245.0,175.0,0.6613496932515337,8,5,0.6548463356973994,True,0.7020295695869591,True,a,0.7020295695869591,0.6613496932515337,0.04067987633542536,1.4081632653061225,1,0.0
8411,5,0.6553423404693604,0.0009667873382568359,1,161,2026-03-07,3285,1172,Bantamweight,-350.0,245.0,0.7285067873303167,6,20,0.6548463356973994,True,0.7741925970834208,True,a,0.7741925970834208,0.7285067873303167,0.0456858097531041,1.2857142857142856,1,0.0
8414,5,0.37341487407684326,0.056519269943237305,0,167,2026-03-07,2844,3267,Flyweight,155.0,-220.0,0.36322360953461974,14,2,0.35802469135802467,True,0.31816243724068505,True,b,0.681837562759315,0.6367763904653803,0.04506117229393469,1.4545454545454546,1,0.0
8419,5,0.7191691994667053,0.018363118171691895,1,165,2026-03-07,4051,1064,Middleweight,-910.0,500.0,0.8438948995363215,1,14,0.75,True,0.8929568045115592,True,a,0.8929568045115592,0.8438948995363215,0.04906190497523777,1.10989010989011,1,0.0
8420,5,0.28892531991004944,0.035579144954681396,1,149,2026-03-14,673,1755,Light Heavyweight,200.0,-420.0,0.29213483146067415,19,4,0.23300970873786409,True,0.22674828057475732,True,b,0.7732517194252426,0.7078651685393258,0.06538655088591683,1.2380952380952381,0,0.0
8421,5,0.41846323013305664,0.05495584011077881,0,148,2026-03-14,1090,100,Featherweight,210.0,-320.0,0.2974504249291785,1,0,0.4176829268292683,True,0.2535042651468625,True,b,0.7464957348531376,0.7025495750708215,0.043946159782316085,1.3125,1,0.0
8423,5,0.294152170419693,0.13184136152267456,0,146,2026-03-14,811,1335,Strawweight,194.0,-250.0,0.3225806451612903,14,19,0.23300970873786409,True,0.25772875039541293,True,b,0.7422712496045871,0.6774193548387097,0.06485189476587738,1.4,1,0.02
8424,5,0.6587772369384766,0.09458136558532715,1,151,2026-03-14,3091,1918,Welterweight,-500.0,333.0,0.783001808318264,5,11,0.6548463356973994,True,0.8294650783881604,True,a,0.8294650783881604,0.783001808318264,0.04646327006989637,1.2,1,0.0
8426,5,0.36592230200767517,0.15191835165023804,0,145,2026-03-14,4245,6,Featherweight,360.0,-560.0,0.20395550061804696,16,3,0.3333333333333333,True,0.1516122829888677,True,b,0.8483877170111322,0.7960444993819531,0.05234321762917915,1.1785714285714286,1,0.0
8428,5,0.6515337228775024,0.05744028091430664,1,156,2026-03-14,1067,4223,Bantamweight,-1667.0,450.0,0.8384161675277766,1,3,0.6548463356973994,True,0.8819178539795414,True,a,0.8819178539795414,0.8384161675277766,0.043501686451764776,1.05998800239952,1,0.0
8431,5,0.41453802585601807,0.011425971984863281,0,153,2026-03-14,1822,3520,Bantamweight,210.0,-280.0,0.30448717948717946,3,2,0.4176829268292683,True,0.26105010199351847,True,b,0.7389498980064815,0.6955128205128205,0.04343707749366099,1.3571428571428572,1,0.0020024031061574295
8437,5,0.6840132474899292,0.014351367950439453,1,135,2026-03-21,4847,446,Light Heavyweight,-800.0,410.0,0.8192771084337349,1,6,0.6666666666666666,True,0.8651152812003433,True,a,0.8651152812003433,0.8192771084337349,0.0458381727666084,1.125,1,0.0
8438,5,0.3197702467441559,0.019836902618408203,0,136,2026-03-21,3243,3287,Middleweight,290.0,-470.0,0.23720349563046192,13,8,0.30324909747292417,True,0.1806191383994766,True,b,0.8193808616005234,0.762796504369538,0.056584357230985316,1.2127659574468086,1,0.0
8442,5,0.41642940044403076,0.052422285079956055,0,140,2026-03-21,989,2630,Heavyweight,500.0,-1400.0,0.1515151515151515,0,2,0.4176829268292683,True,0.10916558005861367,True,b,0.8908344199413863,0.8484848484848485,0.04234957145653784,1.0714285714285714,1,0.0
8443,5,0.6541392803192139,0.03343701362609863,1,141,2026-03-21,3458,2369,Middleweight,-1115.0,490.0,0.8441008532751653,0,3,0.6548463356973994,True,0.887052666721443,True,a,0.887052666721443,0.8441008532751653,0.04295181344627774,1.0896860986547086,1,0.0
8444,5,0.32033994793891907,0.16053956747055054,0,142,2026-03-21,4289,3673,Heavyweight,180.0,-275.0,0.3275109170305677,1,1,0.30324909747292417,True,0.2723973871139374,True,b,0.7276026128860626,0.6724890829694323,0.05511352991663032,1.3636363636363638,1,0.0
8446,5,0.39856457710266113,0.028409600257873535,0,144,2026-03-21,1744,4710,Strawweight,330.0,-600.0,0.21341463414634146,2,0,0.3885350318471338,True,0.1649496591989948,True,b,0.8350503408010053,0.7865853658536586,0.048464974947346695,1.1666666666666667,1,0.0
8448,5,0.27473950386047363,0.055184006690979004,1,120,2026-03-28,2289,2636,Flyweight,124.0,-205.0,0.39911018058099973,14,12,0.23300970873786409,True,0.3396356388124382,True,b,0.6603643611875618,0.6008898194190002,0.059474541768561595,1.4878048780487805,0,0.0
8449,5,0.28373247385025024,0.021952271461486816,0,121,2026-03-28,2863,3611,Welterweight,550.0,-1115.0,0.14357459379615953,20,21,0.23300970873786409,True,0.09192005384261877,True,b,0.9080799461573812,0.8564254062038404,0.051654539953540746,1.0896860986547086,1,0.0
8452,5,0.6729220151901245,0.046441495418548584,1,131,2026-03-28,742,2322,Strawweight,-1000.0,330.0,0.7962962962962963,2,7,0.6666666666666666,True,0.8433701568240471,True,a,0.8433701568240471,0.7962962962962963,0.047073860527750866,1.1,1,0.0
8454,5,0.31500083208084106,0.07886886596679688,1,126,2026-03-28,3620,1993,Lightweight,210.0,-420.0,0.2854006586169045,1,12,0.30324909747292417,True,0.22851807155422654,True,b,0.7714819284457735,0.7145993413830956,0.0568825870626779,1.2380952380952381,0,0.0
8457,5,0.3433869183063507,0.05913263559341431,0,129,2026-03-28,2668,738,Light Heavyweight,310.0,-900.0,0.2132196162046908,2,3,0.30324909747292417,True,0.15781637716933772,True,b,0.8421836228306623,0.7867803837953092,0.05540323903535305,1.1111111111111112,1,0.0
8458,5,0.6948081254959106,0.06807684898376465,0,125,2026-03-28,145,4961,Lightweight,-350.0,220.0,0.713375796178344,9,1,0.6666666666666666,True,0.759598295255945,True,a,0.759598295255945,0.713375796178344,0.04622249907760101,1.2857142857142856,0,0.0
8461,5,0.2934271991252899,0.11846023797988892,0,108,2026-04-04,2543,539,Light Heavyweight,290.0,-1600.0,0.2141057934508816,6,1,0.23300970873786409,True,0.15224263148185344,True,b,0.8477573685181465,0.7858942065491183,0.06186316196902819,1.0625,1,0.0
8466,5,0.70746248960495,0.0014575719833374023,1,113,2026-04-04,3596,884,Flyweight,-450.0,300.0,0.7659574468085105,5,2,0.6923076923076923,True,0.8160356652994262,True,a,0.8160356652994262,0.7659574468085105,0.05007821849091565,1.2222222222222223,1,0.0
8469,5,0.4368942975997925,0.06900668144226074,1,116,2026-04-04,4561,2809,Middleweight,430.0,-800.0,0.17509727626459146,6,3,0.4176829268292683,True,0.13065045692812707,True,b,0.869349543071873,0.8249027237354085,0.04444681933646444,1.125,0,0.0
8482,5,0.4004020094871521,0.10587131977081299,0,101,2026-04-11,3871,102,Lightweight,150.0,-260.0,0.3564356435643565,6,12,0.3885350318471338,True,0.3144666000081988,True,b,0.6855333999918012,0.6435643564356435,0.041969043556157715,1.3846153846153846,1,0.0
8484,5,0.2851167321205139,0.017166733741760254,0,82,2026-04-18,3148,5072,Welterweight,205.0,-280.0,0.3079416531604538,24,7,0.23300970873786409,True,0.24270903465463456,True,b,0.7572909653453654,0.6920583468395463,0.06523261850581918,1.3571428571428572,1,0.019426417078097183
8487,5,0.42661052942276,0.03837859630584717,0,87,2026-04-18,3495,764,Featherweight,270.0,-435.0,0.2494754021916531,4,0,0.4176829268292683,True,0.20332054466197286,True,b,0.7966794553380272,0.7505245978083469,0.04615485752968029,1.2298850574712643,1,0.0
8488,5,0.44894927740097046,0.04010009765625,0,85,2026-04-18,3571,1209,Flyweight,225.0,-370.0,0.28101644245142,7,11,0.45161290322580644,True,0.23945486598867888,True,b,0.7605451340113212,0.71898355754858,0.04156157646274117,1.2702702702702702,1,0.0
8498,5,0.3974273204803467,0.04332304000854492,1,73,2026-04-25,3499,497,Bantamweight,150.0,-225.0,0.3661971830985915,14,12,0.3885350318471338,True,0.325332211987304,True,b,0.674667788012696,0.6338028169014085,0.04086497111128751,1.4444444444444444,0,0.0
8500,5,0.39539873600006104,0.02013242244720459,1,75,2026-04-25,1234,3444,Middleweight,225.0,-400.0,0.2777777777777778,3,10,0.3885350318471338,True,0.22972792562837535,True,b,0.7702720743716247,0.7222222222222222,0.048049852149402494,1.25,0,0.0
8502,5,0.5851629972457886,0.03412425518035889,1,77,2026-04-25,737,4058,Bantamweight,-480.0,300.0,0.7680000000000001,1,13,0.6147540983606558,True,0.8110106861665157,True,a,0.8110106861665157,0.7680000000000001,0.0430106861665156,1.2083333333333333,1,0.0
8503,5,0.6938644647598267,0.02509176731109619,0,78,2026-04-25,2497,2844,Bantamweight,-715.0,400.0,0.8143507972665148,5,15,0.6666666666666666,True,0.8605142868251844,True,a,0.8605142868251844,0.8143507972665148,0.04616348955866956,1.1398601398601398,0,0.0
8504,5,0.5288835763931274,0.011110424995422363,0,79,2026-04-25,3954,4537,Lightweight,325.0,-600.0,0.2153846153846154,0,6,0.4936708860759494,True,0.175093632280884,True,b,0.824906367719116,0.7846153846153846,0.04029098310373136,1.1666666666666667,1,0.0
8508,5,0.3633924126625061,0.005320072174072266,0,2,2026-05-02,4002,3662,Lightweight,285.0,-450.0,0.24096385542168672,25,4,0.3333333333333333,True,0.18710524047227378,True,b,0.8128947595277263,0.7590361445783133,0.05385861494941302,1.2222222222222223,1,0.0
8511,5,0.41718313097953796,0.04842478036880493,1,5,2026-05-02,4289,4548,Heavyweight,175.0,-265.0,0.33371428571428574,2,17,0.4176829268292683,True,0.2928436817027569,True,b,0.7071563182972431,0.6662857142857143,0.040870604011528866,1.3773584905660377,0,0.0
8513,5,0.6024689674377441,0.024732589721679688,1,8733,2026-05-02,100,9593,Featherweight,-800.0,475.0,0.8363636363636364,1,0,0.6147540983606558,True,0.8775507889477429,True,a,0.8775507889477429,0.8363636363636364,0.041187152584106435,1.125,1,0.0
8514,5,0.7505378723144531,0.14399218559265137,1,8,2026-05-02,3195,1227,Middleweight,-1800.0,350.0,0.81,8,25,0.8421052631578947,True,0.8720239381599965,True,a,0.8720239381599965,0.81,0.062023938159996406,1.0555555555555556,1,0.0
8515,5,0.2826046049594879,0.046539306640625,0,9,2026-05-02,1342,3292,Bantamweight,-128.0,-145.0,0.48680533995653524,11,2,0.23300970873786409,True,0.4392658794657448,True,b,0.5607341205342552,0.5131946600434647,0.0475394604907905,1.6896551724137931,1,0.0
8520,5,0.75798499584198,0.07477426528930664,1,17,2026-05-09,681,1430,Lightweight,-500.0,300.0,0.7692307692307692,29,35,0.9411764705882353,True,0.8553932527935835,True,a,0.8553932527935835,0.7692307692307692,0.08616248356281431,1.2,1,0.02
8525,5,0.21912869811058044,0.11338162422180176,0,18,2026-05-09,3576,3202,Middleweight,700.0,-1800.0,0.11656441717791413,2,4,0.16666666666666666,True,0.0672410133659033,True,b,0.9327589866340967,0.8834355828220859,0.049323403812010835,1.0555555555555556,1,0.0
8529,5,0.2418016791343689,0.005367755889892578,0,23,2026-05-09,4036,3760,Middleweight,500.0,-900.0,0.15625,2,2,0.23300970873786409,True,0.10220886711559742,True,b,0.8977911328844026,0.84375,0.0540411328844026,1.1111111111111112,1,0.0
8531,5,0.3980797827243805,0.11180877685546875,1,8751,2026-05-09,2795,1823,Lightweight,210.0,-280.0,0.30448717948717946,46,17,0.3885350318471338,True,0.2578908277806643,True,b,0.7421091722193357,0.6955128205128205,0.046596351706515216,1.3571428571428572,0,0.005003713608368931
8532,5,0.3262936472892761,0.07206356525421143,1,13,2026-05-09,2975,3456,Middleweight,310.0,-500.0,0.22641509433962265,24,9,0.30324909747292417,True,0.17027223539202746,True,b,0.8297277646079726,0.7735849056603774,0.05614285894759519,1.2,0,0.0
8542,5,0.43240243196487427,0.01197516918182373,0,27019,2026-05-16,9982,979,Catch Weight,215.0,-350.0,0.28985507246376807,0,12,0.4176829268292683,True,0.24540977057810234,True,b,0.7545902294218977,0.7101449275362319,0.044445301885665756,1.2857142857142856,1,0.0
8546,5,0.3846396803855896,0.07136785984039307,0,38,2026-05-30,4866,1200,Bantamweight,421.0,-516.0,0.1864203658197049,21,16,0.35802469135802467,True,0.1371623459697056,True,b,0.8628376540302944,0.8135796341802951,0.049258019849999335,1.193798449612403,1,0.02
8548,5,0.4988107681274414,0.10834312438964844,0,40,2026-05-30,3311,1488,Heavyweight,463.0,-594.0,0.17185789778664856,3,11,0.4524271844660194,True,0.12980248171989053,True,b,0.8701975182801095,0.8281421022133515,0.042055416066758,1.1683501683501682,1,0.02
8550,5,0.2645239531993866,0.05651289224624634,0,27872,2026-05-30,2694,2938,Welterweight,301.0,-368.0,0.2407803753704314,7,23,0.23300970873786409,True,0.1768671827912584,True,b,0.8231328172087415,0.7592196246295686,0.06391319257917294,1.2717391304347827,1,0.02
8551,5,0.38677316904067993,0.09129655361175537,1,39,2026-05-30,2559,35,Light Heavyweight,195.0,-240.0,0.32442748091603046,17,4,0.35802469135802467,True,0.2757936069939566,True,b,0.7242063930060434,0.6755725190839695,0.048633873922073856,1.4166666666666667,0,0.015575434055136913
8555,5,0.3159710168838501,0.14621508121490479,0,27877,2026-05-30,823,2353,Bantamweight,237.0,-285.0,0.2861496153703222,4,2,0.30324909747292417,True,0.22928276685210694,True,b,0.7707172331478931,0.7138503846296778,0.05686684851821533,1.3508771929824561,1,0.02
8557,5,0.38348639011383057,0.01470029354095459,0,45,2026-05-30,630,44,Bantamweight,275.0,-390.0,0.25096030729833546,9,1,0.35802469135802467,True,0.1993329212170547,True,b,0.8006670787829453,0.7490396927016645,0.05162738608128081,1.2564102564102564,1,0.0058171715091079575
8558,5,0.31244006752967834,0.005803346633911133,1,58,2026-06-06,1725,1829,Lightweight,246.0,-266.0,0.284523772505364,5,10,0.30324909747292417,True,0.22762351449527998,True,b,0.77237648550472,0.715476227494636,0.056900258010084026,1.3759398496240602,0,0.02
8563,5,0.4252285957336426,0.008981108665466309,0,53,2026-06-06,4504,4176,Flyweight,251.0,-251.0,0.2849002849002849,1,0,0.4176829268292683,True,0.24015829255234314,True,b,0.7598417074476569,0.7150997150997151,0.04474199234794174,1.3984063745019921,1,0.02
8564,5,0.642439603805542,0.03281813859939575,1,59,2026-06-06,3179,3255,Strawweight,-292.0,292.0,0.7448979591836735,6,6,0.6548463356973994,True,0.7911604048518897,True,a,0.7911604048518897,0.7448979591836735,0.046262445668216134,1.3424657534246576,1,0.02
8570,5,0.7723114490509033,0.05211949348449707,1,64,2026-06-14,3968,646,Lightweight,-556.0,440.0,0.8206866389678548,5,7,0.9411764705882353,True,0.8958424885740964,True,a,0.8958424885740964,0.8206866389678548,0.07515584960624166,1.1798561151079137,1,0.02
8571,5,0.27920669317245483,0.06014251708984375,1,61,2026-06-14,415,1809,Lightweight,421.0,-533.0,0.18563430920869342,15,9,0.23300970873786409,True,0.12701532257970363,True,b,0.8729846774202964,0.8143656907913066,0.05861898662898979,1.1876172607879925,0,0.02
8573,5,0.2829778492450714,0.05943232774734497,0,65,2026-06-14,3882,4720,Middleweight,251.0,-302.0,0.27496203882299836,9,6,0.23300970873786409,True,0.2097232573197175,True,b,0.7902767426802825,0.7250379611770017,0.06523878150328077,1.3311258278145695,1,0.02
8575,5,0.6786078214645386,0.04114890098571777,1,67,2026-06-14,2307,3901,Heavyweight,-357.0,292.0,0.7538299110124755,3,31,0.6666666666666666,True,0.8014280273434884,True,a,0.8014280273434884,0.7538299110124755,0.04759811633101285,1.280112044817927,1,0.02
8576,5,0.35736483335494995,0.0681157112121582,0,63,2026-06-14,55,252,Bantamweight,324.0,-395.0,0.22813162503456538,10,15,0.30324909747292417,True,0.17190883811799892,True,b,0.828091161882001,0.7718683749654346,0.05622278691656646,1.2531645569620253,1,0.02
8577,5,0.34436261653900146,0.1410841941833496,1,17717,2026-06-20,3401,1975,Flyweight,506.0,-506.0,0.16501650165016502,5,4,0.30324909747292417,True,0.11431986691192075,True,b,0.8856801330880792,0.834983498349835,0.05069663473824426,1.1976284584980237,0,0.02
8578,5,0.7094715237617493,0.028598904609680176,1,17719,2026-06-20,1067,3006,Bantamweight,-506.0,506.0,0.834983498349835,2,4,0.6923076923076923,True,0.8812364357158148,True,a,0.8812364357158148,0.834983498349835,0.046252937365979796,1.1976284584980237,1,0.02
8580,5,0.30735480785369873,0.004894614219665527,0,17716,2026-06-20,673,738,Light Heavyweight,277.0,-277.0,0.26525198938992045,20,4,0.30324909747292417,True,0.20817357724814514,True,b,0.7918264227518549,0.7347480106100795,0.057078412141775337,1.3610108303249098,1,0.02
8581,5,0.6786647439002991,0.00472867488861084,1,17718,2026-06-20,4157,2070,Featherweight,-182.0,182.0,0.6453900709219859,9,5,0.6666666666666666,True,0.6858792400641363,True,a,0.6858792400641363,0.6453900709219859,0.040489169142150394,1.5494505494505495,1,0.02
8587,5,0.490396648645401,0.11237984895706177,1,27410,2026-06-20,2819,1030,Featherweight,355.0,-355.0,0.21978021978021978,4,3,0.4524271844660194,True,0.17625557700896102,True,b,0.823744422991039,0.7802197802197802,0.04352464277125878,1.2816901408450705,0,0.02
8591,5,0.5729122161865234,0.020437240600585938,1,27070,2026-06-27,3265,5029,Middleweight,-251.0,251.0,0.7150997150997151,5,9,0.6147540983606558,True,0.7558043773948672,True,a,0.7558043773948672,0.7150997150997151,0.040704662295152017,1.3984063745019921,1,0.02
8594,5,0.3291737139225006,0.09128230810165405,0,27074,2026-06-27,1673,2148,Bantamweight,153.0,-153.0,0.3952569169960474,3,5,0.30324909747292417,True,0.34634613896841526,True,b,0.6536538610315847,0.6047430830039526,0.04891077802763211,1.65359477124183,1,0.02
8596,5,0.6563876867294312,0.09906536340713501,1,27076,2026-06-27,539,113,Light Heavyweight,-506.0,506.0,0.834983498349835,2,3,0.6548463356973994,True,0.8787935616208672,True,a,0.8787935616208672,0.834983498349835,0.04381006327103221,1.1976284584980237,1,0.02
8597,5,0.5951120853424072,0.020773887634277344,1,27077,2026-06-27,2575,3787,Flyweight,-251.0,251.0,0.7150997150997151,7,14,0.6147540983606558,True,0.7558043773948672,True,a,0.7558043773948672,0.7150997150997151,0.040704662295152017,1.3984063745019921,1,0.02
8602,5,0.424611359834671,0.0035021305084228516,0,27250,2026-07-11,202,1363,Featherweight,228.0,-228.0,0.3048780487804878,5,2,0.4176829268292683,True,0.2614705379066792,True,b,0.7385294620933208,0.6951219512195121,0.043407510873808675,1.4385964912280702,1,0.02
8603,5,0.32612866163253784,0.001929163932800293,1,27245,2026-07-11,1943,41,Lightweight,130.0,-130.0,0.43478260869565216,8,12,0.30324909747292417,True,0.3910736223820894,True,b,0.6089263776179106,0.5652173913043479,0.04370898631356268,1.7692307692307692,0,0.02
8608,5,0.6452527046203613,0.05585289001464844,1,27244,2026-07-11,827,3970,Welterweight,-312.0,245.0,0.7231926901370599,32,14,0.6548463356973994,True,0.7686327785250832,True,a,0.7686327785250832,0.7231926901370599,0.04544008838802327,1.3205128205128205,1,0.011691761880835646
8610,5,0.46076756715774536,0.015735626220703125,0,27252,2026-07-11,4633,84,Bantamweight,344.0,-344.0,0.22522522522522523,17,10,0.4524271844660194,True,0.18171638823463912,True,b,0.8182836117653609,0.7747747747747747,0.043508836990586164,1.2906976744186047,1,0.02
8615,5,0.7479978203773499,0.00023353099822998047,1,27251,2026-07-11,2032,2321,Middleweight,-228.0,228.0,0.6951219512195121,1,5,0.8421052631578947,True,0.7649585504310019,True,a,0.7649585504310019,0.6951219512195121,0.06983659921148977,1.4385964912280702,1,0.02
8617,5,0.4361061453819275,0.0149688720703125,0,45490,2026-07-18,20655,4739,Flyweight,506.0,-506.0,0.16501650165016502,0,5,0.4176829268292683,True,0.12136456250461262,True,b,0.8786354374953874,0.834983498349835,0.04365193914555243,1.1976284584980237,1,0.02
8620,5,0.2290220707654953,0.0517040491104126,0,27581,2026-07-18,884,4667,Flyweight,700.0,-700.0,0.125,3,2,0.23300970873786409,True,0.07732069590677557,True,b,0.9226793040932244,0.875,0.047679304093224406,1.1428571428571428,1,0.02
8621,5,0.37201130390167236,0.0009733438491821289,1,45486,2026-07-18,3986,3017,Welterweight,160.0,-160.0,0.38461538461538464,1,2,0.35802469135802467,True,0.342016889084656,True,b,0.657983110915344,0.6153846153846154,0.042598495530728586,1.625,0,0.02
