row,fold,p_raw,raw_asymmetry,y,fight_id,event_date,fighter_a_id,fighter_b_id,weight_class,odds_a,odds_b,q_mkt,a_n_fights,b_n_fights,p_cal,calibrated,p_blend,blended
4742,0,0.6399542689323425,0.008475661277770996,0,3900,2018-10-27,735,3543,Bantamweight,120.0,-161.0,0.42425227568270485,0,4,0.6399542689323425,False,0.6399542689323425,False
4743,0,0.37292808294296265,0.22231698036193848,0,3901,2018-10-27,2831,3753,Light Heavyweight,185.0,-250.0,0.32941176470588235,20,13,0.37292808294296265,False,0.37292808294296265,False
4744,0,0.4631030559539795,0.11507749557495117,1,3902,2018-10-27,1371,1590,Welterweight,200.0,-250.0,0.3181818181818181,13,9,0.4631030559539795,False,0.4631030559539795,False
4745,0,0.2835557758808136,0.12573790550231934,0,3909,2018-10-27,4893,4345,Lightweight,140.0,-172.0,0.397196261682243,2,8,0.2835557758808136,False,0.2835557758808136,False
4746,0,0.3458986282348633,0.2719324827194214,0,3904,2018-10-27,1305,4065,Lightweight,550.0,-1000.0,0.14473684210526316,5,2,0.3458986282348633,False,0.3458986282348633,False
4747,0,0.572226881980896,0.0566096305847168,1,3905,2018-10-27,781,3707,Featherweight,-227.0,170.0,0.6520906479412704,3,0,0.572226881980896,False,0.572226881980896,False
4748,0,0.45566049218177795,0.009561002254486084,0,3906,2018-10-27,2087,671,Bantamweight,-172.0,140.0,0.6028037383177569,4,2,0.45566049218177795,False,0.45566049218177795,False
4749,0,0.555933952331543,0.012860298156738281,1,3907,2018-10-27,178,445,Lightweight,360.0,-556.0,0.20413243714214588,0,0,0.555933952331543,False,0.555933952331543,False
4750,0,0.5330144762992859,0.004304051399230957,1,3908,2018-10-27,1928,625,Heavyweight,-161.0,130.0,0.5865674006019325,2,2,0.5330144762992859,False,0.5330144762992859,False
4751,0,0.5524956583976746,0.0034307241439819336,0,3897,2018-10-27,589,3269,Light Heavyweight,-175.0,137.0,0.6013048205871693,4,9,0.5524956583976746,False,0.5524956583976746,False
4752,0,0.4837085008621216,0.09145331382751465,1,3889,2018-11-03,553,3998,Middleweight,-290.0,225.0,0.7073170731707317,3,13,0.4837085008621216,False,0.4837085008621216,False
4753,0,0.4961293339729309,0.14577257633209229,1,3885,2018-11-03,4771,3901,Heavyweight,-460.0,315.0,0.7731875253138922,12,15,0.4961293339729309,False,0.4961293339729309,False
4754,0,0.5006183385848999,0.19069838523864746,1,3886,2018-11-03,1417,1664,Middleweight,,,,11,13,0.5006183385848999,False,0.5006183385848999,False
4755,0,0.5435916781425476,0.04185760021209717,1,3887,2018-11-03,774,2304,Middleweight,250.0,-333.0,0.2708789490147013,7,7,0.5435916781425476,False,0.5435916781425476,False
4756,0,0.3207088112831116,0.2112828493118286,0,3888,2018-11-03,1012,4437,Middleweight,265.0,-357.0,0.2596517144399307,4,2,0.3207088112831116,False,0.3207088112831116,False
4757,0,0.29917049407958984,0.07180941104888916,1,3890,2018-11-03,2334,882,Featherweight,240.0,-357.0,0.2735216662676562,3,8,0.29917049407958984,False,0.29917049407958984,False
4758,0,0.6049896478652954,0.042469143867492676,1,3891,2018-11-03,2525,2504,Flyweight,-625.0,450.0,0.8258258258258258,1,3,0.6049896478652954,False,0.6049896478652954,False
4759,0,0.3962540626525879,0.024463295936584473,0,3893,2018-11-03,4055,1412,Welterweight,465.0,-714.0,0.1679008271281533,16,2,0.3962540626525879,False,0.3962540626525879,False
4760,0,0.31525611877441406,0.024043679237365723,0,3895,2018-11-03,2751,1423,Featherweight,250.0,-420.0,0.26130653266331655,2,4,0.31525611877441406,False,0.31525611877441406,False
4761,0,0.32711583375930786,0.19845259189605713,1,3896,2018-11-03,2134,3201,Heavyweight,145.0,-213.0,0.37491764987722354,7,2,0.32711583375930786,False,0.32711583375930786,False
4762,0,0.34252068400382996,0.19369053840637207,1,3892,2018-11-03,4343,1615,Featherweight,215.0,-278.0,0.3015075376884422,2,2,0.34252068400382996,False,0.34252068400382996,False
4763,0,0.5153533220291138,0.0873458981513977,0,3878,2018-11-10,4215,787,Lightweight,-175.0,133.0,0.5972171365800073,1,1,0.5153533220291138,False,0.5153533220291138,False
4764,0,0.3114274740219116,0.07545709609985352,0,3873,2018-11-10,3632,1951,Featherweight,110.0,-139.0,0.45017894142022974,5,7,0.3114274740219116,False,0.3114274740219116,False
4765,0,0.6615517139434814,0.031113386154174805,0,3874,2018-11-10,4150,3250,Welterweight,-213.0,165.0,0.6432845176363325,8,28,0.6615517139434814,False,0.6615517139434814,False
4766,0,0.6354532241821289,0.04252827167510986,0,3875,2018-11-10,4933,4542,Bantamweight,170.0,-220.0,0.35010940919037203,9,5,0.6354532241821289,False,0.6354532241821289,False
4767,0,0.40530717372894287,0.0322108268737793,0,3876,2018-11-10,3519,4002,Lightweight,133.0,-172.0,0.40430465544919436,0,13,0.40530717372894287,False,0.40530717372894287,False
4768,0,0.6149861812591553,0.0439947247505188,1,3877,2018-11-10,2636,1301,Strawweight,-470.0,350.0,0.7877094972067039,0,0,0.6149861812591553,False,0.6149861812591553,False
4769,0,0.4064657986164093,0.05635195970535278,0,3881,2018-11-10,1913,225,Lightweight,550.0,-1000.0,0.14473684210526316,1,3,0.4064657986164093,False,0.4064657986164093,False
4770,0,0.4898453652858734,0.06825065612792969,0,3882,2018-11-10,3697,4231,Lightweight,187.0,-240.0,0.3304821150855366,2,0,0.4898453652858734,False,0.4898453652858734,False
4771,0,0.43624526262283325,0.08671689033508301,0,3883,2018-11-10,3171,3470,Flyweight,120.0,-145.0,0.43439716312056736,2,4,0.43624526262283325,False,0.43624526262283325,False
4772,0,0.471112459897995,0.12112855911254883,0,3884,2018-11-10,1175,1115,Bantamweight,190.0,-278.0,0.31920283735855426,4,2,0.471112459897995,False,0.471112459897995,False
4773,0,0.42831718921661377,0.29639410972595215,1,3879,2018-11-10,946,3733,Strawweight,-161.0,120.0,0.5757477243172953,3,5,0.42831718921661377,False,0.42831718921661377,False
4774,0,0.6002781391143799,0.09795916080474854,1,3865,2018-11-17,900,856,Bantamweight,-333.0,250.0,0.7291210509852988,9,4,0.6002781391143799,False,0.6002781391143799,False
4775,0,0.49140578508377075,0.06675857305526733,0,3866,2018-11-17,2934,101,Strawweight,-180.0,150.0,0.6164383561643836,2,4,0.49140578508377075,False,0.49140578508377075,False
4776,0,0.48538264632225037,0.10559654235839844,1,3862,2018-11-17,342,4399,Featherweight,-185.0,150.0,0.6187290969899665,14,19,0.48538264632225037,False,0.48538264632225037,False
4777,0,0.6025788187980652,0.05779433250427246,0,3863,2018-11-17,4279,189,Light Heavyweight,-175.0,135.0,0.599271402550091,6,0,0.6025788187980652,False,0.6025788187980652,False
4778,0,0.3753393292427063,0.018550872802734375,1,3864,2018-11-17,2939,2496,Middleweight,154.0,-189.0,0.37578342392011027,0,13,0.3753393292427063,False,0.3753393292427063,False
4779,0,0.6740165948867798,0.021647393703460693,0,3861,2018-11-17,1143,1392,Welterweight,175.0,-227.0,0.3437582128777924,19,10,0.6740165948867798,False,0.6740165948867798,False
4780,0,0.612462043762207,0.01728677749633789,1,3868,2018-11-17,3958,891,Flyweight,-357.0,250.0,0.7322004101963082,4,8,0.612462043762207,False,0.612462043762207,False
4781,0,0.45535972714424133,0.17528939247131348,1,3869,2018-11-17,1197,552,Featherweight,185.0,-278.0,0.3229941040758779,2,2,0.45535972714424133,False,0.45535972714424133,False
4782,0,0.44514164328575134,0.12935376167297363,0,3870,2018-11-17,4551,4190,Welterweight,-139.0,-100.0,0.5377176015473888,1,0,0.44514164328575134,False,0.44514164328575134,False
4783,0,0.5788996815681458,0.08610749244689941,1,3871,2018-11-17,2961,622,Lightweight,-240.0,187.0,0.6695178849144635,0,3,0.5788996815681458,False,0.5788996815681458,False
4784,0,0.4053753614425659,0.01263439655303955,0,3872,2018-11-17,3551,581,Featherweight,300.0,-420.0,0.23636363636363636,0,1,0.4053753614425659,False,0.4053753614425659,False
4785,0,0.43690845370292664,0.044341087341308594,1,3867,2018-11-17,1203,191,Welterweight,-145.0,120.0,0.5656028368794326,11,3,0.43690845370292664,False,0.43690845370292664,False
4786,0,0.6245549917221069,0.07035404443740845,1,3853,2018-11-24,4709,3484,Welterweight,-100.0,-145.0,0.45794392523364486,6,2,0.6245549917221069,False,0.6245549917221069,False
4787,0,0.4777280390262604,0.22746288776397705,0,3854,2018-11-24,1941,1265,Flyweight,-400.0,285.0,0.7549019607843138,1,1,0.4777280390262604,False,0.4777280390262604,False
4788,0,0.42203351855278015,0.007299900054931641,1,3850,2018-11-24,3900,1488,Heavyweight,107.0,-139.0,0.45374290433428893,14,0,0.42203351855278015,False,0.42203351855278015,False
4789,0,0.6819116473197937,0.04586756229400635,1,3851,2018-11-24,1200,1342,Bantamweight,-556.0,400.0,0.809080325960419,2,0,0.6819116473197937,False,0.6819116473197937,False
4790,0,0.473488986492157,0.06241261959075928,1,3852,2018-11-24,4109,421,Welterweight,-220.0,162.0,0.64301651048639,10,1,0.473488986492157,False,0.473488986492157,False
4791,0,0.6077824831008911,0.08955693244934082,0,3849,2018-11-24,4325,5091,Heavyweight,-250.0,200.0,0.6818181818181818,7,8,0.6077824831008911,False,0.6077824831008911,False
4792,0,0.31702035665512085,0.11677837371826172,0,3856,2018-11-24,3643,82,Strawweight,400.0,-700.0,0.186046511627907,3,1,0.31702035665512085,False,0.31702035665512085,False
4793,0,0.6069177985191345,0.08217871189117432,1,3857,2018-11-24,5100,2391,Bantamweight,-200.0,150.0,0.625,1,0,0.6069177985191345,False,0.6069177985191345,False
4794,0,0.44248855113983154,0.08870398998260498,0,3858,2018-11-24,887,155,Strawweight,300.0,-455.0,0.23368421052631577,2,2,0.44248855113983154,False,0.44248855113983154,False
4795,0,0.3847048282623291,0.0032684803009033203,0,3859,2018-11-24,2520,1889,Middleweight,400.0,-600.0,0.1891891891891892,1,1,0.3847048282623291,False,0.3847048282623291,False
4796,0,0.41133448481559753,0.012876689434051514,1,3860,2018-11-24,4943,2363,Bantamweight,-189.0,140.0,0.6108268246700781,10,0,0.41133448481559753,False,0.41133448481559753,False
4797,0,0.678446888923645,0.25507497787475586,0,3855,2018-11-24,2894,732,Light Heavyweight,-125.0,-111.0,0.5136319376825706,1,3,0.678446888923645,False,0.678446888923645,False
4798,0,0.229639932513237,0.21327269077301025,0,3836,2018-11-30,4507,392,Welterweight,250.0,-333.0,0.2708789490147013,25,8,0.229639932513237,False,0.229639932513237,False
4799,0,0.7028220891952515,0.029329419136047363,0,3837,2018-11-30,2880,3758,Ultimate Fighter 28 Heavyweight Tournament,150.0,-180.0,0.3835616438356164,0,0,0.7028220891952515,False,0.7028220891952515,False
4800,0,0.48516809940338135,0.008594393730163574,0,3838,2018-11-30,4591,4202,Ultimate Fighter 28 Women's Featherweight Tournament,-115.0,-111.0,0.5041554124246831,0,0,0.48516809940338135,False,0.48516809940338135,False
4801,0,0.6132417321205139,0.15504658222198486,1,3839,2018-11-30,4529,2418,Bantamweight,-333.0,245.0,0.7262698738818472,10,9,0.6132417321205139,False,0.6132417321205139,False
4802,0,0.560133695602417,0.048972249031066895,1,3840,2018-11-30,3888,1233,Middleweight,-120.0,-111.0,0.5090470446320868,0,6,0.560133695602417,False,0.560133695602417,False
4803,0,0.5166971683502197,0.09012556076049805,1,3848,2018-11-30,3499,4736,Bantamweight,-556.0,385.0,0.8043309670106782,1,0,0.5166971683502197,False,0.5166971683502197,False
4804,0,0.34420496225357056,0.004587531089782715,1,3841,2018-11-30,3800,3213,Flyweight,-303.0,225.0,0.7096018735362997,0,3,0.34420496225357056,False,0.34420496225357056,False
4805,0,0.4587203860282898,0.10214245319366455,1,3843,2018-11-30,3661,2586,Flyweight,-100.0,-127.0,0.47193347193347185,15,3,0.4587203860282898,False,0.4587203860282898,False
4806,0,0.4267410635948181,0.019208312034606934,0,3844,2018-11-30,1917,1002,Heavyweight,113.0,-143.0,0.4437626691502767,0,0,0.4267410635948181,False,0.4267410635948181,False
4807,0,0.5469684600830078,0.023004531860351562,1,3845,2018-11-30,2769,1024,Featherweight,-213.0,169.0,0.6467149000530492,0,0,0.5469684600830078,False,0.5469684600830078,False
4808,0,0.4507629871368408,0.0065882205963134766,0,3846,2018-11-30,1936,2891,Lightweight,250.0,-340.0,0.2699386503067484,3,0,0.4507629871368408,False,0.4507629871368408,False
4809,0,0.5366308093070984,0.22918641567230225,0,3847,2018-11-30,540,4115,Welterweight,280.0,-400.0,0.24752475247524752,1,17,0.5366308093070984,False,0.5366308093070984,False
4810,0,0.6663074493408203,0.03191453218460083,0,3842,2018-11-30,3606,1403,Featherweight,-133.0,-100.0,0.533066132264529,5,0,0.6663074493408203,False,0.6663074493408203,False
4811,0,0.4926353394985199,0.0175325870513916,1,3828,2018-12-01,4489,3069,Featherweight,-625.0,450.0,0.8258258258258258,0,0,0.4926353394985199,False,0.4926353394985199,False
4812,0,0.6969693303108215,0.039559125900268555,0,3824,2018-12-01,4548,3625,Heavyweight,127.0,-161.0,0.4166201095024502,3,17,0.6969693303108215,False,0.6969693303108215,False
4813,0,0.3691423535346985,0.14518940448760986,1,3825,2018-12-01,2597,1935,Light Heavyweight,400.0,-556.0,0.1909196740395809,18,5,0.3691423535346985,False,0.3691423535346985,False
4814,0,0.2045353204011917,0.20164382457733154,0,3826,2018-12-01,1757,5062,Heavyweight,-115.0,-111.0,0.5041554124246831,17,3,0.2045353204011917,False,0.2045353204011917,False
4815,0,0.6924251317977905,0.050772905349731445,0,3827,2018-12-01,2938,1583,Welterweight,-152.0,125.0,0.5757575757575758,10,10,0.6924251317977905,False,0.6924251317977905,False
4816,0,0.453374981880188,0.12508702278137207,0,3829,2018-12-01,1741,2058,Light Heavyweight,245.0,-333.0,0.2737301261181528,4,0,0.453374981880188,False,0.453374981880188,False
4817,0,0.41064971685409546,0.03930377960205078,1,3830,2018-12-01,1605,4457,Welterweight,-333.0,240.0,0.7233580373115257,1,20,0.41064971685409546,False,0.41064971685409546,False
4818,0,0.7084107398986816,0.07585561275482178,0,3832,2018-12-01,5054,335,Welterweight,128.0,-172.0,0.40953986991086483,1,9,0.7084107398986816,False,0.7084107398986816,False
4819,0,0.45857176184654236,0.040870606899261475,0,3833,2018-12-01,3808,398,Flyweight,,,,1,0,0.45857176184654236,False,0.45857176184654236,False
4820,0,0.3237733840942383,0.15176260471343994,0,3834,2018-12-01,2275,1369,Lightweight,270.0,-370.0,0.255573681348559,6,4,0.3237733840942383,False,0.3237733840942383,False
4821,0,0.5948868989944458,0.06053280830383301,0,3835,2018-12-01,2644,3004,Lightweight,400.0,-556.0,0.1909196740395809,0,0,0.5948868989944458,False,0.5948868989944458,False
4822,0,0.4071517586708069,0.22091376781463623,1,3831,2018-12-01,808,1626,Flyweight,125.0,-161.0,0.41877256317689526,11,6,0.4071517586708069,False,0.4071517586708069,False
4823,0,0.7411999702453613,0.0314563512802124,1,3815,2018-12-08,4878,5104,Light Heavyweight,-190.0,160.0,0.6301020408163266,16,10,0.7411999702453613,False,0.7411999702453613,False
4824,0,0.7344371676445007,0.028197169303894043,0,3817,2018-12-08,1596,3148,Lightweight,-161.0,109.0,0.5631726053992536,10,9,0.7344371676445007,False,0.7344371676445007,False
4825,0,0.5437843799591064,0.2188718318939209,0,3812,2018-12-08,4796,5097,Flyweight,250.0,-333.0,0.2708789490147013,11,6,0.5437843799591064,False,0.5437843799591064,False
4826,0,0.34379762411117554,0.009520888328552246,1,3813,2018-12-08,3373,2660,Welterweight,-155.0,125.0,0.5776397515527951,10,13,0.34379762411117554,False,0.34379762411117554,False
4827,0,0.3145127296447754,0.07222914695739746,0,3814,2018-12-08,1332,1674,Featherweight,162.0,-200.0,0.3640776699029126,5,2,0.3145127296447754,False,0.3145127296447754,False
4828,0,0.38009047508239746,0.07939445972442627,1,3816,2018-12-08,4861,103,Strawweight,240.0,-333.0,0.27664196268847435,5,8,0.38009047508239746,False,0.38009047508239746,False
4829,0,0.6339675188064575,0.1898491382598877,1,3819,2018-12-08,4695,1141,Middleweight,-161.0,105.0,0.5584129938245496,9,5,0.6339675188064575,False,0.6339675188064575,False
4830,0,0.38042446970939636,0.07492905855178833,1,3818,2018-12-08,4402,2802,Flyweight,,,,9,5,0.38042446970939636,False,0.38042446970939636,False
4831,0,0.5914938449859619,0.08674359321594238,1,3820,2018-12-08,686,1109,Bantamweight,-175.0,135.0,0.599271402550091,1,5,0.5914938449859619,False,0.5914938449859619,False
4832,0,0.5093003511428833,0.1982051134109497,0,3821,2018-12-08,2396,1214,Welterweight,-400.0,300.0,0.7619047619047619,9,6,0.5093003511428833,False,0.5093003511428833,False
4833,0,0.548728883266449,0.07610607147216797,1,3822,2018-12-08,3476,2332,Lightweight,-556.0,400.0,0.809080325960419,6,0,0.548728883266449,False,0.548728883266449,False
4834,0,0.4567996859550476,0.05296206474304199,0,3823,2018-12-08,2595,397,Light Heavyweight,400.0,-625.0,0.18831168831168835,5,2,0.4567996859550476,False,0.4567996859550476,False
4835,0,0.2892807126045227,0.07802212238311768,0,3811,2018-12-08,3223,827,Featherweight,-120.0,-111.0,0.5090470446320868,7,18,0.2892807126045227,False,0.2892807126045227,False
4836,0,0.4002106785774231,0.020122528076171875,0,3803,2018-12-15,2122,4349,Welterweight,-303.0,230.0,0.7127379000641528,0,6,0.4002106785774231,False,0.4002106785774231,False
4837,0,0.20414799451828003,0.07196128368377686,1,3799,2018-12-15,42,3043,Lightweight,275.0,-400.0,0.25,11,13,0.20414799451828003,False,0.20414799451828003,False
4838,0,0.5721557140350342,0.10500288009643555,0,3800,2018-12-15,656,3479,Lightweight,-125.0,-105.0,0.5203045685279188,10,19,0.5721557140350342,False,0.5721557140350342,False
4839,0,0.3512202501296997,0.05490720272064209,1,3801,2018-12-15,1172,4133,Bantamweight,-165.0,130.0,0.5888285492629945,8,12,0.3512202501296997,False,0.3512202501296997,False
4840,0,0.5652763843536377,7.843971252441406e-05,1,3802,2018-12-15,4242,2795,Lightweight,-333.0,250.0,0.7291210509852988,21,30,0.5652763843536377,False,0.5652763843536377,False
4841,0,0.5446380376815796,0.27528470754623413,1,3804,2018-12-15,2743,681,Lightweight,,,,4,9,0.5446380376815796,False,0.5446380376815796,False
4842,0,0.4762284755706787,0.004202485084533691,1,3805,2018-12-15,1169,1823,Lightweight,-105.0,-125.0,0.4796954314720812,4,3,0.4762284755706787,False,0.4762284755706787,False
4843,0,0.638769268989563,0.07926404476165771,1,3807,2018-12-15,1881,2018,Middleweight,-357.0,255.0,0.7349725983704004,9,10,0.638769268989563,False,0.638769268989563,False
4844,0,0.49564146995544434,0.024106204509735107,1,3808,2018-12-15,123,1911,Featherweight,-175.0,145.0,0.6092362344582594,2,0,0.49564146995544434,False,0.49564146995544434,False
4845,0,0.448851615190506,0.059644222259521484,1,3809,2018-12-15,2480,4305,Light Heavyweight,-115.0,-143.0,0.476145851081956,1,3,0.448851615190506,False,0.448851615190506,False
4846,0,0.30935853719711304,0.060172319412231445,0,3810,2018-12-15,3567,332,Heavyweight,375.0,-500.0,0.20168067226890757,3,0,0.30935853719711304,False,0.30935853719711304,False
4847,0,0.42930757999420166,0.002644658088684082,0,3806,2018-12-15,1227,4468,Middleweight,130.0,-161.0,0.4134325993980675,5,6,0.42930757999420166,False,0.42930757999420166,False
4848,0,0.5353899002075195,0.08694148063659668,0,3790,2018-12-29,763,1106,Featherweight,-150.0,110.0,0.5575221238938053,13,5,0.5353899002075195,False,0.5353899002075195,False
4849,0,0.20005610585212708,0.13701921701431274,0,3786,2018-12-29,2293,3839,Light Heavyweight,245.0,-333.0,0.2737301261181528,14,18,0.20005610585212708,False,0.20005610585212708,False
4850,0,0.40642690658569336,0.055916428565979004,0,3787,2018-12-29,3547,2923,Featherweight,-213.0,170.0,0.6475622114626731,5,10,0.40642690658569336,False,0.40642690658569336,False
4851,0,0.6239029169082642,0.04233193397521973,1,3788,2018-12-29,3611,2512,Welterweight,-125.0,-120.0,0.5045871559633028,11,15,0.6239029169082642,False,0.6239029169082642,False
4852,0,0.5921619534492493,0.09172236919403076,1,3789,2018-12-29,2407,1644,Light Heavyweight,110.0,-139.0,0.45017894142022974,12,10,0.5921619534492493,False,0.5921619534492493,False
4853,0,0.5558275580406189,0.03477323055267334,1,3795,2018-12-29,2806,2066,Bantamweight,-129.0,-100.0,0.5297741273100617,1,1,0.5558275580406189,False,0.5558275580406189,False
4854,0,0.8687665462493896,0.027387499809265137,1,3794,2018-12-29,150,2129,Lightweight,-500.0,365.0,0.7948717948717949,2,25,0.8687665462493896,False,0.8687665462493896,False
4855,0,0.4695380926132202,0.039096951484680176,1,3796,2018-12-29,328,3111,Middleweight,130.0,-170.0,0.40847201210287437,13,0,0.4695380926132202,False,0.4695380926132202,False
4856,0,0.41617029905319214,0.011522650718688965,1,3792,2018-12-29,2576,715,Featherweight,110.0,-139.0,0.45017894142022974,1,6,0.41617029905319214,False,0.41617029905319214,False
4857,0,0.4135333299636841,0.08774256706237793,1,3797,2018-12-29,2316,434,Welterweight,-164.0,130.0,0.5882719900187149,2,6,0.4135333299636841,False,0.4135333299636841,False
4858,0,0.3967556059360504,0.02406972646713257,0,3798,2018-12-29,3126,497,Bantamweight,140.0,-180.0,0.39325842696629215,5,1,0.3967556059360504,False,0.3967556059360504,False
4859,0,0.37183478474617004,0.010284185409545898,0,3793,2018-12-29,3454,362,Bantamweight,275.0,-357.0,0.25448976750661284,5,2,0.37183478474617004,False,0.37183478474617004,False
4860,0,0.30668213963508606,0.08262115716934204,1,3773,2019-01-19,2451,3449,Flyweight,185.0,-240.0,0.33203125,9,15,0.30668213963508606,False,0.30668213963508606,False
4861,0,0.5264953374862671,0.032808780670166016,0,3774,2019-01-19,647,2217,Heavyweight,-556.0,360.0,0.7958675628578541,0,1,0.5264953374862671,False,0.5264953374862671,False
4862,0,0.6918718814849854,0.09848546981811523,1,3775,2019-01-19,3316,4097,Lightweight,-556.0,375.0,0.8010312405216865,5,12,0.6918718814849854,False,0.6918718814849854,False
4863,0,0.6801840662956238,0.07040083408355713,1,3776,2019-01-19,3661,996,Flyweight,-240.0,187.0,0.6695178849144635,16,13,0.6801840662956238,False,0.6801840662956238,False
4864,0,0.5540586709976196,0.06363624334335327,1,3777,2019-01-19,3157,2734,Flyweight,-184.0,150.0,0.6182795698924732,7,2,0.5540586709976196,False,0.5540586709976196,False
4865,0,0.6608064770698547,0.016440987586975098,0,3778,2019-01-19,4437,1552,Light Heavyweight,-111.0,-113.0,0.4978941161605526,3,15,0.6608064770698547,False,0.6608064770698547,False
4866,0,0.5230296850204468,0.01554250717163086,0,3779,2019-01-19,1205,3250,Lightweight,-220.0,170.0,0.6498905908096281,2,29,0.5230296850204468,False,0.5230296850204468,False
4867,0,0.545861542224884,0.07764220237731934,0,3780,2019-01-19,510,4391,Flyweight,,,,0,7,0.545861542224884,False,0.545861542224884,False
4868,0,0.49822860956192017,0.037277817726135254,1,3781,2019-01-19,2559,4985,Light Heavyweight,-300.0,200.0,0.6923076923076924,0,0,0.49822860956192017,False,0.49822860956192017,False
4869,0,0.38412243127822876,0.03839683532714844,0,3782,2019-01-19,777,939,Bantamweight,380.0,-625.0,0.1946308724832215,0,2,0.38412243127822876,False,0.38412243127822876,False
4870,0,0.4654155671596527,0.18307995796203613,0,3783,2019-01-19,445,1899,Lightweight,-139.0,-108.0,0.5283239529274176,1,16,0.4654155671596527,False,0.4654155671596527,False
4871,0,0.4743104577064514,0.20399802923202515,0,3784,2019-01-19,2843,3080,Welterweight,162.0,-227.0,0.3547638162605507,7,2,0.4743104577064514,False,0.4743104577064514,False
4872,0,0.47875651717185974,0.012511968612670898,1,3785,2019-01-19,714,2374,Welterweight,130.0,-165.0,0.4111714507370054,1,0,0.47875651717185974,False,0.47875651717185974,False
4873,0,0.35986393690109253,0.031100988388061523,1,3760,2019-02-02,1649,645,Bantamweight,-158.0,125.0,0.5794621026894865,4,13,0.35986393690109253,False,0.35986393690109253,False
4874,0,0.438210666179657,0.058334946632385254,1,3761,2019-02-02,1375,1285,Featherweight,-110.0,-125.0,0.48529411764705876,12,6,0.438210666179657,False,0.438210666179657,False
4875,0,0.4496384859085083,0.466172456741333,0,3762,2019-02-02,1412,3829,Welterweight,162.0,-200.0,0.3640776699029126,3,28,0.4496384859085083,False,0.4496384859085083,False
4876,0,0.6093438863754272,0.19939231872558594,0,3763,2019-02-02,4129,4242,Lightweight,-100.0,-125.0,0.47368421052631576,5,22,0.6093438863754272,False,0.6093438863754272,False
4877,0,0.4489145278930664,0.22623109817504883,0,3764,2019-02-02,4871,189,Light Heavyweight,175.0,-235.0,0.3414012738853503,4,1,0.4489145278930664,False,0.4489145278930664,False
4878,0,0.43910640478134155,0.13662397861480713,1,3771,2019-02-02,4228,222,Bantamweight,125.0,-170.0,0.41379310344827586,1,3,0.43910640478134155,False,0.43910640478134155,False
4879,0,0.3897150158882141,0.03441822528839111,0,3765,2019-02-02,3601,1869,Strawweight,,,,0,1,0.3897150158882141,False,0.3897150158882141,False
4880,0,0.569534420967102,0.0038456320762634277,0,3767,2019-02-02,807,2298,Flyweight,-225.0,162.0,0.644614543466375,0,2,0.569534420967102,False,0.569534420967102,False
4881,0,0.642247200012207,0.05171489715576172,0,3768,2019-02-02,3728,4295,Welterweight,-200.0,155.0,0.6296296296296295,5,24,0.642247200012207,False,0.642247200012207,False
4882,0,0.4635051488876343,0.058922529220581055,1,3769,2019-02-02,1045,1909,Heavyweight,-100.0,-146.0,0.45724907063197023,0,3,0.4635051488876343,False,0.4635051488876343,False
4883,0,0.5469635725021362,0.12399303913116455,0,3770,2019-02-02,2994,3894,Featherweight,-100.0,-139.0,0.4622823984526112,0,0,0.5469635725021362,False,0.5469635725021362,False
4884,0,0.440338671207428,0.08529102802276611,1,3766,2019-02-02,2128,5061,Middleweight,115.0,-161.0,0.42987729556122867,3,0,0.440338671207428,False,0.440338671207428,False
4885,0,0.500795841217041,0.06841540336608887,0,3772,2019-02-02,2530,4008,Flyweight,-400.0,245.0,0.7340425531914894,2,0,0.500795841217041,False,0.500795841217041,False
4886,0,0.13849341869354248,0.10981571674346924,0,3749,2019-02-09,4918,553,Middleweight,400.0,-556.0,0.1909196740395809,22,4,0.13849341869354248,False,0.13849341869354248,False
4887,0,0.4881909489631653,0.0029927492141723633,0,3750,2019-02-09,2292,4496,Lightweight,,,,0,6,0.4881909489631653,False,0.4881909489631653,False
4888,0,0.37236034870147705,0.19734597206115723,0,3751,2019-02-09,575,1387,Bantamweight,-115.0,-111.0,0.5041554124246831,15,2,0.37236034870147705,False,0.37236034870147705,False
4889,0,0.5896631479263306,0.1642627716064453,1,3752,2019-02-09,3739,688,Flyweight,-250.0,200.0,0.6818181818181818,2,1,0.5896631479263306,False,0.5896631479263306,False
4890,0,0.5812942981719971,0.3353288173675537,0,3753,2019-02-09,2738,2058,Light Heavyweight,115.0,-172.0,0.42380803988781557,16,1,0.5812942981719971,False,0.5812942981719971,False
4891,0,0.3402843177318573,0.10140395164489746,0,3754,2019-02-09,276,4231,Lightweight,225.0,-300.0,0.2909090909090909,5,1,0.3402843177318573,False,0.3402843177318573,False
4892,0,0.38617920875549316,0.13402223587036133,0,3755,2019-02-09,1197,4033,Featherweight,300.0,-400.0,0.23809523809523808,3,2,0.38617920875549316,False,0.38617920875549316,False
4893,0,0.5102390050888062,0.05688011646270752,1,3756,2019-02-09,398,372,Flyweight,-278.0,200.0,0.6881188118811881,1,0,0.5102390050888062,False,0.5102390050888062,False
4894,0,0.3951646089553833,0.12298798561096191,0,3757,2019-02-09,1487,71,Bantamweight,285.0,-400.0,0.24509803921568626,8,6,0.3951646089553833,False,0.3951646089553833,False
4895,0,0.2939821481704712,0.1143486499786377,0,3758,2019-02-09,1003,3931,Lightweight,182.0,-250.0,0.3317535545023697,0,1,0.2939821481704712,False,0.2939821481704712,False
4896,0,0.43355119228363037,0.044080376625061035,1,3759,2019-02-09,735,1734,Bantamweight,,,,1,2,0.43355119228363037,False,0.43355119228363037,False
4897,0,0.6797705888748169,0.035161733627319336,0,3742,2019-02-17,3803,692,Featherweight,-150.0,110.0,0.5575221238938053,11,11,0.6797705888748169,False,0.6797705888748169,False
4898,0,0.30453211069107056,0.053313493728637695,1,3738,2019-02-17,137,2373,Lightweight,-110.0,-125.0,0.48529411764705876,11,11,0.30453211069107056,False,0.30453211069107056,False
4899,0,0.6391008496284485,0.14352381229400635,1,3739,2019-02-17,101,3628,Strawweight,-357.0,270.0,0.7429551718319365,5,9,0.6391008496284485,False,0.6391008496284485,False
4900,0,0.5591444969177246,0.0931326150894165,1,3740,2019-02-17,2826,16,Featherweight,-303.0,240.0,0.7188110521909015,0,19,0.5591444969177246,False,0.5591444969177246,False
4901,0,0.7207487225532532,0.017506122589111328,1,3741,2019-02-17,886,3318,Welterweight,-470.0,350.0,0.7877094972067039,9,8,0.7207487225532532,False,0.7207487225532532,False
4902,0,0.6620779633522034,0.07719695568084717,0,3737,2019-02-17,4897,5091,Heavyweight,-210.0,170.0,0.6465222348916762,14,9,0.6620779633522034,False,0.6620779633522034,False
4903,0,0.5246789455413818,0.0061109066009521484,0,3748,2019-02-17,2974,4556,Strawweight,-111.0,-111.0,0.5,2,2,0.5246789455413818,False,0.5246789455413818,False
4904,0,0.6549954414367676,0.07223033905029297,1,3744,2019-02-17,4597,4012,Bantamweight,-200.0,150.0,0.625,2,1,0.6549954414367676,False,0.6549954414367676,False
4905,0,0.5058479309082031,0.157515287399292,1,3745,2019-02-17,3467,4552,Flyweight,-185.0,150.0,0.6187290969899665,1,6,0.5058479309082031,False,0.5058479309082031,False
4906,0,0.5568579435348511,0.09301590919494629,0,3746,2019-02-17,1472,4123,Lightweight,-175.0,135.0,0.599271402550091,7,21,0.5568579435348511,False,0.5568579435348511,False
4907,0,0.550507664680481,0.17008185386657715,0,3747,2019-02-17,1140,1850,Bantamweight,130.0,-161.0,0.4134325993980675,15,5,0.550507664680481,False,0.550507664680481,False
4908,0,0.5642788410186768,0.049399375915527344,1,3743,2019-02-17,1738,3423,Bantamweight,115.0,-139.0,0.4443618109138236,11,7,0.5642788410186768,False,0.5642788410186768,False
4909,0,0.43810251355171204,0.25138819217681885,0,3728,2019-02-23,3231,362,Bantamweight,220.0,-333.0,0.28893634058454554,14,3,0.43810251355171204,False,0.43810251355171204,False
4910,0,0.4874943494796753,0.20607423782348633,0,3727,2019-02-23,2319,3112,Flyweight,125.0,-155.0,0.42236024844720504,4,8,0.4874943494796753,False,0.4874943494796753,False
4911,0,0.4992765188217163,0.05601704120635986,0,3729,2019-02-23,377,2320,Light Heavyweight,175.0,-222.0,0.34530831099195713,0,2,0.4992765188217163,False,0.4992765188217163,False
4912,0,0.5537410974502563,0.109474778175354,0,3725,2019-02-23,2134,4128,Heavyweight,-111.0,-115.0,0.4958445875753168,8,21,0.5537410974502563,False,0.5537410974502563,False
4913,0,0.6751388311386108,0.07672518491744995,1,3724,2019-02-23,4878,3942,Light Heavyweight,-130.0,-100.0,0.5306122448979592,17,10,0.6751388311386108,False,0.6751388311386108,False
4914,0,0.5296354293823242,0.10648250579833984,1,3736,2019-02-23,3004,4835,Lightweight,-333.0,250.0,0.7291210509852988,1,0,0.5296354293823242,False,0.5296354293823242,False
4915,0,0.822353720664978,0.016393303871154785,1,3726,2019-02-23,1800,3753,Light Heavyweight,-220.0,175.0,0.6540540540540539,1,14,0.822353720664978,False,0.822353720664978,False
4916,0,0.42600375413894653,0.29554903507232666,0,3732,2019-02-23,2432,1335,Flyweight,,,,2,3,0.42600375413894653,False,0.42600375413894653,False
4917,0,0.4274140000343323,0.12824714183807373,0,3731,2019-02-23,1839,3707,Featherweight,200.0,-260.0,0.3157894736842105,2,1,0.4274140000343323,False,0.4274140000343323,False
4918,0,0.32378703355789185,0.22318482398986816,1,3735,2019-02-23,3476,1041,Lightweight,110.0,-140.0,0.449438202247191,7,11,0.32378703355789185,False,0.32378703355789185,False
4919,0,0.696953535079956,0.055434226989746094,0,3730,2019-02-23,2774,2122,Welterweight,-170.0,130.0,0.5915279878971256,2,1,0.696953535079956,False,0.696953535079956,False
4920,0,0.4819389879703522,0.13061833381652832,0,3733,2019-02-23,4622,355,Lightweight,-100.0,-144.0,0.4586466165413534,5,4,0.4819389879703522,False,0.4819389879703522,False
4921,0,0.4192548990249634,0.08117473125457764,0,3734,2019-02-23,1203,1195,Welterweight,-470.0,350.0,0.7877094972067039,12,0,0.4192548990249634,False,0.4192548990249634,False
4922,0,0.21427731215953827,0.010075569152832031,0,3717,2019-03-02,1430,2359,Featherweight,225.0,-330.0,0.28618968386023297,29,4,0.21427731215953827,False,0.21427731215953827,False
4923,0,0.8189280033111572,0.19237178564071655,1,3712,2019-03-02,3839,3269,Light Heavyweight,-800.0,450.0,0.830188679245283,19,10,0.8189280033111572,False,0.8189280033111572,False
4924,0,0.5632110834121704,0.039658546447753906,1,3713,2019-03-02,392,5003,Welterweight,165.0,-200.0,0.3614457831325302,9,12,0.5632110834121704,False,0.5632110834121704,False
4925,0,0.4735003709793091,0.27596986293792725,1,3714,2019-03-02,917,4069,Welterweight,-280.0,225.0,0.7054263565891473,0,19,0.4735003709793091,False,0.4735003709793091,False
4926,0,0.5933703184127808,0.019936084747314453,0,3716,2019-03-02,4633,4529,Bantamweight,-178.0,140.0,0.6057855927396483,8,11,0.5933703184127808,False,0.5933703184127808,False
4927,0,0.5029783248901367,0.013057708740234375,1,3715,2019-03-02,82,3830,Strawweight,,,,2,9,0.5029783248901367,False,0.5029783248901367,False
4928,0,0.5892595052719116,0.1157686710357666,0,3718,2019-03-02,4685,189,Light Heavyweight,130.0,-180.0,0.4034582132564841,7,2,0.5892595052719116,False,0.5892595052719116,False
4929,0,0.6017541885375977,0.08419311046600342,0,3720,2019-03-02,604,1349,Welterweight,-252.0,200.0,0.6823104693140795,5,28,0.6017541885375977,False,0.6017541885375977,False
4930,0,0.31743907928466797,0.11678743362426758,0,3721,2019-03-02,4753,3888,Middleweight,125.0,-161.0,0.41877256317689526,2,1,0.31743907928466797,False,0.31743907928466797,False
4931,0,0.4402700662612915,0.3874807357788086,0,3722,2019-03-02,889,4202,Bantamweight,400.0,-556.0,0.1909196740395809,3,1,0.4402700662612915,False,0.4402700662612915,False
4932,0,0.36323970556259155,0.17788338661193848,1,3723,2019-03-02,1301,1884,Strawweight,225.0,-289.0,0.292866553736119,1,2,0.36323970556259155,False,0.36323970556259155,False
4933,0,0.4197920858860016,0.07999926805496216,1,3719,2019-03-02,1086,1180,Bantamweight,-185.0,150.0,0.6187290969899665,4,9,0.4197920858860016,False,0.4197920858860016,False
4934,0,0.31071576476097107,0.023217856884002686,0,3703,2019-03-09,4219,4002,Lightweight,180.0,-227.0,0.33970496571784753,11,14,0.31071576476097107,False,0.31071576476097107,False
4935,0,0.5122188925743103,0.0007060766220092773,1,3705,2019-03-09,1583,4794,Welterweight,-240.0,180.0,0.6640316205533597,11,11,0.5122188925743103,False,0.5122188925743103,False
4936,0,0.6125030517578125,0.14704251289367676,1,3700,2019-03-09,13,2316,Welterweight,-100.0,-139.0,0.4622823984526112,7,3,0.6125030517578125,False,0.6125030517578125,False
4937,0,0.3508063852787018,0.12262886762619019,0,3699,2019-03-09,3901,3625,Heavyweight,180.0,-240.0,0.3359683794466403,16,18,0.3508063852787018,False,0.3508063852787018,False
4938,0,0.6803395748138428,0.096343994140625,1,3702,2019-03-09,1898,1939,Heavyweight,-100.0,-128.0,0.4710743801652893,1,10,0.6803395748138428,False,0.6803395748138428,False
4939,0,0.41779327392578125,0.027301669120788574,0,3704,2019-03-09,2294,3589,Middleweight,132.0,-164.0,0.4096325719960278,23,9,0.41779327392578125,False,0.41779327392578125,False
4940,0,0.49425190687179565,0.04152238368988037,0,3709,2019-03-09,4943,814,Bantamweight,-138.0,-100.0,0.5369649805447471,11,4,0.49425190687179565,False,0.49425190687179565,False
4941,0,0.5380010008811951,0.11165297031402588,1,3706,2019-03-09,3480,3579,Bantamweight,,,,2,9,0.5380010008811951,False,0.5380010008811951,False
4942,0,0.4275256097316742,0.042592763900756836,0,3708,2019-03-09,4407,1002,Heavyweight,-260.0,180.0,0.6691176470588236,0,1,0.4275256097316742,False,0.4275256097316742,False
4943,0,0.6429482698440552,0.10058331489562988,1,3711,2019-03-09,1440,3291,Lightweight,-152.0,115.0,0.5646164478230822,8,1,0.6429482698440552,False,0.6429482698440552,False
4944,0,0.39521679282188416,0.0919923186302185,0,3710,2019-03-09,4349,4709,Welterweight,155.0,-189.0,0.3748621830209482,7,7,0.39521679282188416,False,0.39521679282188416,False
4945,0,0.5893284678459167,0.02135789394378662,1,3701,2019-03-09,2863,4115,Welterweight,165.0,-213.0,0.35671548236366746,7,18,0.5893284678459167,False,0.5893284678459167,False
4946,0,0.5456750392913818,0.02876448631286621,1,3707,2019-03-09,1092,3697,Featherweight,-200.0,150.0,0.625,0,3,0.5456750392913818,False,0.5456750392913818,False
4947,0,0.35227590799331665,0.16659414768218994,0,3692,2019-03-16,2520,1012,Middleweight,111.0,-160.0,0.43507362784471215,2,5,0.35227590799331665,False,0.35227590799331665,False
4948,0,0.6026220321655273,0.05098956823348999,0,3691,2019-03-16,2552,4341,Welterweight,125.0,-160.0,0.4193548387096774,7,3,0.6026220321655273,False,0.6026220321655273,False
4949,0,0.7550088167190552,0.15017712116241455,0,3687,2019-03-16,4375,3927,Welterweight,-225.0,185.0,0.6636481241914618,7,15,0.7550088167190552,False,0.7550088167190552,False
4950,0,0.31489336490631104,0.00335693359375,0,3688,2019-03-16,3373,169,Welterweight,120.0,-150.0,0.4310344827586207,11,10,0.31489336490631104,False,0.31489336490631104,False
4951,0,0.29520541429519653,0.014957070350646973,0,3689,2019-03-16,589,3786,Light Heavyweight,200.0,-265.0,0.3146551724137931,5,4,0.29520541429519653,False,0.29520541429519653,False
4952,0,0.4533286392688751,0.031033754348754883,0,3690,2019-03-16,432,2806,Bantamweight,250.0,-365.0,0.266857962697274,5,2,0.4533286392688751,False,0.4533286392688751,False
4953,0,0.4565414786338806,0.049577951431274414,1,3694,2019-03-16,785,872,Lightweight,155.0,-190.0,0.37443511943189156,6,6,0.4565414786338806,False,0.4565414786338806,False
4954,0,0.36521488428115845,0.19227206707000732,0,3696,2019-03-16,3448,123,Featherweight,117.0,-152.0,0.43310875842155927,2,3,0.36521488428115845,False,0.36521488428115845,False
4955,0,0.23312175273895264,0.06395077705383301,0,3697,2019-03-16,576,2701,Flyweight,155.0,-189.0,0.3748621830209482,1,1,0.23312175273895264,False,0.23312175273895264,False
4956,0,0.6186864972114563,0.05063307285308838,0,3698,2019-03-16,581,1684,Featherweight,-340.0,115.0,0.6242527754056363,2,0,0.6186864972114563,False,0.6186864972114563,False
4957,0,0.23660185933113098,0.16015005111694336,0,3693,2019-03-16,2334,1034,Featherweight,110.0,-151.0,0.44182362260165464,4,4,0.23660185933113098,False,0.23660185933113098,False
4958,0,0.35309478640556335,0.061387062072753906,1,3695,2019-03-16,279,3804,Light Heavyweight,130.0,-170.0,0.40847201210287437,2,0,0.35309478640556335,False,0.35309478640556335,False
4959,0,0.5760549306869507,0.09395182132720947,0,3680,2019-03-23,3534,2636,Flyweight,235.0,-280.0,0.28831562974203334,4,1,0.5760549306869507,False,0.5760549306869507,False
4960,0,0.6103734970092773,0.06916260719299316,0,3675,2019-03-23,3732,2459,Welterweight,-430.0,300.0,0.7644444444444445,13,15,0.6103734970092773,False,0.6103734970092773,False
4961,0,0.3660050630569458,0.10878455638885498,0,3676,2019-03-23,5062,4325,Heavyweight,200.0,-275.0,0.3125,4,8,0.3660050630569458,False,0.3660050630569458,False
4962,0,0.4519112706184387,0.03188323974609375,1,3677,2019-03-23,4032,2961,Lightweight,-310.0,250.0,0.725752508361204,15,1,0.4519112706184387,False,0.4519112706184387,False
4963,0,0.4198874831199646,0.009418129920959473,0,3678,2019-03-23,4866,4335,Flyweight,-170.0,130.0,0.5915279878971256,4,12,0.4198874831199646,False,0.4198874831199646,False
4964,0,0.5862361192703247,0.2956051826477051,1,3679,2019-03-23,4215,3018,Featherweight,-230.0,185.0,0.665144596651446,2,2,0.5862361192703247,False,0.5862361192703247,False
4965,0,0.3702436089515686,0.06493198871612549,0,3682,2019-03-23,318,900,Bantamweight,150.0,-175.0,0.3859649122807018,8,10,0.3702436089515686,False,0.3702436089515686,False
4966,0,0.47769033908843994,0.16721200942993164,1,3683,2019-03-23,697,2003,Flyweight,125.0,-146.0,0.4281984334203655,1,9,0.47769033908843994,False,0.47769033908843994,False
4967,0,0.5414685010910034,0.05738544464111328,1,3684,2019-03-23,3880,1021,Strawweight,132.0,-155.0,0.4149040026033192,10,8,0.5414685010910034,False,0.5414685010910034,False
4968,0,0.4477616250514984,0.12313079833984375,1,3685,2019-03-23,4736,230,Bantamweight,-335.0,260.0,0.7349177330895795,1,0,0.4477616250514984,False,0.4477616250514984,False
4969,0,0.5008724331855774,0.01820451021194458,0,3686,2019-03-23,3470,3159,Flyweight,-140.0,110.0,0.550561797752809,5,0,0.5008724331855774,False,0.5008724331855774,False
4970,0,0.4444800019264221,0.011047720909118652,0,3681,2019-03-23,2671,4747,Featherweight,-155.0,130.0,0.5829926410466066,1,1,0.4444800019264221,False,0.4444800019264221,False
4971,0,0.5906527042388916,0.07077324390411377,0,3666,2019-03-30,1366,1741,Light Heavyweight,-195.0,150.0,0.623003194888179,0,5,0.5906527042388916,False,0.5906527042388916,False
4972,0,0.6722530126571655,0.11765527725219727,1,3668,2019-03-30,2206,3643,Strawweight,-360.0,275.0,0.7458563535911602,1,4,0.6722530126571655,False,0.6722530126571655,False
4973,0,0.2963559329509735,0.09747451543807983,0,3663,2019-03-30,2304,4468,Middleweight,110.0,-170.0,0.43062200956937796,8,7,0.2963559329509735,False,0.2963559329509735,False
4974,0,0.575404703617096,0.05827474594116211,0,3664,2019-03-30,4421,4245,Featherweight,-164.0,120.0,0.5774647887323944,20,6,0.575404703617096,False,0.575404703617096,False
4975,0,0.41442543268203735,0.15608346462249756,1,3665,2019-03-30,3600,2827,Strawweight,125.0,-160.0,0.4193548387096774,6,8,0.41442543268203735,False,0.41442543268203735,False
4976,0,0.5281788110733032,0.14165759086608887,0,3667,2019-03-30,4343,4489,Featherweight,125.0,-152.0,0.4242424242424243,3,1,0.5281788110733032,False,0.5281788110733032,False
4977,0,0.353982150554657,0.19887161254882812,1,3670,2019-03-30,1403,4331,Featherweight,105.0,-139.0,0.45615039603015556,1,6,0.353982150554657,False,0.353982150554657,False
4978,0,0.8609906435012817,0.044150710105895996,1,3669,2019-03-30,4389,1183,Lightweight,-600.0,350.0,0.7941176470588235,5,25,0.8609906435012817,False,0.8609906435012817,False
4979,0,0.5452277064323425,0.13510942459106445,1,3671,2019-03-30,1889,1227,Middleweight,-225.0,180.0,0.6596858638743455,2,6,0.5452277064323425,False,0.5452277064323425,False
4980,0,0.6415614485740662,0.04870760440826416,0,3672,2019-03-30,2628,3892,Bantamweight,-278.0,190.0,0.6807971626414456,8,0,0.6415614485740662,False,0.6415614485740662,False
4981,0,0.5674553513526917,0.09404170513153076,0,3673,2019-03-30,4810,3303,Flyweight,-172.0,140.0,0.6028037383177569,0,6,0.5674553513526917,False,0.5674553513526917,False
4982,0,0.3125033974647522,0.08219945430755615,0,3674,2019-03-30,1115,2586,Bantamweight,275.0,-390.0,0.25096030729833546,3,4,0.3125033974647522,False,0.3125033974647522,False
4983,0,0.4065121114253998,0.11289548873901367,1,3662,2019-03-30,415,3479,Lightweight,-100.0,-125.0,0.47368421052631576,4,20,0.4065121114253998,False,0.4065121114253998,False
4984,0,0.46002089977264404,0.1919150948524475,0,3655,2019-04-13,808,3958,Flyweight,130.0,-170.0,0.40847201210287437,12,5,0.46002089977264404,False,0.46002089977264404,False
4985,0,0.25594040751457214,0.20463109016418457,1,3649,2019-04-13,1820,827,Lightweight,180.0,-227.0,0.33970496571784753,21,19,0.25594040751457214,False,0.25594040751457214,False
4986,0,0.43585264682769775,0.1280653476715088,1,3650,2019-04-13,553,717,Middleweight,-178.0,150.0,0.6154910096818811,5,14,0.43585264682769775,False,0.43585264682769775,False
4987,0,0.44092220067977905,0.08304917812347412,1,3651,2019-04-13,4279,1141,Light Heavyweight,155.0,-189.0,0.3748621830209482,7,6,0.44092220067977905,False,0.44092220067977905,False
4988,0,0.3684258460998535,0.12132394313812256,0,3652,2019-04-13,2249,2122,Welterweight,-100.0,-130.0,0.4693877551020409,11,2,0.3684258460998535,False,0.3684258460998535,False
4989,0,0.49876776337623596,0.0458073616027832,0,3654,2019-04-13,3931,868,Lightweight,-165.0,125.0,0.5834970530451867,2,2,0.49876776337623596,False,0.49876776337623596,False
4990,0,0.6036911010742188,0.270902156829834,1,3658,2019-04-13,2843,2316,Welterweight,-155.0,125.0,0.5776397515527951,8,4,0.6036911010742188,False,0.6036911010742188,False
4991,0,0.6983383893966675,0.10108304023742676,0,3656,2019-04-13,512,3728,Welterweight,-130.0,-100.0,0.5306122448979592,0,6,0.6983383893966675,False,0.6983383893966675,False
4992,0,0.6131686568260193,0.05356955528259277,1,3653,2019-04-13,3146,172,Light Heavyweight,-138.0,-100.0,0.5369649805447471,10,18,0.6131686568260193,False,0.6131686568260193,False
4993,0,0.38767480850219727,0.05369293689727783,0,3659,2019-04-13,3543,497,Bantamweight,400.0,-600.0,0.1891891891891892,5,2,0.38767480850219727,False,0.38767480850219727,False
4994,0,0.5117667317390442,0.16301298141479492,0,3660,2019-04-13,1941,2934,Flyweight,142.0,-175.0,0.39370078740157477,2,3,0.5117667317390442,False,0.5117667317390442,False
4995,0,0.6002770662307739,0.0368955135345459,0,3661,2019-04-13,1793,4924,Bantamweight,150.0,-200.0,0.375,0,4,0.6002770662307739,False,0.6002770662307739,False
4996,0,0.5620346069335938,0.013415813446044922,0,3657,2019-04-13,4246,162,Bantamweight,-175.0,120.0,0.5833333333333334,0,1,0.5620346069335938,False,0.5620346069335938,False
4997,0,0.4250907599925995,0.018498480319976807,0,3638,2019-04-20,1346,3900,Heavyweight,195.0,-250.0,0.32183908045977005,8,15,0.4250907599925995,False,0.4250907599925995,False
4998,0,0.3624744415283203,0.04027831554412842,0,3639,2019-04-20,1482,4117,Lightweight,260.0,-360.0,0.2619589977220957,0,6,0.3624744415283203,False,0.3624744415283203,False
4999,0,0.4201892614364624,0.028261780738830566,1,3640,2019-04-20,1488,625,Heavyweight,-300.0,225.0,0.7090909090909091,1,3,0.4201892614364624,False,0.4201892614364624,False
5000,0,0.588102400302887,0.05061995983123779,0,3641,2019-04-20,3800,2504,Flyweight,-330.0,240.0,0.7229381443298969,1,4,0.588102400302887,False,0.588102400302887,False
5001,0,0.6556342840194702,0.04057729244232178,1,3642,2019-04-20,4910,3345,Middleweight,-235.0,160.0,0.645877378435518,10,0,0.6556342840194702,False,0.6556342840194702,False
5002,0,0.5265453457832336,0.012374043464660645,0,3643,2019-04-20,1258,4085,Featherweight,340.0,-455.0,0.21705123191239736,0,0,0.5265453457832336,False,0.5265453457832336,False
5003,0,0.6150586605072021,0.07557040452957153,1,3644,2019-04-20,2563,335,Welterweight,-125.0,-110.0,0.5147058823529411,3,10,0.6150586605072021,False,0.6150586605072021,False
5004,0,0.6659063100814819,0.058743953704833984,0,3645,2019-04-20,547,503,Lightweight,117.0,-152.0,0.43310875842155927,0,6,0.6659063100814819,False,0.6659063100814819,False
5005,0,0.4273378849029541,0.012642145156860352,1,3646,2019-04-20,232,3156,Heavyweight,109.0,-143.0,0.44844704449406686,6,7,0.4273378849029541,False,0.4273378849029541,False
5006,0,0.3335956633090973,0.03706258535385132,0,3647,2019-04-20,4290,1800,Light Heavyweight,175.0,-220.0,0.3459459459459459,3,2,0.3335956633090973,False,0.3335956633090973,False
5007,0,0.4451574981212616,0.06470894813537598,0,3648,2019-04-20,4050,953,Lightweight,-152.0,112.0,0.5611590972415714,0,3,0.4451574981212616,False,0.4451574981212616,False
5008,0,0.6833679676055908,0.04131174087524414,1,3625,2019-04-27,4468,1417,Middleweight,,,,8,12,0.6833679676055908,False,0.6833679676055908,False
5009,0,0.7827838659286499,0.05017495155334473,1,3626,2019-04-27,647,1560,Heavyweight,-333.0,245.0,0.7262698738818472,1,2,0.7827838659286499,False,0.7827838659286499,False
5010,0,0.5655509233474731,0.057211339473724365,0,3627,2019-04-27,2660,4150,Welterweight,-172.0,140.0,0.6028037383177569,14,9,0.5655509233474731,False,0.5655509233474731,False
5011,0,0.2423480749130249,0.13375067710876465,1,3628,2019-04-27,1552,673,Light Heavyweight,-125.0,-100.0,0.5263157894736842,16,5,0.2423480749130249,False,0.2423480749130249,False
5012,0,0.5078014731407166,0.022136569023132324,0,3629,2019-04-27,803,939,Bantamweight,-155.0,125.0,0.5776397515527951,15,3,0.5078014731407166,False,0.5078014731407166,False
5013,0,0.5955829620361328,0.09542852640151978,0,3637,2019-04-27,1371,1214,Welterweight,-172.0,130.0,0.5925704014379869,14,7,0.5955829620361328,False,0.5955829620361328,False
5014,0,0.5732408761978149,0.050379395484924316,1,3630,2019-04-27,2891,1142,Lightweight,-475.0,350.0,0.7880184331797235,1,0,0.5732408761978149,False,0.5732408761978149,False
5015,0,0.3588854670524597,0.23686480522155762,0,3632,2019-04-27,1289,482,Heavyweight,130.0,-165.0,0.4111714507370054,28,1,0.3588854670524597,False,0.3588854670524597,False
5016,0,0.4231036305427551,0.03873288631439209,0,3633,2019-04-27,358,940,Strawweight,-111.0,-136.0,0.4772280113677767,0,8,0.4231036305427551,False,0.4231036305427551,False
5017,0,0.4433439373970032,0.025643348693847656,0,3634,2019-04-27,4379,3148,Lightweight,200.0,-255.0,0.3169642857142857,0,10,0.4433439373970032,False,0.4433439373970032,False
5018,0,0.4150698781013489,0.2328963279724121,1,3635,2019-04-27,2795,5081,Lightweight,-139.0,104.0,0.542636252296387,31,3,0.4150698781013489,False,0.4150698781013489,False
5019,0,0.5717599391937256,0.19011270999908447,1,3636,2019-04-27,1021,3092,Strawweight,-625.0,420.0,0.8176100628930818,9,2,0.5717599391937256,False,0.5717599391937256,False
5020,0,0.6249028444290161,0.12592458724975586,1,3631,2019-04-27,4638,4055,Welterweight,-240.0,175.0,0.66,0,17,0.6249028444290161,False,0.6249028444290161,False
5021,0,0.31734928488731384,0.16520380973815918,1,3613,2019-05-04,3250,42,Lightweight,110.0,-139.0,0.45017894142022974,30,12,0.31734928488731384,False,0.31734928488731384,False
5022,0,0.5283995866775513,0.12155455350875854,0,3614,2019-05-04,4695,3998,Middleweight,-115.0,-111.0,0.5041554124246831,10,14,0.5283995866775513,False,0.5283995866775513,False
5023,0,0.4523946940898895,0.006747066974639893,0,3615,2019-05-04,2154,1423,Featherweight,140.0,-185.0,0.39094650205761317,16,5,0.4523946940898895,False,0.4523946940898895,False
5024,0,0.3797633647918701,0.11179256439208984,0,3616,2019-05-04,686,4284,Bantamweight,138.0,-172.0,0.3992015968063872,2,3,0.3797633647918701,False,0.3797633647918701,False
5025,0,0.7138749361038208,0.08810341358184814,0,3617,2019-05-04,3278,2224,Heavyweight,140.0,-172.0,0.397196261682243,0,11,0.7138749361038208,False,0.7138749361038208,False
5026,0,0.44070279598236084,0.021377086639404297,0,3618,2019-05-04,1147,1116,Middleweight,140.0,-172.0,0.397196261682243,0,5,0.44070279598236084,False,0.44070279598236084,False
5027,0,0.6040959358215332,0.10181760787963867,1,3619,2019-05-04,4202,2087,Bantamweight,-700.0,450.0,0.8279569892473118,2,5,0.6040959358215332,False,0.6040959358215332,False
5028,0,0.489886075258255,0.4147634506225586,0,3620,2019-05-04,55,1342,Bantamweight,-190.0,150.0,0.6209150326797385,2,1,0.489886075258255,False,0.489886075258255,False
5029,0,0.5255775451660156,0.13220232725143433,0,3621,2019-05-04,2238,405,Welterweight,335.0,-475.0,0.2176999526739233,0,10,0.5255775451660156,False,0.5255775451660156,False
5030,0,0.3158394694328308,0.17544066905975342,0,3622,2019-05-04,2332,3101,Featherweight,156.0,-213.0,0.3646828540802536,1,1,0.3158394694328308,False,0.3158394694328308,False
5031,0,0.4903014302253723,0.08343935012817383,1,3623,2019-05-04,1928,332,Heavyweight,110.0,-146.0,0.4451682953311618,3,1,0.4903014302253723,False,0.4903014302253723,False
5032,0,0.5313365459442139,0.009534358978271484,0,3624,2019-05-04,345,2135,Bantamweight,-125.0,-100.0,0.5263157894736842,7,0,0.5313365459442139,False,0.5313365459442139,False
5033,0,0.4820157289505005,0.027186989784240723,0,3605,2019-05-11,4041,3777,Bantamweight,300.0,-400.0,0.23809523809523808,8,4,0.4820157289505005,False,0.4820157289505005,False
5034,0,0.4176943302154541,0.03776895999908447,0,3601,2019-05-11,141,1518,Strawweight,120.0,-152.0,0.4297407912687586,8,14,0.4176943302154541,False,0.4176943302154541,False
5035,0,0.6460815668106079,0.046236276626586914,1,3602,2019-05-11,774,4918,Middleweight,-135.0,-100.0,0.5346534653465347,8,23,0.6460815668106079,False,0.6460815668106079,False
5036,0,0.5528864860534668,0.11359471082687378,1,3603,2019-05-11,1106,1375,Featherweight,125.0,-152.0,0.4242424242424243,6,13,0.5528864860534668,False,0.5528864860534668,False
5037,0,0.6595553159713745,0.06682920455932617,1,3604,2019-05-11,4190,4295,Welterweight,-100.0,-128.0,0.4710743801652893,1,25,0.6595553159713745,False,0.6595553159713745,False
5038,0,0.15749970078468323,0.07613217830657959,0,3606,2019-05-11,2380,1191,Light Heavyweight,105.0,-140.0,0.4554079696394686,11,1,0.15749970078468323,False,0.15749970078468323,False
5039,0,0.7529773116111755,0.12105143070220947,1,3607,2019-05-11,3519,2751,Lightweight,-135.0,-100.0,0.5346534653465347,1,3,0.7529773116111755,False,0.7529773116111755,False
5040,0,0.7097164392471313,0.31437206268310547,1,3609,2019-05-11,2215,2129,Lightweight,-750.0,475.0,0.8353510895883778,26,26,0.7097164392471313,False,0.7097164392471313,False
5041,0,0.360124796628952,0.07774972915649414,0,3610,2019-05-11,576,3433,Flyweight,150.0,-175.0,0.3859649122807018,2,0,0.360124796628952,False,0.360124796628952,False
5042,0,0.5658669471740723,0.017417430877685547,0,3611,2019-05-11,3120,3499,Bantamweight,600.0,-1100.0,0.1348314606741573,0,2,0.5658669471740723,False,0.5658669471740723,False
5043,0,0.5045648813247681,0.06592053174972534,0,3612,2019-05-11,671,978,Bantamweight,-285.0,240.0,0.7156573116691285,3,0,0.5045648813247681,False,0.5045648813247681,False
5044,0,0.5657141208648682,0.057190775871276855,1,3608,2019-05-11,4071,4794,Welterweight,-152.0,111.0,0.5599944126274619,9,12,0.5657141208648682,False,0.5657141208648682,False
5045,0,0.39194202423095703,0.16054415702819824,0,3592,2019-05-18,4123,4242,Lightweight,300.0,-420.0,0.23636363636363636,22,23,0.39194202423095703,False,0.39194202423095703,False
5046,0,0.4022800624370575,0.060498714447021484,1,3590,2019-05-18,4513,2576,Featherweight,175.0,-220.0,0.3459459459459459,0,2,0.4022800624370575,False,0.4022800624370575,False
5047,0,0.4428412914276123,0.010705828666687012,0,3593,2019-05-18,3497,225,Lightweight,380.0,-555.0,0.1973485989755951,0,4,0.4428412914276123,False,0.4428412914276123,False
5048,0,0.24274663627147675,0.08883440494537354,1,3589,2019-05-18,2939,2963,Middleweight,140.0,-172.0,0.397196261682243,1,10,0.24274663627147675,False,0.24274663627147675,False
5049,0,0.481429785490036,0.2101762294769287,1,3588,2019-05-18,4507,3043,Welterweight,120.0,-155.0,0.4278523489932886,26,14,0.481429785490036,False,0.481429785490036,False
5050,0,0.4153268039226532,0.25135982036590576,1,3599,2019-05-18,1881,3838,Middleweight,140.0,-200.0,0.38461538461538464,10,2,0.4153268039226532,False,0.4153268039226532,False
5051,0,0.2541022300720215,0.023980259895324707,0,3591,2019-05-18,2881,886,Welterweight,700.0,-1250.0,0.11894273127753302,0,10,0.2541022300720215,False,0.2541022300720215,False
5052,0,0.4180752635002136,0.02037060260772705,1,3596,2019-05-18,3905,2552,Welterweight,200.0,-250.0,0.3181818181818181,0,8,0.4180752635002136,False,0.4180752635002136,False
5053,0,0.45051777362823486,0.0821828842163086,0,3595,2019-05-18,3703,4389,Lightweight,550.0,-900.0,0.14598540145985403,0,6,0.45051777362823486,False,0.45051777362823486,False
5054,0,0.5932890176773071,0.0008231401443481445,1,3600,2019-05-18,1615,3697,Featherweight,-833.0,550.0,0.853012997243009,3,4,0.5932890176773071,False,0.5932890176773071,False
5055,0,0.6504650712013245,0.019158601760864258,1,3594,2019-05-18,34,2525,Bantamweight,-333.0,220.0,0.7110636594154544,2,2,0.6504650712013245,False,0.6504650712013245,False
5056,0,0.5491891503334045,0.019565224647521973,0,3597,2019-05-18,787,1092,Featherweight,130.0,-165.0,0.4111714507370054,2,1,0.5491891503334045,False,0.5491891503334045,False
5057,0,0.5369686484336853,0.12944114208221436,1,3598,2019-05-18,2831,2513,Light Heavyweight,200.0,-270.0,0.3135593220338983,21,12,0.5369686484336853,False,0.5369686484336853,False
5058,0,0.653740644454956,0.03550976514816284,0,3576,2019-06-01,2293,3269,Light Heavyweight,-335.0,250.0,0.7293934681181959,15,11,0.653740644454956,False,0.653740644454956,False
5059,0,0.7285744547843933,0.045336246490478516,1,3577,2019-06-01,397,5104,Light Heavyweight,-260.0,187.0,0.6745615621045019,3,11,0.7285744547843933,False,0.7285744547843933,False
5060,0,0.6161168813705444,0.14477324485778809,1,3578,2019-06-01,4172,3707,Featherweight,-130.0,-100.0,0.5306122448979592,5,2,0.6161168813705444,False,0.6161168813705444,False
5061,0,0.514998197555542,0.08829808235168457,0,3579,2019-06-01,355,1369,Lightweight,-172.0,133.0,0.5956953445508056,5,5,0.514998197555542,False,0.514998197555542,False
5062,0,0.6024200916290283,0.05929434299468994,0,3580,2019-06-01,2825,1839,Featherweight,-152.0,108.0,0.556462968177978,0,3,0.6024200916290283,False,0.6024200916290283,False
5063,0,0.4961591064929962,0.07999014854431152,0,3581,2019-06-01,1493,4499,Welterweight,125.0,-164.0,0.4170616113744075,0,0,0.4961591064929962,False,0.4961591064929962,False
5064,0,0.6311246156692505,0.11641716957092285,1,3582,2019-06-01,495,2603,Bantamweight,250.0,-400.0,0.26315789473684204,5,2,0.6311246156692505,False,0.6311246156692505,False
5065,0,0.6099041104316711,0.08885204792022705,0,3583,2019-06-01,4345,4428,Lightweight,130.0,-175.0,0.4059040590405904,9,6,0.6099041104316711,False,0.6099041104316711,False
5066,0,0.3929334878921509,0.045536041259765625,1,3584,2019-06-01,97,5006,Lightweight,-130.0,-100.0,0.5306122448979592,4,7,0.3929334878921509,False,0.3929334878921509,False
5067,0,0.5805648565292358,0.06820178031921387,0,3585,2019-06-01,2698,4057,Bantamweight,-100.0,-125.0,0.47368421052631576,0,0,0.5805648565292358,False,0.5805648565292358,False
5068,0,0.5287617444992065,0.2499082088470459,1,3586,2019-06-01,2595,1337,Light Heavyweight,-111.0,-125.0,0.4863680623174294,6,1,0.5287617444992065,False,0.5287617444992065,False
5069,0,0.531501293182373,0.06094372272491455,0,3587,2019-06-01,879,4835,Lightweight,-115.0,-117.0,0.49800439034124927,0,1,0.531501293182373,False,0.531501293182373,False
5070,0,0.3018612265586853,0.11526155471801758,0,3564,2019-06-08,4402,5097,Flyweight,700.0,-1500.0,0.11764705882352941,10,7,0.3018612265586853,False,0.3018612265586853,False
5071,0,0.27941563725471497,0.2154700756072998,0,3569,2019-06-08,4529,1738,Bantamweight,140.0,-172.0,0.397196261682243,12,12,0.27941563725471497,False,0.27941563725471497,False
5072,0,0.6058185696601868,0.029860854148864746,1,3563,2019-06-08,2451,1649,Bantamweight,136.0,-165.0,0.4049511002444988,10,5,0.6058185696601868,False,0.6058185696601868,False
5073,0,0.23040568828582764,0.18762028217315674,0,3565,2019-06-08,3250,3525,Lightweight,175.0,-220.0,0.3459459459459459,31,15,0.23040568828582764,False,0.23040568828582764,False
5074,0,0.5875160694122314,0.08574891090393066,1,3566,2019-06-08,362,3423,Bantamweight,-360.0,275.0,0.7458563535911602,4,8,0.5875160694122314,False,0.5875160694122314,False
5075,0,0.7535960674285889,0.09232449531555176,0,3567,2019-06-08,4548,1898,Heavyweight,-172.0,140.0,0.6028037383177569,4,2,0.7535960674285889,False,0.7535960674285889,False
5076,0,0.4768916964530945,0.09902465343475342,0,3570,2019-06-08,2827,2289,Strawweight,-106.0,-125.0,0.4808467741935484,9,4,0.4768916964530945,False,0.4768916964530945,False
5077,0,0.414612352848053,0.009147047996520996,1,3571,2019-06-08,781,342,Featherweight,-175.0,137.0,0.6013048205871693,4,15,0.414612352848053,False,0.414612352848053,False
5078,0,0.4422163963317871,0.023369669914245605,0,3572,2019-06-08,1021,155,Strawweight,180.0,-255.0,0.33208606173994387,10,3,0.4422163963317871,False,0.4422163963317871,False
5079,0,0.5289613008499146,0.05405163764953613,0,3573,2019-06-08,3111,1233,Middleweight,-180.0,150.0,0.6164383561643836,1,7,0.5289613008499146,False,0.5289613008499146,False
5080,0,0.580411434173584,0.06551218032836914,1,3575,2019-06-08,2802,4391,Flyweight,,,,6,8,0.580411434173584,False,0.580411434173584,False
5081,0,0.3033011555671692,0.19669604301452637,0,3568,2019-06-08,4861,2250,Strawweight,500.0,-800.0,0.15789473684210525,6,4,0.3033011555671692,False,0.3033011555671692,False
5082,0,0.48171472549438477,0.1476536989212036,1,3574,2019-06-08,999,1038,Bantamweight,-161.0,130.0,0.5865674006019325,12,0,0.48171472549438477,False,0.48171472549438477,False
5083,0,0.4417709708213806,0.010967135429382324,0,3557,2019-06-22,1403,123,Featherweight,-145.0,120.0,0.5656028368794326,2,4,0.4417709708213806,False,0.4417709708213806,False
5084,0,0.4819810390472412,0.003959178924560547,0,3555,2019-06-22,3739,3467,Flyweight,150.0,-185.0,0.3812709030100334,3,2,0.4819810390472412,False,0.4819810390472412,False
5085,0,0.6610541343688965,0.005491495132446289,0,3552,2019-06-22,1285,3632,Featherweight,-230.0,175.0,0.6571428571428573,7,6,0.6610541343688965,False,0.6610541343688965,False
5086,0,0.4028577506542206,0.12482333183288574,0,3553,2019-06-22,3318,1933,Welterweight,-250.0,195.0,0.6781609195402298,9,7,0.4028577506542206,False,0.4028577506542206,False
5087,0,0.4998476505279541,0.10061192512512207,1,3554,2019-06-22,2066,3551,Bantamweight,-140.0,-100.0,0.5384615384615384,2,1,0.4998476505279541,False,0.4998476505279541,False
5088,0,0.6916521191596985,0.04428064823150635,1,3559,2019-06-22,4215,4340,Lightweight,-400.0,295.0,0.7596153846153846,3,15,0.6916521191596985,False,0.6916521191596985,False
5089,0,0.5010741353034973,0.11266523599624634,1,3560,2019-06-22,1045,2217,Heavyweight,-250.0,190.0,0.6744186046511629,1,2,0.5010741353034973,False,0.5010741353034973,False
5090,0,0.4181140065193176,0.06345474720001221,1,3561,2019-06-22,2701,510,Flyweight,,,,2,1,0.4181140065193176,False,0.4181140065193176,False
5091,0,0.5098180174827576,0.006693005561828613,0,3558,2019-06-22,887,946,Strawweight,-100.0,-143.0,0.4593572778827977,3,4,0.5098180174827576,False,0.5098180174827576,False
5092,0,0.4183676838874817,0.009669303894042969,0,3562,2019-06-22,620,1785,Middleweight,250.0,-360.0,0.26744186046511625,6,0,0.4183676838874817,False,0.4183676838874817,False
5093,0,0.600096583366394,0.19516515731811523,1,3556,2019-06-22,1889,3429,Middleweight,-230.0,184.0,0.6643612693246542,3,5,0.600096583366394,False,0.600096583366394,False
5094,0,0.45477792620658875,0.09493148326873779,1,3540,2019-06-29,5091,3625,Heavyweight,-227.0,175.0,0.6562417871222076,10,19,0.45477792620658875,False,0.45477792620658875,False
5095,0,0.41123324632644653,0.058080434799194336,0,3541,2019-06-29,4335,3661,Flyweight,105.0,-139.0,0.45615039603015556,13,17,0.41123324632644653,False,0.41123324632644653,False
5096,0,0.5419380068778992,0.21153128147125244,0,3542,2019-06-29,1583,3829,Welterweight,150.0,-190.0,0.3790849673202614,12,29,0.5419380068778992,False,0.5419380068778992,False
5097,0,0.25999343395233154,0.0433499813079834,1,3543,2019-06-29,1014,2891,Lightweight,205.0,-278.0,0.30834488946896155,6,2,0.25999343395233154,False,0.25999343395233154,False
5098,0,0.6772468090057373,0.08842349052429199,1,3544,2019-06-29,4219,4622,Lightweight,-450.0,275.0,0.7541899441340781,12,6,0.6772468090057373,False,0.6772468090057373,False
5099,0,0.4336358904838562,0.07031238079071045,0,3545,2019-06-29,1741,2559,Light Heavyweight,225.0,-370.0,0.28101644245142,6,1,0.4336358904838562,False,0.4336358904838562,False
5100,0,0.7274824380874634,0.045488834381103516,1,3546,2019-06-29,222,1497,Bantamweight,-410.0,250.0,0.7377892030848329,4,0,0.7274824380874634,False,0.7274824380874634,False
5101,0,0.3233284056186676,0.19283390045166016,0,3547,2019-06-29,4985,1141,Light Heavyweight,240.0,-357.0,0.2735216662676562,1,7,0.3233284056186676,False,0.3233284056186676,False
5102,0,0.6864523887634277,0.05512189865112305,1,3548,2019-06-29,1823,3291,Lightweight,-357.0,275.0,0.7455102324933872,4,2,0.6864523887634277,False,0.6864523887634277,False
5103,0,0.4772194027900696,0.05557459592819214,1,3549,2019-06-29,4053,2594,Light Heavyweight,-500.0,300.0,0.7692307692307692,0,0,0.4772194027900696,False,0.4772194027900696,False
5104,0,0.5600858330726624,0.03996610641479492,0,3550,2019-06-29,4556,1693,Strawweight,-195.0,155.0,0.627642789523509,3,0,0.5600858330726624,False,0.5600858330726624,False
5105,0,0.43644094467163086,0.24598169326782227,1,3551,2019-06-29,1002,1909,Heavyweight,-125.0,-111.0,0.5136319376825706,2,4,0.43644094467163086,False,0.43644094467163086,False
5106,0,0.34108471870422363,0.09402883052825928,0,3532,2019-07-06,1349,3611,Welterweight,315.0,-556.0,0.22136734831612337,29,12,0.34108471870422363,False,0.34108471870422363,False
5107,0,0.12800467014312744,0.03827095031738281,0,3528,2019-07-06,4878,3839,Light Heavyweight,400.0,-670.0,0.18689320388349517,18,20,0.12800467014312744,False,0.12800467014312744,False
5108,0,0.8461045622825623,0.016909360885620117,1,3529,2019-07-06,2923,4417,Bantamweight,-400.0,300.0,0.7619047619047619,11,9,0.8461045622825623,False,0.8461045622825623,False
5109,0,0.7760206460952759,0.11787194013595581,1,3530,2019-07-06,3927,917,Welterweight,168.0,-227.0,0.34959801573725624,16,1,0.7760206460952759,False,0.7760206460952759,False
5110,0,0.4452682435512543,0.05235481262207031,1,3531,2019-07-06,3942,2030,Light Heavyweight,200.0,-278.0,0.3118811881188118,11,9,0.4452682435512543,False,0.4452682435512543,False
5111,0,0.9215230941772461,0.016913533210754395,1,3533,2019-07-06,1034,3862,Featherweight,-357.0,260.0,0.7376879807140396,5,6,0.9215230941772461,False,0.9215230941772461,False
5112,0,0.35223546624183655,0.012928009033203125,0,3534,2019-07-06,4235,900,Bantamweight,350.0,-470.0,0.2122905027932961,0,11,0.35223546624183655,False,0.35223546624183655,False
5113,0,0.41745561361312866,0.1545020341873169,0,3536,2019-07-06,1180,1200,Bantamweight,169.0,-225.0,0.3493684493415748,10,3,0.41745561361312866,False,0.41745561361312866,False
5114,0,0.6190412044525146,0.027594923973083496,1,3537,2019-07-06,3888,1012,Middleweight,-800.0,450.0,0.830188679245283,2,6,0.6190412044525146,False,0.6190412044525146,False
5115,0,0.3316890001296997,0.03617537021636963,1,3538,2019-07-06,714,1195,Welterweight,400.0,-600.0,0.1891891891891892,2,1,0.3316890001296997,False,0.3316890001296997,False
5116,0,0.5335342884063721,0.0647575855255127,0,3539,2019-07-06,4591,4525,Bantamweight,187.0,-250.0,0.3278688524590164,1,0,0.5335342884063721,False,0.5335342884063721,False
5117,0,0.41710731387138367,0.014051973819732666,0,3535,2019-07-06,3880,103,Strawweight,170.0,-227.0,0.34790935205872964,11,9,0.41710731387138367,False,0.41710731387138367,False
5118,0,0.46533697843551636,0.008862972259521484,0,3519,2019-07-13,1577,4437,Middleweight,175.0,-220.0,0.3459459459459459,0,4,0.46533697843551636,False,0.46533697843551636,False
5119,0,0.8225415945053101,0.03827399015426636,0,3517,2019-07-13,1387,241,Bantamweight,-357.0,275.0,0.7455102324933872,3,16,0.8225415945053101,False,0.8225415945053101,False
5120,0,0.669980525970459,0.16605746746063232,0,3518,2019-07-13,1748,4245,Featherweight,-170.0,137.0,0.5987516718680339,7,7,0.669980525970459,False,0.669980525970459,False
5121,0,0.540033221244812,0.03223860263824463,1,3520,2019-07-13,3725,2496,Middleweight,-220.0,162.0,0.64301651048639,5,14,0.540033221244812,False,0.540033221244812,False
5122,0,0.4515624940395355,0.02881711721420288,0,3516,2019-07-13,34,4542,Bantamweight,-139.0,-109.0,0.5272222423868462,3,6,0.4515624940395355,False,0.4515624940395355,False
5123,0,0.39481866359710693,0.10174429416656494,0,3522,2019-07-13,4343,692,Featherweight,125.0,-160.0,0.4193548387096774,4,12,0.39481866359710693,False,0.39481866359710693,False
5124,0,0.6895338296890259,0.0059566497802734375,1,3524,2019-07-13,150,4399,Featherweight,-115.0,-125.0,0.490521327014218,3,20,0.6895338296890259,False,0.6895338296890259,False
5125,0,0.46389901638031006,0.14584505558013916,1,3525,2019-07-13,735,5100,Bantamweight,150.0,-220.0,0.36781609195402304,2,2,0.46389901638031006,False,0.46389901638031006,False
5126,0,0.5403474569320679,0.11166441440582275,1,3527,2019-07-13,4012,1342,Bantamweight,-105.0,-125.0,0.4796954314720812,2,2,0.5403474569320679,False,0.5403474569320679,False
5127,0,0.6705312728881836,0.1710721254348755,1,3523,2019-07-13,2311,4455,Bantamweight,-250.0,170.0,0.6585365853658537,5,1,0.6705312728881836,False,0.6705312728881836,False
5128,0,0.44902753829956055,0.05941200256347656,1,3526,2019-07-13,4016,1869,Strawweight,,,,0,2,0.44902753829956055,False,0.44902753829956055,False
5129,0,0.6375185251235962,0.04221177101135254,0,3508,2019-07-20,1939,1289,Heavyweight,-189.0,147.0,0.6176388870513211,11,29,0.6375185251235962,False,0.6375185251235962,False
5130,0,0.5709983110427856,0.05422711372375488,1,3504,2019-07-20,2224,1346,Heavyweight,-164.0,130.0,0.5882719900187149,12,9,0.5709983110427856,False,0.5709983110427856,False
5131,0,0.5247085094451904,0.026446521282196045,0,3505,2019-07-20,332,647,Heavyweight,-115.0,-114.0,0.5010179153094463,2,2,0.5247085094451904,False,0.5247085094451904,False
5132,0,0.5009477734565735,0.019324779510498047,1,3506,2019-07-20,656,2373,Lightweight,-143.0,105.0,0.5467686281824116,11,12,0.5009477734565735,False,0.5009477734565735,False
5133,0,0.2678765654563904,0.16926872730255127,0,3507,2019-07-20,1776,1205,Lightweight,182.0,-250.0,0.3317535545023697,18,3,0.2678765654563904,False,0.2678765654563904,False
5134,0,0.47543957829475403,0.13171303272247314,0,3514,2019-07-20,2687,777,Bantamweight,-189.0,-170.0,0.5094848242811502,1,1,0.47543957829475403,False,0.47543957829475403,False
5135,0,0.39441031217575073,0.0034835338592529297,0,3503,2019-07-20,4507,169,Welterweight,-110.0,-125.0,0.48529411764705876,27,11,0.39441031217575073,False,0.39441031217575073,False
5136,0,0.3403438329696655,0.1287994384765625,0,3510,2019-07-20,3777,4933,Bantamweight,-152.0,113.0,0.5623176323468112,5,10,0.3403438329696655,False,0.3403438329696655,False
5137,0,0.5623774528503418,0.07439112663269043,1,3511,2019-07-20,377,2738,Light Heavyweight,-175.0,145.0,0.6092362344582594,1,17,0.5623774528503418,False,0.5623774528503418,False
5138,0,0.5159999132156372,0.1791532039642334,1,3512,2019-07-20,697,2504,Flyweight,-143.0,110.0,0.552733296521259,2,5,0.5159999132156372,False,0.5159999132156372,False
5139,0,0.3619948625564575,0.015139579772949219,0,3513,2019-07-20,865,2628,Bantamweight,140.0,-189.0,0.38917317532992185,0,9,0.3619948625564575,False,0.3619948625564575,False
5140,0,0.4818912744522095,0.03556215763092041,1,3515,2019-07-20,2994,4466,Bantamweight,275.0,-400.0,0.25,1,0,0.4818912744522095,False,0.4818912744522095,False
5141,0,0.6126731634140015,0.035956382751464844,0,3509,2019-07-20,3018,16,Featherweight,-105.0,-125.0,0.4796954314720812,3,20,0.6126731634140015,False,0.6126731634140015,False
5142,0,0.6725314855575562,0.13900935649871826,1,3496,2019-07-27,4910,1147,Middleweight,-190.0,145.0,0.6161482461945731,11,1,0.6725314855575562,False,0.6725314855575562,False
5143,0,0.3057177662849426,0.12366914749145508,0,3492,2019-07-27,370,827,Featherweight,270.0,-357.0,0.25704482816806346,24,20,0.3057177662849426,False,0.3057177662849426,False
5144,0,0.5767353177070618,0.19064652919769287,1,3493,2019-07-27,3547,4513,Featherweight,-500.0,315.0,0.7757009345794392,6,1,0.5767353177070618,False,0.5767353177070618,False
5145,0,0.5398786664009094,0.06040596961975098,1,3494,2019-07-27,3080,2863,Welterweight,-357.0,275.0,0.7455102324933872,3,8,0.5398786664009094,False,0.5398786664009094,False
5146,0,0.4351734519004822,0.11887621879577637,1,3495,2019-07-27,1482,1596,Lightweight,-172.0,140.0,0.6028037383177569,1,11,0.4351734519004822,False,0.4351734519004822,False
5147,0,0.5736981630325317,0.28035497665405273,1,3497,2019-07-27,978,2003,Flyweight,-190.0,146.0,0.6171111697913916,1,10,0.5736981630325317,False,0.5736981630325317,False
5148,0,0.32635411620140076,0.1917428970336914,1,3499,2019-07-27,4641,1258,Featherweight,-100.0,-140.0,0.46153846153846145,2,1,0.32635411620140076,False,0.32635411620140076,False
5149,0,0.5590673685073853,0.08064734935760498,0,3500,2019-07-27,3958,4866,Flyweight,-140.0,-100.0,0.5384615384615384,6,5,0.5590673685073853,False,0.5590673685073853,False
5150,0,0.4723644256591797,0.05617332458496094,0,3501,2019-07-27,3601,1335,Flyweight,110.0,-152.0,0.4411764705882353,1,4,0.4723644256591797,False,0.4723644256591797,False
5151,0,0.4744657576084137,0.1123361587524414,0,3502,2019-07-27,2374,3972,Welterweight,-125.0,-140.0,0.48780487804878053,1,9,0.4744657576084137,False,0.4744657576084137,False
5152,0,0.4481815695762634,0.036359310150146484,0,3498,2019-07-27,2125,1674,Featherweight,300.0,-550.0,0.22807017543859648,0,3,0.4481815695762634,False,0.4481815695762634,False
5153,0,0.6063382625579834,0.016353964805603027,1,3484,2019-08-03,1472,276,Lightweight,-455.0,320.0,0.7749391727493917,8,6,0.6063382625579834,False,0.6063382625579834,False
5154,0,0.3268451690673828,0.32684826850891113,0,3480,2019-08-03,4069,1005,Welterweight,250.0,-333.0,0.2708789490147013,20,10,0.3268451690673828,False,0.3268451690673828,False
5155,0,0.5333529710769653,0.05148959159851074,0,3481,2019-08-03,2215,2795,Lightweight,130.0,-161.0,0.4134325993980675,27,32,0.5333529710769653,False,0.5333529710769653,False
5156,0,0.6491049528121948,0.08601582050323486,1,3482,2019-08-03,4065,1169,Lightweight,-380.0,270.0,0.7454931071049841,3,5,0.6491049528121948,False,0.6491049528121948,False
5157,0,0.40976178646087646,0.02886676788330078,1,3483,2019-08-03,1227,3838,Middleweight,140.0,-172.0,0.397196261682243,7,3,0.40976178646087646,False,0.40976178646087646,False
5158,0,0.603567361831665,0.09056615829467773,1,3485,2019-08-03,1366,1337,Light Heavyweight,-103.0,-139.0,0.4659310292614604,1,2,0.603567361831665,False,0.603567361831665,False
5159,0,0.4109954237937927,0.005325913429260254,1,3486,2019-08-03,604,5054,Welterweight,-100.0,-125.0,0.47368421052631576,6,2,0.4109954237937927,False,0.4109954237937927,False
5160,0,0.5163639783859253,0.1298835277557373,0,3488,2019-08-03,3159,814,Flyweight,-160.0,110.0,0.5637583892617449,1,5,0.5163639783859253,False,0.5163639783859253,False
5161,0,0.6462016701698303,0.08819186687469482,0,3489,2019-08-03,2298,2548,Flyweight,-220.0,175.0,0.6540540540540539,3,6,0.6462016701698303,False,0.6462016701698303,False
5162,0,0.32507070899009705,0.08999484777450562,0,3490,2019-08-03,3378,4341,Welterweight,380.0,-555.0,0.1973485989755951,0,4,0.32507070899009705,False,0.32507070899009705,False
5163,0,0.5136613845825195,0.03523707389831543,1,3491,2019-08-03,694,1267,Flyweight,-110.0,-139.0,0.47386445565969726,0,0,0.5136613845825195,False,0.5136613845825195,False
5164,0,0.6710152626037598,0.11123383045196533,0,3487,2019-08-03,2319,3800,Flyweight,120.0,-160.0,0.4248366013071895,5,2,0.6710152626037598,False,0.6710152626037598,False
5165,0,0.3577578663825989,0.08257043361663818,0,3467,2019-08-10,3112,5097,Flyweight,700.0,-1250.0,0.11894273127753302,9,8,0.3577578663825989,False,0.3577578663825989,False
5166,0,0.4304322600364685,0.0035009384155273438,0,3468,2019-08-10,4150,886,Welterweight,197.0,-250.0,0.32036613272311215,10,11,0.4304322600364685,False,0.4304322600364685,False
5167,0,0.4184585511684418,0.0527951717376709,1,3469,2019-08-10,3013,552,Featherweight,,,,0,3,0.4184585511684418,False,0.4184585511684418,False
5168,0,0.3937658667564392,0.16499614715576172,1,3470,2019-08-10,589,1644,Light Heavyweight,-190.0,150.0,0.6209150326797385,6,11,0.3937658667564392,False,0.3937658667564392,False
5169,0,0.3503955006599426,0.0458751916885376,1,3471,2019-08-10,3444,4987,Middleweight,-225.0,175.0,0.6556291390728477,0,3,0.3503955006599426,False,0.3503955006599426,False
5170,0,0.45478349924087524,0.03725278377532959,1,3479,2019-08-10,2432,1884,Flyweight,,,,3,3,0.45478349924087524,False,0.45478349924087524,False
5171,0,0.329635351896286,0.05695843696594238,0,3472,2019-08-10,2671,4331,Featherweight,137.0,-165.0,0.40393262708635014,2,7,0.329635351896286,False,0.329635351896286,False
5172,0,0.5044679641723633,0.0002301931381225586,0,3474,2019-08-10,2118,3477,Heavyweight,350.0,-520.0,0.20945945945945946,0,0,0.5044679641723633,False,0.5044679641723633,False
5173,0,0.4191683530807495,0.012158036231994629,1,3475,2019-08-10,2206,3830,Strawweight,,,,2,10,0.4191683530807495,False,0.4191683530807495,False
5174,0,0.3781329393386841,0.0891420841217041,1,3476,2019-08-10,4008,372,Flyweight,-111.0,-125.0,0.4863680623174294,1,1,0.3781329393386841,False,0.3781329393386841,False
5175,0,0.45114901661872864,0.06103110313415527,0,3477,2019-08-10,3894,4736,Bantamweight,-177.0,125.0,0.5897815623843021,1,2,0.45114901661872864,False,0.45114901661872864,False
5176,0,0.6063842177391052,0.04927623271942139,1,3478,2019-08-10,547,627,Lightweight,,,,1,0,0.6063842177391052,False,0.6063842177391052,False
5177,0,0.6205159425735474,0.01605767011642456,1,3473,2019-08-10,3148,1605,Welterweight,110.0,-140.0,0.449438202247191,11,2,0.6205159425735474,False,0.6205159425735474,False
5178,0,0.37107473611831665,0.05328941345214844,0,3459,2019-08-17,2939,3998,Middleweight,-161.0,130.0,0.5865674006019325,2,15,0.37107473611831665,False,0.37107473611831665,False
5179,0,0.6624950170516968,0.1663886308670044,1,3455,2019-08-17,4419,4771,Heavyweight,110.0,-146.0,0.4451682953311618,15,13,0.6624950170516968,False,0.6624950170516968,False
5180,0,0.5067212581634521,0.006367921829223633,1,3456,2019-08-17,1768,2459,Welterweight,-100.0,-139.0,0.4622823984526112,23,16,0.5067212581634521,False,0.5067212581634521,False
5181,0,0.4584420919418335,0.25481534004211426,0,3457,2019-08-17,2271,2159,Middleweight,-165.0,130.0,0.5888285492629945,11,4,0.4584420919418335,False,0.4584420919418335,False
5182,0,0.5507109761238098,0.02884495258331299,0,3458,2019-08-17,4424,4489,Featherweight,235.0,-303.0,0.28419308204929306,7,2,0.5507109761238098,False,0.5507109761238098,False
5183,0,0.29757755994796753,0.06744039058685303,1,3460,2019-08-17,982,4231,Lightweight,600.0,-1200.0,0.13402061855670103,0,2,0.29757755994796753,False,0.29757755994796753,False
5184,0,0.5389631986618042,0.266343355178833,0,3461,2019-08-17,645,939,Bantamweight,200.0,-260.0,0.3157894736842105,14,4,0.5389631986618042,False,0.5389631986618042,False
5185,0,0.5392642021179199,0.047083377838134766,0,3463,2019-08-17,4597,3892,Catch Weight,-172.0,140.0,0.6028037383177569,3,1,0.5392642021179199,False,0.5392642021179199,False
5186,0,0.5637785792350769,0.0569080114364624,1,3464,2019-08-17,1301,3092,Strawweight,-303.0,240.0,0.7188110521909015,2,3,0.5637785792350769,False,0.5637785792350769,False
5187,0,0.5687721967697144,0.07271814346313477,1,3465,2019-08-17,71,4924,Bantamweight,-200.0,165.0,0.6385542168674698,7,5,0.5687721967697144,False,0.5687721967697144,False
5188,0,0.24216003715991974,0.11221110820770264,0,3466,2019-08-17,3067,4810,Flyweight,110.0,-145.0,0.4458598726114649,2,1,0.24216003715991974,False,0.24216003715991974,False
5189,0,0.4583631455898285,0.11211258172988892,0,3462,2019-08-17,1369,2743,Lightweight,145.0,-190.0,0.3838517538054269,6,5,0.4583631455898285,False,0.4583631455898285,False
5190,0,0.529013991355896,0.2973906993865967,1,3447,2019-08-31,3484,2881,Welterweight,-110.0,-125.0,0.48529411764705876,3,1,0.529013991355896,False,0.529013991355896,False
5191,0,0.4899097979068756,0.28929591178894043,0,3444,2019-08-31,1518,82,Strawweight,-195.0,140.0,0.6133682830930537,15,3,0.4899097979068756,False,0.4899097979068756,False
5192,0,0.5010790824890137,0.08593320846557617,0,3445,2019-08-31,13,4109,Welterweight,-278.0,215.0,0.6984924623115577,8,11,0.5010790824890137,False,0.5010790824890137,False
5193,0,0.63874351978302,0.07725024223327637,1,3446,2019-08-31,398,1115,Flyweight,-227.0,160.0,0.6434801569995638,2,4,0.63874351978302,False,0.63874351978302,False
5194,0,0.5777631998062134,0.08664286136627197,0,3448,2019-08-31,1265,4721,Flyweight,120.0,-180.0,0.41420118343195267,2,0,0.5777631998062134,False,0.5777631998062134,False
5195,0,0.5249024629592896,0.12357902526855469,1,3449,2019-08-31,5061,4748,Middleweight,-161.0,120.0,0.5757477243172953,1,0,0.5249024629592896,False,0.5249024629592896,False
5196,0,0.6053956747055054,0.088043212890625,1,3450,2019-08-31,2363,3543,Bantamweight,,,,1,6,0.6053956747055054,False,0.6053956747055054,False
5197,0,0.44667157530784607,0.22534584999084473,0,3452,2019-08-31,3519,3004,Lightweight,175.0,-220.0,0.3459459459459459,2,2,0.44667157530784607,False,0.44667157530784607,False
5198,0,0.4467957615852356,0.15897655487060547,0,3453,2019-08-31,295,894,Bantamweight,,,,0,0,0.4467957615852356,False,0.4467957615852356,False
5199,0,0.5074958801269531,0.08115088939666748,0,3454,2019-08-31,2615,3698,Bantamweight,-105.0,-125.0,0.4796954314720812,0,0,0.5074958801269531,False,0.5074958801269531,False
5200,0,0.49663370847702026,0.038355469703674316,1,3451,2019-08-31,4874,396,Light Heavyweight,200.0,-290.0,0.30952380952380953,0,0,0.49663370847702026,False,0.49663370847702026,False
5201,0,0.6011582016944885,0.07008421421051025,1,3431,2019-09-07,4180,1820,Lightweight,-455.0,315.0,0.7728435485521334,11,22,0.6011582016944885,False,0.6011582016944885,False
5202,0,0.3902091383934021,0.09937727451324463,1,3432,2019-09-07,137,3479,Lightweight,-102.0,-139.0,0.4647323471099588,12,21,0.3902091383934021,False,0.3902091383934021,False
5203,0,0.706947922706604,0.011496543884277344,1,3433,2019-09-07,4117,225,Lightweight,-400.0,300.0,0.7619047619047619,7,5,0.706947922706604,False,0.706947922706604,False
5204,0,0.2890145778656006,0.040120720863342285,0,3434,2019-09-07,232,4325,Heavyweight,380.0,-550.0,0.19756838905775076,7,9,0.2890145778656006,False,0.2890145778656006,False
5205,0,0.26628178358078003,0.07518231868743896,1,3435,2019-09-07,3476,156,Lightweight,205.0,-278.0,0.30834488946896155,8,8,0.26628178358078003,False,0.26628178358078003,False
5206,0,0.5389615893363953,0.04167783260345459,1,3443,2019-09-07,178,1829,Lightweight,-192.0,140.0,0.6121147715196599,1,0,0.5389615893363953,False,0.5389615893363953,False
5207,0,0.4123517870903015,0.07733535766601562,1,3436,2019-09-07,4391,3467,Flyweight,,,,9,3,0.4123517870903015,False,0.4123517870903015,False
5208,0,0.6128776669502258,0.023944973945617676,0,3438,2019-09-07,2836,2087,Bantamweight,-161.0,129.0,0.5855103304800775,0,6,0.6128776669502258,False,0.6128776669502258,False
5209,0,0.5278364419937134,0.040207624435424805,1,3439,2019-09-07,1300,134,Lightweight,-200.0,165.0,0.6385542168674698,0,3,0.5278364419937134,False,0.5278364419937134,False
5210,0,0.6652941703796387,0.1351027488708496,1,3440,2019-09-07,2843,4638,Welterweight,-400.0,295.0,0.7596153846153846,9,1,0.6652941703796387,False,0.6652941703796387,False
5211,0,0.3670782148838043,0.04596900939941406,1,3441,2019-09-07,3136,405,Welterweight,-100.0,-131.0,0.4685598377281947,2,11,0.3670782148838043,False,0.3670782148838043,False
5212,0,0.4703601002693176,0.012390732765197754,0,3442,2019-09-07,1881,3589,Middleweight,-100.0,-135.0,0.4653465346534653,11,10,0.4703601002693176,False,0.4703601002693176,False
5213,0,0.37821075320243835,0.10764020681381226,1,3423,2019-09-14,328,2963,Middleweight,205.0,-278.0,0.30834488946896155,14,11,0.37821075320243835,False,0.37821075320243835,False
5214,0,0.45781004428863525,0.07359719276428223,0,3419,2019-09-14,3250,415,Lightweight,150.0,-185.0,0.3812709030100334,32,5,0.45781004428863525,False,0.45781004428863525,False
5215,0,0.4150870740413666,0.13358300924301147,1,3420,2019-09-14,1552,3146,Light Heavyweight,-115.0,-114.0,0.5010179153094463,17,11,0.4150870740413666,False,0.4150870740413666,False
5216,0,0.3079252243041992,0.06846785545349121,1,3422,2019-09-14,813,3905,Welterweight,365.0,-556.0,0.20238168692540262,0,1,0.3079252243041992,False,0.3079252243041992,False
5217,0,0.5874327421188354,0.004287421703338623,1,3424,2019-09-14,4685,2058,Light Heavyweight,-111.0,-120.0,0.49095295536791317,8,2,0.5874327421188354,False,0.5874327421188354,False
5218,0,0.4469373822212219,0.13927710056304932,0,3425,2019-09-14,3156,482,Heavyweight,-100.0,-143.0,0.4593572778827977,8,2,0.4469373822212219,False,0.4469373822212219,False
5219,0,0.42977866530418396,0.07739973068237305,1,3427,2019-09-14,2276,686,Bantamweight,110.0,-139.0,0.45017894142022974,0,3,0.42977866530418396,False,0.42977866530418396,False
5220,0,0.5989575386047363,0.02176070213317871,0,3428,2019-09-14,1911,4714,Featherweight,-165.0,125.0,0.5834970530451867,1,10,0.5989575386047363,False,0.5989575386047363,False
5221,0,0.4144490957260132,0.10324108600616455,0,3429,2019-09-14,230,4943,Bantamweight,190.0,-250.0,0.32558139534883723,1,12,0.4144490957260132,False,0.4144490957260132,False
5222,0,0.5662863254547119,0.09607219696044922,1,3430,2019-09-14,3497,2238,Lightweight,-149.0,110.0,0.5568606513614522,1,1,0.5662863254547119,False,0.5662863254547119,False
5223,0,0.462655246257782,0.08870542049407959,1,3426,2019-09-14,4393,2135,Bantamweight,-180.0,110.0,0.574468085106383,0,1,0.462655246257782,False,0.462655246257782,False
5224,0,0.5948935747146606,0.2086855173110962,1,3412,2019-09-21,432,3120,Bantamweight,-170.0,130.0,0.5915279878971256,6,1,0.5948935747146606,False,0.5948935747146606,False
5225,0,0.570963978767395,0.03758722543716431,0,3408,2019-09-21,2289,940,Strawweight,-164.0,125.0,0.5829383886255923,5,9,0.570963978767395,False,0.570963978767395,False
5226,0,0.40951213240623474,0.05211538076400757,0,3410,2019-09-21,784,3777,Bantamweight,400.0,-625.0,0.18831168831168835,0,6,0.40951213240623474,False,0.40951213240623474,False
5227,0,0.5672250986099243,0.13971638679504395,0,3411,2019-09-21,1533,3018,Featherweight,-145.0,-100.0,0.5420560747663551,3,4,0.5672250986099243,False,0.5672250986099243,False
5228,0,0.3524845242500305,0.04993724822998047,1,3414,2019-09-21,1021,3255,Strawweight,-125.0,-115.0,0.5094786729857821,11,0,0.3524845242500305,False,0.3524845242500305,False
5229,0,0.6511836647987366,0.05385887622833252,1,3416,2019-09-21,1741,4985,Light Heavyweight,-120.0,-111.0,0.5090470446320868,7,2,0.6511836647987366,False,0.6511836647987366,False
5230,0,0.44928842782974243,0.01574993133544922,1,3417,2019-09-21,4041,2525,Bantamweight,240.0,-333.0,0.27664196268847435,9,3,0.44928842782974243,False,0.44928842782974243,False
5231,0,0.7518064975738525,0.013188362121582031,1,3418,2019-09-21,641,2292,Lightweight,-400.0,240.0,0.7311827956989247,2,1,0.7518064975738525,False,0.7518064975738525,False
5232,0,0.7850621342658997,0.041326165199279785,1,3415,2019-09-21,4133,136,Flyweight,-357.0,250.0,0.7322004101963082,13,0,0.7850621342658997,False,0.7850621342658997,False
5233,0,0.4662613868713379,0.02685856819152832,1,3413,2019-09-21,2332,4622,Featherweight,-115.0,-111.0,0.5041554124246831,2,7,0.4662613868713379,False,0.4662613868713379,False
5234,0,0.7177505493164062,0.0213470458984375,0,3399,2019-09-28,2660,531,Welterweight,-155.0,120.0,0.5721476510067114,15,4,0.7177505493164062,False,0.7177505493164062,False
5235,0,0.3148529827594757,0.07323700189590454,1,3394,2019-09-28,774,4468,Middleweight,220.0,-275.0,0.298804780876494,9,9,0.3148529827594757,False,0.3148529827594757,False
5236,0,0.30885738134384155,0.033832669258117676,1,3395,2019-09-28,258,879,Lightweight,-667.0,410.0,0.8160097872238348,0,1,0.30885738134384155,False,0.30885738134384155,False
5237,0,0.5587363243103027,0.03701496124267578,1,3397,2019-09-28,673,4279,Light Heavyweight,-105.0,-120.0,0.48427672955974843,6,8,0.5587363243103027,False,0.5587363243103027,False
5238,0,0.27669215202331543,0.19422447681427002,1,3398,2019-09-28,172,1800,Light Heavyweight,225.0,-300.0,0.2909090909090909,19,3,0.27669215202331543,False,0.27669215202331543,False
5239,0,0.5202049016952515,0.007429003715515137,1,3403,2019-09-28,3770,4924,Featherweight,135.0,-158.0,0.409979342126172,0,6,0.5202049016952515,False,0.5202049016952515,False
5240,0,0.4699420928955078,0.011140704154968262,0,3396,2019-09-28,3373,3148,Welterweight,-113.0,-120.0,0.49305831019436736,12,12,0.4699420928955078,False,0.4699420928955078,False
5241,0,0.5612913370132446,0.053667306900024414,0,3401,2019-09-28,3429,640,Middleweight,130.0,-165.0,0.4111714507370054,6,0,0.5612913370132446,False,0.5612913370132446,False
5242,0,0.645313024520874,0.23522841930389404,1,3402,2019-09-28,1195,434,Welterweight,-230.0,170.0,0.6529968454258674,2,7,0.645313024520874,False,0.645313024520874,False
5243,0,0.2235354632139206,0.01841413974761963,1,3404,2019-09-28,495,4202,Bantamweight,300.0,-455.0,0.23368421052631577,6,3,0.2235354632139206,False,0.2235354632139206,False
5244,0,0.4801480174064636,0.059249699115753174,0,3405,2019-09-28,4496,785,Lightweight,143.0,-175.0,0.39271688682613354,7,7,0.4801480174064636,False,0.4801480174064636,False
5245,0,0.5054172277450562,0.045218586921691895,1,3406,2019-09-28,4168,4235,Bantamweight,-235.0,180.0,0.6626384692849949,0,1,0.5054172277450562,False,0.5054172277450562,False
5246,0,0.528471827507019,0.06978452205657959,0,3400,2019-09-28,3345,2520,Middleweight,-140.0,-100.0,0.5384615384615384,1,3,0.528471827507019,False,0.528471827507019,False
5247,0,0.6625206470489502,0.08688211441040039,1,3388,2019-10-05,2938,1493,Welterweight,-500.0,300.0,0.7692307692307692,11,1,0.6625206470489502,False,0.6625206470489502,False
5248,0,0.4575388729572296,0.06130552291870117,0,3383,2019-10-05,1970,553,Middleweight,-111.0,-130.0,0.48206193353474325,13,6,0.4575388729572296,False,0.4575388729572296,False
5249,0,0.532818078994751,0.09679937362670898,1,3384,2019-10-05,656,42,Lightweight,-135.0,110.0,0.5467695274831245,12,13,0.532818078994751,False,0.532818078994751,False
5250,0,0.2832346260547638,0.17998790740966797,1,3385,2019-10-05,3278,4548,Heavyweight,240.0,-330.0,0.27706185567010305,1,5,0.2832346260547638,False,0.2832346260547638,False
5251,0,0.3660212755203247,0.0519866943359375,1,3387,2019-10-05,2190,409,Heavyweight,-115.0,-120.0,0.4951076320939334,0,0,0.3660212755203247,False,0.3660212755203247,False
5252,0,0.41760632395744324,0.17940330505371094,1,3390,2019-10-05,2467,3646,Lightweight,-172.0,140.0,0.6028037383177569,0,0,0.41760632395744324,False,0.41760632395744324,False
5253,0,0.366966187953949,0.026128053665161133,1,3389,2019-10-05,1003,2280,Welterweight,310.0,-400.0,0.2336448598130841,1,0,0.366966187953949,False,0.366966187953949,False
5254,0,0.41224348545074463,0.047101378440856934,0,3391,2019-10-05,311,2576,Featherweight,330.0,-526.0,0.21677401482097094,0,3,0.41224348545074463,False,0.41224348545074463,False
5255,0,0.409880667924881,0.20273423194885254,1,3392,2019-10-05,3213,688,Flyweight,-180.0,155.0,0.6211096075778079,4,2,0.409880667924881,False,0.409880667924881,False
5256,0,0.5064476132392883,0.03610575199127197,0,3386,2019-10-05,3743,1214,Welterweight,118.0,-141.0,0.439476275575331,3,8,0.5064476132392883,False,0.5064476132392883,False
5257,0,0.4442596435546875,0.16874432563781738,1,3373,2019-10-12,868,4215,Lightweight,130.0,-161.0,0.4134325993980675,3,4,0.4442596435546875,False,0.4442596435546875,False
5258,0,0.669568657875061,0.1563190221786499,1,3372,2019-10-12,1693,2431,Strawweight,150.0,-185.0,0.3812709030100334,1,2,0.669568657875061,False,0.669568657875061,False
5259,0,0.5223926901817322,0.25708502531051636,1,3374,2019-10-12,1141,1227,Middleweight,-140.0,110.0,0.550561797752809,8,8,0.5223926901817322,False,0.5223926901817322,False
5260,0,0.40293562412261963,0.0639042854309082,1,3370,2019-10-12,2154,2826,Featherweight,150.0,-189.0,0.3795141168745897,17,1,0.40293562412261963,False,0.40293562412261963,False
5261,0,0.43774840235710144,0.08057355880737305,1,3375,2019-10-12,1191,2595,Light Heavyweight,-183.0,150.0,0.6178257933828494,2,7,0.43774840235710144,False,0.43774840235710144,False
5262,0,0.41228145360946655,0.06574058532714844,1,3371,2019-10-12,2863,2373,Welterweight,-160.0,125.0,0.5806451612903226,9,13,0.41228145360946655,False,0.41228145360946655,False
5263,0,0.6946781873703003,0.20203495025634766,1,3369,2019-10-12,4796,3600,Strawweight,-333.0,250.0,0.7291210509852988,12,7,0.6946781873703003,False,0.6946781873703003,False
5264,0,0.6005202531814575,0.23360931873321533,1,3378,2019-10-12,4866,1600,Flyweight,-189.0,155.0,0.6251378169790519,6,10,0.6005202531814575,False,0.6005202531814575,False
5265,0,0.6111305952072144,0.11684131622314453,1,3380,2019-10-12,485,4551,Welterweight,-250.0,200.0,0.6818181818181818,0,2,0.6111305952072144,False,0.6111305952072144,False
5266,0,0.36085113883018494,0.007596731185913086,0,3382,2019-10-12,1941,3534,Flyweight,130.0,-172.0,0.4074295985620132,3,5,0.36085113883018494,False,0.36085113883018494,False
5267,0,0.40719059109687805,0.025145769119262695,0,3381,2019-10-12,1116,3725,Middleweight,300.0,-400.0,0.23809523809523808,6,6,0.40719059109687805,False,0.40719059109687805,False
5268,0,0.41142934560775757,0.22594314813613892,0,3377,2019-10-12,3728,4709,Welterweight,-145.0,110.0,0.554140127388535,7,8,0.41142934560775757,False,0.41142934560775757,False
5269,0,0.5907028913497925,0.07655990123748779,1,3379,2019-10-12,900,2066,Bantamweight,-152.0,118.0,0.568019747668678,12,3,0.5907028913497925,False,0.5907028913497925,False
5270,0,0.5303862690925598,0.022228121757507324,0,3376,2019-10-12,1142,4379,Lightweight,240.0,-305.0,0.28085991678224687,1,1,0.5303862690925598,False,0.5303862690925598,False
5271,0,0.6521927714347839,0.15749752521514893,0,3362,2019-10-18,4597,4404,Featherweight,-185.0,140.0,0.6090534979423868,4,5,0.6521927714347839,False,0.6521927714347839,False
5272,0,0.5568533539772034,0.19266706705093384,1,3356,2019-10-18,3786,1664,Light Heavyweight,-200.0,160.0,0.6341463414634145,5,14,0.5568533539772034,False,0.5568533539772034,False
5273,0,0.8715497255325317,0.048386573791503906,1,3357,2019-10-18,1951,1430,Featherweight,-140.0,-100.0,0.5384615384615384,9,31,0.8715497255325317,False,0.8715497255325317,False
5274,0,0.6299734115600586,0.06524461507797241,0,3359,2019-10-18,2639,3522,Lightweight,-200.0,150.0,0.625,0,26,0.6299734115600586,False,0.6299734115600586,False
5275,0,0.4879263937473297,0.09694540500640869,1,3360,2019-10-18,2636,1335,Flyweight,-170.0,125.0,0.5862068965517242,2,5,0.4879263937473297,False,0.4879263937473297,False
5276,0,0.5196103453636169,0.011310458183288574,1,3363,2019-10-18,2701,3853,Flyweight,-640.0,385.0,0.8074921956295527,3,0,0.5196103453636169,False,0.5196103453636169,False
5277,0,0.6320034265518188,0.025001049041748047,1,3364,2019-10-18,2664,1332,Featherweight,-111.0,-115.0,0.4958445875753168,0,6,0.6320034265518188,False,0.6320034265518188,False
5278,0,0.3315831422805786,0.18915796279907227,0,3365,2019-10-18,4246,1793,Bantamweight,-159.0,125.0,0.580056749087961,1,1,0.3315831422805786,False,0.3315831422805786,False
5279,0,0.41858232021331787,0.001816868782043457,0,3366,2019-10-18,1371,2792,Welterweight,150.0,-189.0,0.3795141168745897,15,0,0.41858232021331787,False,0.41858232021331787,False
5280,0,0.6029449701309204,0.01938152313232422,0,3367,2019-10-18,1889,2789,Middleweight,-172.0,135.0,0.5977521443359953,4,0,0.6029449701309204,False,0.6029449701309204,False
5281,0,0.5131890177726746,0.076416015625,0,3368,2019-10-18,4439,5071,Heavyweight,110.0,-150.0,0.4424778761061947,3,0,0.5131890177726746,False,0.5131890177726746,False
5282,0,0.43990594148635864,0.2508511543273926,0,3361,2019-10-18,1785,1233,Middleweight,-139.0,-105.0,0.5317223362567643,1,8,0.43990594148635864,False,0.43990594148635864,False
5283,0,0.5671991109848022,0.11832070350646973,1,3348,2019-10-26,3477,3906,Heavyweight,-325.0,225.0,0.7130801687763713,1,0,0.5671991109848022,False,0.5671991109848022,False
5284,0,0.21699722111225128,0.11029708385467529,0,3345,2019-10-26,917,3829,Welterweight,-172.0,140.0,0.6028037383177569,2,30,0.21699722111225128,False,0.21699722111225128,False
5285,0,0.531794011592865,0.010190129280090332,0,3346,2019-10-26,4421,4345,Lightweight,-275.0,200.0,0.6875,21,10,0.531794011592865,False,0.531794011592865,False
5286,0,0.8130439519882202,0.1016802191734314,1,3347,2019-10-26,4002,97,Lightweight,-190.0,150.0,0.6209150326797385,15,5,0.8130439519882202,False,0.8130439519882202,False
5287,0,0.5218546390533447,0.004524827003479004,1,3355,2019-10-26,2118,4407,Heavyweight,200.0,-250.0,0.3181818181818181,1,2,0.5218546390533447,False,0.5218546390533447,False
5288,0,0.5046536326408386,0.11538755893707275,0,3349,2019-10-26,4190,3136,Welterweight,136.0,-172.0,0.401227283455275,2,3,0.5046536326408386,False,0.5046536326408386,False
5289,0,0.510080099105835,0.24758458137512207,0,3352,2019-10-26,4331,4085,Featherweight,170.0,-200.0,0.35714285714285715,8,1,0.510080099105835,False,0.510080099105835,False
5290,0,0.44257113337516785,0.005143165588378906,0,3353,2019-10-26,1002,1488,Heavyweight,190.0,-250.0,0.32558139534883723,3,2,0.44257113337516785,False,0.44257113337516785,False
5291,0,0.49664589762687683,0.0617823600769043,0,3354,2019-10-26,2974,3984,Strawweight,110.0,-142.0,0.4479822288041465,3,0,0.49664589762687683,False,0.49664589762687683,False
5292,0,0.3742680549621582,0.011852145195007324,1,3351,2019-10-26,4050,1440,Lightweight,-190.0,155.0,0.6255648805681084,1,9,0.3742680549621582,False,0.3742680549621582,False
5293,0,0.4412812292575836,0.0351102352142334,1,3350,2019-10-26,3880,946,Strawweight,-190.0,110.0,0.579100145137881,12,5,0.4412812292575836,False,0.4412812292575836,False
5294,0,0.47704851627349854,0.2473660707473755,0,3338,2019-11-02,189,2407,Light Heavyweight,-182.0,140.0,0.6076794657762938,3,13,0.47704851627349854,False,0.47704851627349854,False
5295,0,0.5023927688598633,0.010070562362670898,0,3333,2019-11-02,1768,3927,Welterweight,125.0,-155.0,0.42236024844720504,24,17,0.5023927688598633,False,0.5023927688598633,False
5296,0,0.4827589988708496,0.0669865608215332,1,3334,2019-11-02,4375,717,Middleweight,165.0,-227.0,0.35216197296860696,8,15,0.4827589988708496,False,0.4827589988708496,False
5297,0,0.30485448241233826,0.132904052734375,1,3335,2019-11-02,3732,886,Welterweight,-120.0,-111.0,0.5090470446320868,14,12,0.30485448241233826,False,0.30485448241233826,False
5298,0,0.5064171552658081,0.0831979513168335,1,3336,2019-11-02,3901,1898,Heavyweight,-118.0,-111.0,0.5071288903372982,17,3,0.5064171552658081,False,0.5064171552658081,False
5299,0,0.5536736845970154,0.016121864318847656,0,3337,2019-11-02,3316,3043,Lightweight,-170.0,137.0,0.5987516718680339,6,15,0.5536736845970154,False,0.5536736845970154,False
5300,0,0.19459295272827148,0.04834437370300293,0,3340,2019-11-02,3081,3888,Middleweight,137.0,-185.0,0.3939456769645449,17,3,0.19459295272827148,False,0.19459295272827148,False
5301,0,0.7289676666259766,0.14614760875701904,1,3341,2019-11-02,1045,1289,Heavyweight,-164.0,137.0,0.595513881228167,2,30,0.7289676666259766,False,0.7289676666259766,False
5302,0,0.3886072039604187,0.05756044387817383,0,3342,2019-11-02,697,2802,Flyweight,,,,3,7,0.3886072039604187,False,0.3886072039604187,False
5303,0,0.4557672142982483,0.1484140157699585,0,3343,2019-11-02,714,1412,Welterweight,-110.0,-125.0,0.48529411764705876,3,4,0.4557672142982483,False,0.4557672142982483,False
5304,0,0.49104607105255127,0.10932910442352295,1,3344,2019-11-02,1674,1615,Featherweight,-139.0,-110.0,0.5261355443403029,4,4,0.49104607105255127,False,0.49104607105255127,False
5305,0,0.5329025387763977,0.14060497283935547,0,3339,2019-11-02,4172,1423,Featherweight,180.0,-250.0,0.33333333333333337,6,6,0.5329025387763977,False,0.5329025387763977,False
5306,0,0.4706953763961792,0.040749192237854004,0,3324,2019-11-09,2807,1583,Welterweight,-139.0,110.0,0.5498210585797701,3,13,0.4706953763961792,False,0.4706953763961792,False
5307,0,0.45337146520614624,0.06538105010986328,0,3326,2019-11-09,4053,2320,Light Heavyweight,265.0,-400.0,0.25510204081632654,1,3,0.45337146520614624,False,0.45337146520614624,False
5308,0,0.5355079174041748,0.09642016887664795,1,3321,2019-11-09,2905,647,Heavyweight,-333.0,230.0,0.7173444741823879,5,4,0.5355079174041748,False,0.5355079174041748,False
5309,0,0.5452524423599243,0.027876734733581543,1,3322,2019-11-09,2552,512,Welterweight,200.0,-250.0,0.3181818181818181,9,1,0.5452524423599243,False,0.5452524423599243,False
5310,0,0.12055264413356781,0.05639117956161499,1,3323,2019-11-09,2831,396,Light Heavyweight,170.0,-235.0,0.34553893759669935,22,1,0.12055264413356781,False,0.12055264413356781,False
5311,0,0.6123720407485962,0.1319715976715088,0,3325,2019-11-09,377,451,Light Heavyweight,109.0,-145.0,0.44703950369491835,2,0,0.6123720407485962,False,0.6123720407485962,False
5312,0,0.4002571702003479,0.05745434761047363,0,3328,2019-11-09,4920,4437,Middleweight,-165.0,-100.0,0.5546218487394957,0,5,0.4002571702003479,False,0.4002571702003479,False
5313,0,0.6281948685646057,0.1639082431793213,1,3327,2019-11-09,1041,4499,Welterweight,-245.0,180.0,0.6653734238603297,12,1,0.6281948685646057,False,0.6281948685646057,False
5314,0,0.4652276635169983,0.0769205093383789,1,3329,2019-11-09,421,1173,Welterweight,220.0,-333.0,0.28893634058454554,2,0,0.4652276635169983,False,0.4652276635169983,False
5315,0,0.5557866096496582,0.11191534996032715,1,3330,2019-11-09,2891,503,Lightweight,-139.0,110.0,0.5498210585797701,3,7,0.5557866096496582,False,0.5557866096496582,False
5316,0,0.5972772836685181,0.1685786247253418,1,3331,2019-11-09,4591,2577,Bantamweight,-115.0,-115.0,0.5,2,3,0.5972772836685181,False,0.5972772836685181,False
5317,0,0.3830823302268982,0.0953679084777832,0,3332,2019-11-09,1038,2649,Bantamweight,-172.0,121.0,0.5828988529718457,1,4,0.3830823302268982,False,0.3830823302268982,False
5318,0,0.22520405054092407,0.05738413333892822,0,3320,2019-11-09,781,2359,Featherweight,235.0,-303.0,0.28419308204929306,5,5,0.22520405054092407,False,0.22520405054092407,False
5319,0,0.447653591632843,0.01851952075958252,0,3311,2019-11-16,3473,1732,Middleweight,-100.0,-135.0,0.4653465346534653,0,0,0.447653591632843,False,0.447653591632843,False
5320,0,0.5231496095657349,0.23748469352722168,0,3308,2019-11-16,1417,3942,Light Heavyweight,,,,13,12,0.5231496095657349,False,0.5231496095657349,False
5321,0,0.5116986632347107,0.0698922872543335,1,3310,2019-11-16,4242,1823,Lightweight,-400.0,300.0,0.7619047619047619,24,5,0.5116986632347107,False,0.5116986632347107,False
5322,0,0.5365888476371765,0.16298013925552368,1,3312,2019-11-16,1577,2128,Middleweight,-155.0,125.0,0.5776397515527951,1,4,0.5365888476371765,False,0.5365888476371765,False
5323,0,0.5075041055679321,0.05057859420776367,1,3313,2019-11-16,1427,4794,Welterweight,-200.0,165.0,0.6385542168674698,10,13,0.5075041055679321,False,0.5075041055679321,False
5324,0,0.7369323968887329,0.08292806148529053,1,3314,2019-11-16,222,3013,Featherweight,-430.0,275.0,0.7526254375729289,5,1,0.7369323968887329,False,0.7369323968887329,False
5325,0,0.4888097941875458,0.07517719268798828,1,3316,2019-11-16,1933,4071,Welterweight,110.0,-139.0,0.45017894142022974,8,10,0.4888097941875458,False,0.4888097941875458,False
5326,0,0.6406710743904114,0.15607059001922607,0,3317,2019-11-16,1140,3454,Featherweight,190.0,-278.0,0.31920283735855426,16,6,0.6406710743904114,False,0.6406710743904114,False
5327,0,0.5090942978858948,0.06376051902770996,0,3318,2019-11-16,4849,510,Flyweight,,,,0,2,0.5090942978858948,False,0.5090942978858948,False
5328,0,0.39956527948379517,0.07582640647888184,0,3315,2019-11-16,681,1776,Lightweight,,,,10,19,0.39956527948379517,False,0.39956527948379517,False
5329,0,0.4174525737762451,0.04925405979156494,0,3319,2019-11-16,784,2284,Bantamweight,175.0,-240.0,0.33999999999999997,1,0,0.4174525737762451,False,0.4174525737762451,False
5330,0,0.5311472415924072,0.03835177421569824,1,3296,2019-12-07,1045,3900,Heavyweight,-152.0,125.0,0.5757575757575758,3,16,0.5311472415924072,False,0.5311472415924072,False
5331,0,0.616502046585083,0.12841582298278809,0,3298,2019-12-07,4128,1939,Heavyweight,130.0,-161.0,0.4134325993980675,22,12,0.616502046585083,False,0.616502046585083,False
5332,0,0.6391826272010803,0.03840959072113037,1,3299,2019-12-07,34,3480,Bantamweight,,,,4,3,0.6391826272010803,False,0.6391826272010803,False
5333,0,0.4101988673210144,0.03796541690826416,1,3301,2019-12-07,1172,1387,Bantamweight,-161.0,112.0,0.566675521317572,9,4,0.4101988673210144,False,0.4101988673210144,False
5334,0,0.4129115641117096,0.1347048282623291,0,3302,2019-12-07,4295,4115,Welterweight,215.0,-278.0,0.3015075376884422,26,19,0.4129115641117096,False,0.4129115641117096,False
5335,0,0.6009471416473389,0.12335467338562012,0,3303,2019-12-07,1118,32,Featherweight,255.0,-357.0,0.26502740162959953,0,0,0.6009471416473389,False,0.6009471416473389,False
5336,0,0.42506712675094604,0.02471315860748291,0,3304,2019-12-07,3101,4747,Featherweight,-140.0,110.0,0.550561797752809,2,2,0.42506712675094604,False,0.42506712675094604,False
5337,0,0.5804121494293213,0.050749778747558594,1,3305,2019-12-07,3463,4340,Lightweight,-400.0,300.0,0.7619047619047619,0,16,0.5804121494293213,False,0.5804121494293213,False
5338,0,0.5667451620101929,0.053609609603881836,0,3306,2019-12-07,933,358,Strawweight,185.0,-278.0,0.3229941040758779,0,1,0.5667451620101929,False,0.5667451620101929,False
5339,0,0.6548156142234802,0.15118753910064697,1,3307,2019-12-07,640,2018,Middleweight,-500.0,350.0,0.7894736842105263,1,11,0.6548156142234802,False,0.6548156142234802,False
5340,0,0.4918949604034424,0.0737372636795044,1,3289,2019-12-14,3777,3102,Bantamweight,200.0,-250.0,0.3181818181818181,7,4,0.4918949604034424,False,0.4918949604034424,False
5341,0,0.5580580830574036,0.026204466819763184,0,3284,2019-12-14,827,1106,Featherweight,-200.0,162.0,0.6359223300970873,21,7,0.5580580830574036,False,0.5580580830574036,False
5342,0,0.31724733114242554,0.0045593976974487305,0,3285,2019-12-14,4542,2923,Bantamweight,340.0,-460.0,0.21671826625386997,7,12,0.31724733114242554,False,0.31724733114242554,False
5343,0,0.3745245933532715,0.03454411029815674,1,3286,2019-12-14,1649,1375,Bantamweight,-175.0,142.0,0.6062992125984251,6,14,0.3745245933532715,False,0.3745245933532715,False
5344,0,0.1823168247938156,0.0965733528137207,0,3287,2019-12-14,241,362,Bantamweight,375.0,-500.0,0.20168067226890757,17,5,0.1823168247938156,False,0.1823168247938156,False
5345,0,0.3194451928138733,0.07633817195892334,0,3288,2019-12-14,4150,3080,Welterweight,225.0,-300.0,0.2909090909090909,11,4,0.3194451928138733,False,0.3194451928138733,False
5346,0,0.5176440477371216,0.12399458885192871,1,3295,2019-12-14,626,4987,Middleweight,-133.0,-111.0,0.5203983236286763,0,4,0.5176440477371216,False,0.5176440477371216,False
5347,0,0.36581894755363464,0.05550652742385864,0,3290,2019-12-14,2939,3589,Middleweight,-125.0,-107.0,0.5180180180180181,3,11,0.36581894755363464,False,0.36581894755363464,False
5348,0,0.6078125238418579,0.12121129035949707,1,3291,2019-12-14,3613,4055,Welterweight,-357.0,275.0,0.7455102324933872,24,18,0.6078125238418579,False,0.6078125238418579,False
5349,0,0.7492401003837585,0.07993090152740479,1,3292,2019-12-14,1993,1839,Featherweight,-165.0,125.0,0.5834970530451867,0,4,0.7492401003837585,False,0.7492401003837585,False
5350,0,0.5081236362457275,0.13578331470489502,0,3293,2019-12-14,398,3403,Flyweight,-164.0,137.0,0.595513881228167,3,6,0.5081236362457275,False,0.5081236362457275,False
5351,0,0.46224847435951233,0.23976939916610718,1,3294,2019-12-14,4402,978,Flyweight,162.0,-225.0,0.35538545653362497,11,2,0.46224847435951233,False,0.46224847435951233,False
5352,0,0.45114460587501526,0.07518762350082397,0,3283,2019-12-14,1005,392,Welterweight,165.0,-205.0,0.35956380783966996,11,10,0.45114460587501526,False,0.45114460587501526,False
5353,0,0.6526333093643188,0.07512706518173218,1,3276,2019-12-21,3477,5071,Heavyweight,-675.0,450.0,0.8272980501392758,2,1,0.6526333093643188,False,0.6526333093643188,False
5354,0,0.6513869762420654,0.10881400108337402,1,3270,2019-12-21,3632,370,Featherweight,-210.0,150.0,0.6287425149700598,7,25,0.6513869762420654,False,0.6513869762420654,False
5355,0,0.5927680730819702,0.032939791679382324,0,3271,2019-12-21,397,589,Light Heavyweight,-152.0,123.0,0.5735751996751048,4,7,0.5927680730819702,False,0.5927680730819702,False
5356,0,0.5337843298912048,0.13482820987701416,0,3272,2019-12-21,1704,3703,Featherweight,-420.0,250.0,0.7386934673366834,5,1,0.5337843298912048,False,0.5337843298912048,False
5357,0,0.4826013147830963,0.12616252899169922,1,3273,2019-12-21,4874,2480,Light Heavyweight,-100.0,-125.0,0.47368421052631576,1,3,0.4826013147830963,False,0.4826013147830963,False
5358,0,0.3782091438770294,0.0661044716835022,0,3275,2019-12-21,5100,71,Bantamweight,200.0,-260.0,0.3157894736842105,3,8,0.3782091438770294,False,0.3782091438770294,False
5359,0,0.5364130139350891,0.01930105686187744,0,3278,2019-12-21,276,1275,Lightweight,180.0,-250.0,0.33333333333333337,7,0,0.5364130139350891,False,0.5364130139350891,False
5360,0,0.644096851348877,0.24420595169067383,1,3277,2019-12-21,1258,3069,Featherweight,-350.0,240.0,0.7256097560975611,2,1,0.644096851348877,False,0.644096851348877,False
5361,0,0.4000509977340698,0.08453094959259033,0,3279,2019-12-21,814,3958,Flyweight,187.0,-315.0,0.3146203707213525,6,7,0.4000509977340698,False,0.4000509977340698,False
5362,0,0.33861860632896423,0.10043835639953613,1,3280,2019-12-21,3499,4228,Bantamweight,-111.0,-125.0,0.4863680623174294,3,2,0.33861860632896423,False,0.33861860632896423,False
5363,0,0.3149048686027527,0.03568744659423828,1,3281,2019-12-21,811,694,Strawweight,162.0,-210.0,0.3603813066728668,1,1,0.3149048686027527,False,0.3149048686027527,False
5364,0,0.39828741550445557,0.04657340049743652,0,3282,2019-12-21,2337,894,Bantamweight,-125.0,-105.0,0.5203045685279188,6,1,0.39828741550445557,False,0.39828741550445557,False
5365,0,0.40183165669441223,0.04705309867858887,1,3274,2019-12-21,4748,1147,Middleweight,,,,1,2,0.40183165669441223,False,0.40183165669441223,False
5366,0,0.3792051076889038,0.169197678565979,0,3259,2020-01-18,3250,3970,Welterweight,245.0,-333.0,0.2737301261181528,33,11,0.3792051076889038,False,0.3792051076889038,False
5367,0,0.6661868095397949,0.04046010971069336,0,3260,2020-01-18,4933,4417,Bantamweight,125.0,-155.0,0.42236024844720504,11,10,0.6661868095397949,False,0.6661868095397949,False
5368,0,0.3984808325767517,0.20782983303070068,1,3261,2020-01-18,1346,1002,Heavyweight,-110.0,-125.0,0.48529411764705876,10,4,0.3984808325767517,False,0.3984808325767517,False
5369,0,0.5309971570968628,0.05080050230026245,0,3262,2020-01-18,2781,3126,Bantamweight,-163.0,130.0,0.5877096723624392,0,6,0.5309971570968628,False,0.5309971570968628,False
5370,0,0.6061957478523254,0.055230021476745605,1,3269,2020-01-18,4810,3534,Flyweight,-111.0,-121.0,0.4900123846430426,2,6,0.6061957478523254,False,0.6061957478523254,False
5371,0,0.48680755496025085,0.13160163164138794,0,3263,2020-01-18,2459,3476,Lightweight,125.0,-250.0,0.3835616438356165,17,9,0.48680755496025085,False,0.48680755496025085,False
5372,0,0.503256618976593,0.0023993253707885742,1,3265,2020-01-18,4489,692,Featherweight,-155.0,110.0,0.5607235142118863,3,13,0.503256618976593,False,0.503256618976593,False
5373,0,0.46906062960624695,0.012617170810699463,0,3266,2020-01-18,1600,723,Flyweight,125.0,-152.0,0.4242424242424243,11,1,0.46906062960624695,False,0.46906062960624695,False
5374,0,0.6404166221618652,0.056665658950805664,0,3267,2020-01-18,4065,4219,Lightweight,-350.0,250.0,0.7313432835820896,4,13,0.6404166221618652,False,0.6404166221618652,False
5375,0,0.4773002862930298,0.05021989345550537,1,3268,2020-01-18,4320,4871,Light Heavyweight,-132.0,-100.0,0.532258064516129,0,5,0.4773002862930298,False,0.4773002862930298,False
5376,0,0.7515724301338196,0.15863454341888428,0,3264,2020-01-18,2636,2504,Flyweight,-1000.0,600.0,0.8641975308641975,3,6,0.7515724301338196,False,0.7515724301338196,False
5377,0,0.581346869468689,0.0040853023529052734,1,3251,2020-01-25,3975,1337,Light Heavyweight,-145.0,110.0,0.554140127388535,0,3,0.581346869468689,False,0.581346869468689,False
5378,0,0.6324381828308105,0.12821340560913086,0,3247,2020-01-25,3625,4325,Heavyweight,240.0,-333.0,0.27664196268847435,20,10,0.6324381828308105,False,0.6324381828308105,False
5379,0,0.4875529110431671,0.28154683113098145,0,3248,2020-01-25,4507,3611,Welterweight,-225.0,170.0,0.6514745308310992,28,13,0.4875529110431671,False,0.4875529110431671,False
5380,0,0.6093661785125732,0.1144704818725586,1,3249,2020-01-25,2586,3159,Flyweight,-278.0,205.0,0.6916551105310385,5,2,0.6093661785125732,False,0.6093661785125732,False
5381,0,0.46842390298843384,0.038774967193603516,1,3250,2020-01-25,1021,1301,Strawweight,-235.0,180.0,0.6626384692849949,12,3,0.46842390298843384,False,0.46842390298843384,False
5382,0,0.48316654562950134,0.054014384746551514,0,3252,2020-01-25,2594,3111,Middleweight,300.0,-410.0,0.23720930232558138,1,2,0.48316654562950134,False,0.48316654562950134,False
5383,0,0.8092719316482544,0.13963723182678223,1,3253,2020-01-25,1034,4123,Featherweight,-278.0,185.0,0.677005895924122,6,23,0.8092719316482544,False,0.8092719316482544,False
5384,0,0.7267792820930481,0.10574424266815186,1,3255,2020-01-25,497,2994,Bantamweight,-700.0,425.0,0.8212290502793296,3,2,0.7267792820930481,False,0.7267792820930481,False
5385,0,0.6438981294631958,0.15426254272460938,0,3256,2020-01-25,495,2538,Bantamweight,103.0,-152.0,0.4495504495504496,7,10,0.6438981294631958,False,0.6438981294631958,False
5386,0,0.3996332287788391,0.051412105560302734,0,3257,2020-01-25,2131,1806,Bantamweight,-111.0,-130.0,0.48206193353474325,0,5,0.3996332287788391,False,0.3996332287788391,False
5387,0,0.5037205815315247,0.036863088607788086,0,3258,2020-01-25,480,1089,Featherweight,-121.0,-111.0,0.5099876153569574,0,0,0.5037205815315247,False,0.5037205815315247,False
5388,1,0.49443718791007996,0.0026450753211975098,0,3254,2020-01-25,2319,4359,Flyweight,-180.0,150.0,0.6164383561643836,6,4,0.4843228948966756,True,0.6077701593416107,True
5389,1,0.5272800922393799,0.028293728828430176,0,3238,2020-02-08,1748,123,Featherweight,-125.0,-110.0,0.5147058823529411,8,5,0.5081662850643618,True,0.4992626160065714,True
5390,1,0.6060904264450073,0.07406127452850342,1,3235,2020-02-08,3839,3786,Light Heavyweight,-500.0,350.0,0.7894736842105263,21,6,0.5661265243513163,True,0.7957048327235521,True
5391,1,0.6438684463500977,0.0296708345413208,1,3236,2020-02-08,5097,2802,Flyweight,,,,9,8,0.5946174811528588,True,0.5946174811528588,False
5392,1,0.5985052585601807,0.014331519603729248,1,3237,2020-02-08,409,332,Heavyweight,200.0,-260.0,0.3157894736842105,1,3,0.5604746071957339,True,0.29219651105238054,True
5393,1,0.43083328008651733,0.08529055118560791,0,3239,2020-02-08,1644,3901,Heavyweight,195.0,-250.0,0.32183908045977005,12,18,0.4381639728754216,True,0.29392312619939204,True
5394,1,0.6062041521072388,0.015317797660827637,1,3240,2020-02-08,3838,1427,Middleweight,-120.0,-125.0,0.4954128440366972,4,11,0.5662114199089765,True,0.4811614192314263,True
5395,1,0.6678428649902344,0.04483002424240112,0,3241,2020-02-08,3467,2548,Flyweight,-333.0,240.0,0.7233580373115257,4,7,0.6130564160877096,True,0.7275092665189341,True
5396,1,0.3617958426475525,0.01824319362640381,1,3243,2020-02-08,777,4393,Bantamweight,110.0,-142.0,0.4479822288041465,2,1,0.38736680414999075,True,0.4228577508624369,True
5397,1,0.601294219493866,0.05327653884887695,0,3245,2020-02-08,735,2066,Bantamweight,-100.0,-125.0,0.47368421052631576,3,4,0.5625504003980377,True,0.457796106704671,True
5398,1,0.46136438846588135,0.05733656883239746,0,3246,2020-02-08,2910,91,Featherweight,-227.0,170.0,0.6520906479412704,0,0,0.4603491445145843,True,0.6452955964888574,True
5399,1,0.4402444660663605,0.0027853846549987793,1,3242,2020-02-08,3346,4709,Welterweight,,,,0,9,0.4450130803967018,True,0.4450130803967018,False
5400,1,0.7007610201835632,0.07192683219909668,0,3222,2020-02-15,2407,3942,Light Heavyweight,-250.0,180.0,0.6666666666666667,14,13,0.6389502425702057,True,0.6681506342343337,True
5401,1,0.5347549319267273,0.12698471546173096,0,3223,2020-02-15,3905,1349,Welterweight,-185.0,150.0,0.6187290969899665,2,30,0.5136081308745836,True,0.611461155338032,True
5402,1,0.3797674775123596,0.12171471118927002,0,3224,2020-02-15,2298,3739,Flyweight,145.0,-175.0,0.39076376554174075,4,4,0.40071296623548436,True,0.36341848317965053,True
5403,1,0.3614482283592224,0.006104230880737305,0,3225,2020-02-15,627,1613,Lightweight,190.0,-250.0,0.32558139534883723,1,0,0.38710756168902927,True,0.29581244479171204,True
5404,1,0.5407636165618896,0.0023164749145507812,1,3226,2020-02-15,2628,4008,Flyweight,-152.0,125.0,0.5757575757575758,10,2,0.5179884315208163,True,0.5653197791036183,True
5405,1,0.45908409357070923,0.000635981559753418,0,3234,2020-02-15,1115,372,Flyweight,220.0,-278.0,0.2982013253392238,5,2,0.4586950334039025,True,0.2706840925478467,True
5406,1,0.4168134331703186,0.10815596580505371,0,3227,2020-02-15,4097,4496,Lightweight,-110.0,-130.0,0.4809885931558936,13,8,0.4279363958291106,True,0.45969960316282626,True
5407,1,0.37517350912094116,0.0510636568069458,1,3229,2020-02-15,3231,2806,Bantamweight,125.0,-160.0,0.4193548387096774,15,3,0.39731146409677276,True,0.39315077875273,True
5408,1,0.5265542268753052,0.0469822883605957,0,3230,2020-02-15,2795,1472,Lightweight,120.0,-152.0,0.4297407912687586,33,9,0.5076382291512169,True,0.408780683025181,True
5409,1,0.3417145609855652,0.028786897659301758,0,3231,2020-02-15,2594,2595,Light Heavyweight,300.0,-420.0,0.23636363636363636,2,8,0.37231344118747867,True,0.20651786418011464,True
5410,1,0.5282565951347351,0.053780436515808105,1,3232,2020-02-15,4284,3892,Bantamweight,-200.0,150.0,0.625,4,2,0.508876779747303,True,0.6180284747507088,True
5411,1,0.36299073696136475,0.00823068618774414,0,3233,2020-02-15,1589,4202,Bantamweight,510.0,-900.0,0.15408320493066252,0,4,0.38825759259853754,True,0.12888363861279048,True
5412,1,0.5288931727409363,0.037065863609313965,0,3228,2020-02-15,4115,4230,Welterweight,-360.0,270.0,0.7433035714285714,20,0,0.5093400131099013,True,0.7451285325061744,True
5413,1,0.564700722694397,0.07587969303131104,1,3214,2020-02-22,2467,953,Lightweight,110.0,-152.0,0.4411764705882353,1,4,0.5355029924769353,True,0.42206343403701496,True
5414,1,0.6412158012390137,0.034960031509399414,1,3210,2020-02-22,656,137,Lightweight,-165.0,130.0,0.5888285492629945,13,13,0.59259599571749,True,0.5826270605465571,True
5415,1,0.46626734733581543,0.06409800052642822,1,3211,2020-02-22,2058,1800,Light Heavyweight,-105.0,-125.0,0.4796954314720812,3,4,0.4639047476508361,True,0.4599031789437035,True
5416,1,0.630794107913971,0.07615113258361816,1,3212,2020-02-22,155,2827,Strawweight,-300.0,225.0,0.7090909090909091,4,10,0.5846867078301621,True,0.7112936097898045,True
5417,1,0.5780409574508667,0.0015950798988342285,1,3213,2020-02-22,2134,1047,Heavyweight,-172.0,132.0,0.5946590367191226,9,1,0.5453191920440011,True,0.586854576581517,True
5418,1,0.6589768528938293,0.04265320301055908,1,3215,2020-02-22,2608,1403,Featherweight,-100.0,-125.0,0.47368421052631576,5,3,0.6062004214455002,True,0.4597484490523488,True
5419,1,0.4864630401134491,0.0363001823425293,1,3216,2020-02-22,3931,3313,Lightweight,-250.0,200.0,0.6818181818181818,3,0,0.47854300407739264,True,0.6780892169507308,True
5420,1,0.5608121156692505,0.05429023504257202,1,3218,2020-02-22,3484,1003,Welterweight,-227.0,170.0,0.6520906479412704,4,2,0.5326497331926365,True,0.648189427958183,True
5421,1,0.295787513256073,0.027310609817504883,0,3219,2020-02-22,136,398,Flyweight,220.0,-278.0,0.2982013253392238,1,4,0.3371634806704872,True,0.2663018752099894,True
5422,1,0.37673771381378174,0.01173412799835205,1,3220,2020-02-22,1021,3984,Strawweight,-189.0,150.0,0.6204858831254104,13,1,0.3984703823322658,True,0.6085102587272491,True
5423,1,0.4361863136291504,0.09818899631500244,1,3221,2020-02-22,576,3067,Flyweight,160.0,-200.0,0.36585365853658536,3,3,0.4420611228361394,True,0.3392609488122355,True
5424,1,0.2858535051345825,0.11429774761199951,0,3217,2020-02-22,3342,2938,Welterweight,187.0,-240.0,0.3304821150855366,3,12,0.32939769266722657,True,0.29848921827111785,True
5425,1,0.43388497829437256,0.010250449180603027,0,3201,2020-02-29,949,2576,Featherweight,225.0,-300.0,0.2909090909090909,0,4,0.4403861682621446,True,0.26270201348774286,True
5426,1,0.5488878488540649,0.02978193759918213,1,3203,2020-02-29,1099,865,Bantamweight,103.0,-139.0,0.4585835715793311,0,1,0.523920418791108,True,0.4400364679809888,True
5427,1,0.5595085620880127,0.0288580060005188,0,3198,2020-02-29,3661,4866,Flyweight,-161.0,127.0,0.5833798904975498,18,7,0.5316940095275748,True,0.574120444007518,True
5428,1,0.39709025621414185,0.01959407329559326,0,3199,2020-02-29,311,4513,Featherweight,500.0,-833.0,0.1573090541224077,1,2,0.4134844210695641,True,0.1323896752309782,True
5429,1,0.44910240173339844,0.05562937259674072,0,3200,2020-02-29,673,2320,Light Heavyweight,175.0,-225.0,0.34437086092715236,7,4,0.45145002452467603,True,0.31747341421961556,True
5430,1,0.3520283102989197,0.0587846040725708,0,3202,2020-02-29,4618,1092,Featherweight,350.0,-550.0,0.208,0,2,0.3800650662071606,True,0.17938115410305258,True
5431,1,0.38640233874320984,0.00452953577041626,0,3206,2020-02-29,3846,4215,Lightweight,225.0,-285.0,0.29361296472831266,0,5,0.4056144097201159,True,0.26420919262962517,True
5432,1,0.41958194971084595,0.008226156234741211,1,3207,2020-02-29,1911,3369,Featherweight,-139.0,110.0,0.5498210585797701,2,0,0.42995868227962575,True,0.533549262999483,True
5433,1,0.475141704082489,0.07027411460876465,0,3208,2020-02-29,871,1094,Featherweight,-207.0,170.0,0.6454555953343342,0,0,0.47033792705045624,True,0.6385316591555655,True
5434,1,0.6591647863388062,0.056418657302856445,0,3209,2020-02-29,1195,2792,Welterweight,-135.0,-100.0,0.5346534653465347,3,1,0.6063452796592627,True,0.5250221834410485,True
5435,1,0.3567960560321808,0.019939899444580078,1,3205,2020-02-29,3156,3278,Heavyweight,-100.0,-135.0,0.4653465346534653,9,2,0.3836337647740332,True,0.4410770623194881,True
5436,1,0.4895252585411072,0.06193363666534424,1,3204,2020-02-29,2789,4772,Middleweight,110.0,-175.0,0.4280155642023346,1,5,0.48076242302987876,True,0.40582484495125665,True
5437,1,0.48684680461883545,0.04366028308868408,0,3188,2020-03-07,4796,82,Strawweight,187.0,-235.0,0.33186388627470403,13,4,0.47882113926472086,True,0.30566864422635404,True
5438,1,0.7134448289871216,0.01253366470336914,1,3187,2020-03-07,553,2271,Middleweight,-303.0,225.0,0.7096018735362997,7,12,0.6491376766685135,True,0.7142821765118409,True
5439,1,0.6616290807723999,0.09793740510940552,1,3189,2020-03-07,4002,2743,Lightweight,-180.0,145.0,0.6116504854368933,16,6,0.6082465956958873,True,0.6078517388196871,True
5440,1,0.488924503326416,0.012074947357177734,0,3190,2020-03-07,4109,1143,Welterweight,-175.0,147.0,0.6111700247437257,12,20,0.48032699829157366,True,0.601914658387238,True
5441,1,0.5760217905044556,0.017606019973754883,1,3191,2020-03-07,2660,3728,Welterweight,-152.0,117.0,0.5668912415784408,16,8,0.5438304776393522,True,0.5568900689548124,True
5442,1,0.5174158215522766,0.010761141777038574,0,3192,2020-03-07,432,252,Bantamweight,245.0,-400.0,0.26595744680851063,7,2,0.5009953531766838,True,0.23968891693717564,True
5443,1,0.4484437108039856,0.044199228286743164,0,3193,2020-03-07,3497,258,Lightweight,200.0,-320.0,0.30434782608695654,2,1,0.4509716353199128,True,0.27662838164724507,True
5444,1,0.6103225350379944,0.028040766716003418,1,3194,2020-03-07,3444,279,Middleweight,-600.0,375.0,0.8028169014084507,1,3,0.5692889787721128,True,0.8097353529375164,True
5445,1,0.6120269894599915,0.002371668815612793,1,3195,2020-03-07,1227,1785,Middleweight,110.0,-139.0,0.45017894142022974,9,2,0.5705645335125226,True,0.43313265484843644,True
5446,1,0.5635367631912231,0.14528250694274902,1,3197,2020-03-07,295,856,Bantamweight,-139.0,104.0,0.542636252296387,1,5,0.5346485781230974,True,0.530401428051846,True
5447,1,0.569301187992096,0.0470501184463501,1,3196,2020-03-07,3770,1876,Featherweight,150.0,-200.0,0.375,1,0,0.5388831329967281,True,0.35260729743177444,True
5448,1,0.5749685764312744,0.07959318161010742,0,3186,2020-03-14,2432,4057,Bantamweight,,,,4,1,0.5430543854013847,True,0.5430543854013847,False
5449,1,0.5777271389961243,0.12433111667633057,1,3176,2020-03-14,3148,3829,Welterweight,-161.0,120.0,0.5757477243172953,13,31,0.5450877439589068,True,0.5664782865835081,True
5450,1,0.6150878071784973,0.04310810565948486,1,3177,2020-03-14,1285,355,Lightweight,-455.0,345.0,0.7848628743095261,8,6,0.572857952473225,True,0.7910704798222056,True
5451,1,0.4477177858352661,0.02533102035522461,0,3178,2020-03-14,189,3146,Light Heavyweight,-164.0,130.0,0.5882719900187149,4,12,0.45044436866469584,True,0.5759158006477526,True
5452,1,0.43204501271247864,0.016848742961883545,1,3179,2020-03-14,1776,4032,Lightweight,-164.0,131.0,0.5893223819301848,20,16,0.4390464925596772,True,0.5765574967140149,True
5453,1,0.5212217569351196,0.05496478080749512,1,3185,2020-03-14,1196,1276,Flyweight,-128.0,-100.0,0.5289256198347108,0,1,0.5037608504783735,True,0.5143235247344407,True
5454,1,0.32418203353881836,0.08713173866271973,0,3181,2020-03-14,3880,1693,Strawweight,340.0,-455.0,0.21705123191239736,13,2,0.35902653715696553,True,0.18746418438710696,True
5455,1,0.42985838651657104,0.0863807201385498,0,3182,2020-03-14,1605,13,Welterweight,-111.0,-130.0,0.48206193353474325,3,9,0.4374537923364549,True,0.4612645201470342,True
5456,1,0.49533510208129883,0.043262362480163574,1,3184,2020-03-14,3303,4058,Flyweight,135.0,-164.0,0.4065291037881121,7,1,0.48497383725947996,True,0.3833960472597504,True
5457,1,0.5048839449882507,0.029151082038879395,0,3180,2020-03-14,4335,3403,Flyweight,-190.0,155.0,0.6255648805681084,14,7,0.491898465595633,True,0.6179369550039495,True
5458,1,0.4883863925933838,0.036660075187683105,0,3175,2020-03-14,3043,4242,Lightweight,-152.0,110.0,0.5588235294117647,16,25,0.47993698370115007,True,0.5454347050664377,True
5459,1,0.5587921142578125,0.04717075824737549,0,3169,2020-05-09,3250,2459,Welterweight,114.0,-152.0,0.43652993348115304,34,18,0.5311688905472902,True,0.41695760346540395,True
5460,1,0.42804843187332153,0.02941274642944336,1,3164,2020-05-09,415,3525,Lightweight,190.0,-250.0,0.32558139534883723,6,16,0.4361349219583335,True,0.29766106866441805,True
5461,1,0.6229041814804077,0.03448939323425293,1,3166,2020-05-09,5091,1045,Heavyweight,-255.0,190.0,0.6756509821836454,11,4,0.5787316226197222,True,0.6753218615606963,True
5462,1,0.5805636644363403,0.03200918436050415,1,3167,2020-05-09,781,1430,Featherweight,-255.0,187.0,0.6733679900630261,6,32,0.5471807298348054,True,0.6716398170142104,True
5463,1,0.5224416255950928,0.061835289001464844,1,3168,2020-05-09,647,2190,Heavyweight,-250.0,185.0,0.6705882352941177,5,1,0.504647563448869,True,0.6669991618475289,True
5464,1,0.4068954586982727,0.06343913078308105,0,3171,2020-05-09,3600,940,Strawweight,118.0,-152.0,0.43198025233132203,8,10,0.4206795868488842,True,0.4074411043623758,True
5465,1,0.5999512672424316,0.039624810218811035,0,3170,2020-05-09,2507,1346,Heavyweight,-340.0,225.0,0.715210355987055,16,11,0.5615505228102879,True,0.7169755157705525,True
5466,1,0.3853011727333069,0.02051520347595215,0,3172,2020-05-09,2863,886,Welterweight,200.0,-275.0,0.3125,10,13,0.4048018146125565,True,0.28321483252613094,True
5467,1,0.5793794989585876,0.032102346420288086,1,3165,2020-05-09,2451,1550,Bantamweight,-230.0,162.0,0.6461505468582458,11,6,0.546306699356146,True,0.6423468442185515,True
5468,1,0.3069339692592621,0.02585768699645996,0,3173,2020-05-09,4404,4747,Featherweight,140.0,-191.0,0.3883106485188151,6,3,0.34580171122972037,True,0.3584999783669993,True
5469,1,0.6017715334892273,0.017830371856689453,1,3174,2020-05-09,1191,2738,Light Heavyweight,-455.0,290.0,0.7617514488087572,3,18,0.5629059288032695,True,0.766444182429304,True
5470,1,0.5863543748855591,0.05318117141723633,1,3159,2020-05-13,3519,4421,Lightweight,-113.0,-115.0,0.49795039967206395,3,22,0.5514606132790681,True,0.48322229953031115,True
5471,1,0.4858524203300476,0.0008426904678344727,0,3160,2020-05-13,2087,2525,Bantamweight,265.0,-400.0,0.25510204081632654,7,4,0.47810045794173456,True,0.2281585783352497,True
5472,1,0.4991452693939209,0.0834396481513977,0,3154,2020-05-13,3269,1552,Light Heavyweight,-230.0,187.0,0.6667003332996667,12,18,0.48773636430667255,True,0.6621509600201128,True
5473,1,0.5846211314201355,0.001946091651916504,0,3155,2020-05-13,172,1939,Heavyweight,-152.0,125.0,0.5757575757575758,20,13,0.5501785583041717,True,0.5667095140624824,True
5474,1,0.47365814447402954,0.017521023750305176,1,3156,2020-05-13,4219,1205,Lightweight,-175.0,140.0,0.60431654676259,14,4,0.4692626268936084,True,0.5940473983669595,True
5475,1,0.42840704321861267,0.007463693618774414,1,3157,2020-05-13,1387,2628,Bantamweight,-172.0,135.0,0.5977521443359953,5,11,0.4363962725482886,True,0.5855515392369662,True
5476,1,0.4968518018722534,0.09609293937683105,1,3158,2020-05-13,1289,3669,Heavyweight,187.0,-235.0,0.33186388627470403,31,0,0.4860734351880819,True,0.305938215761601,True
5477,1,0.47129344940185547,0.04890453815460205,1,3161,2020-05-13,1275,4424,Lightweight,-175.0,140.0,0.60431654676259,1,8,0.46754855957524755,True,0.5939748203551803,True
5478,1,0.41228339076042175,0.01832181215286255,1,3162,2020-05-13,3126,2276,Featherweight,180.0,-228.0,0.3394039735099338,7,1,0.42462428742958147,True,0.31135061901853484,True
5479,1,0.5140354633331299,0.031357765197753906,1,3163,2020-05-13,4209,4707,Heavyweight,-190.0,150.0,0.6209150326797385,7,0,0.4985402765471021,True,0.613193632770005,True
5480,1,0.33796486258506775,0.016414940357208252,0,3146,2020-05-16,1141,4910,Middleweight,-105.0,-125.0,0.4796954314720812,9,12,0.36948385963832203,True,0.45567316103309974,True
5481,1,0.6133606433868408,0.05165904760360718,1,3145,2020-05-16,123,3479,Featherweight,110.0,-139.0,0.45017894142022974,6,22,0.571563370241294,True,0.43317642675174717,True
5482,1,0.3787119686603546,0.04636162519454956,1,3152,2020-05-16,3628,2298,Flyweight,-185.0,140.0,0.6090534979423868,10,5,0.39993201517342747,True,0.5961922544974473,True
5483,1,0.5259535908699036,0.008928775787353516,1,3147,2020-05-16,1200,900,Featherweight,-200.0,169.0,0.6420047732696897,5,13,0.5072013245725959,True,0.6362990133192192,True
5484,1,0.6355488300323486,0.12585997581481934,1,3148,2020-05-16,485,3613,Welterweight,-155.0,110.0,0.5607235142118863,1,25,0.5882888616621554,True,0.5522118722486521,True
5485,1,0.5375081300735474,0.03892087936401367,0,3143,2020-05-16,2224,3900,Heavyweight,-164.0,132.0,0.5903674280039722,13,17,0.515614508182372,True,0.5809628359547304,True
5486,1,0.5025310516357422,0.006338000297546387,0,3151,2020-05-16,4399,480,Featherweight,-139.0,-100.0,0.5377176015473888,21,1,0.4901917584933883,True,0.5231747928055455,True
5487,1,0.5463637113571167,0.02981090545654297,1,3153,2020-05-16,1168,3906,Heavyweight,-115.0,-111.0,0.5041554124246831,0,1,0.5220761518981255,True,0.4885707899356399,True
5488,1,0.6207057237625122,0.005666255950927734,1,3150,2020-05-16,3770,1422,Featherweight,-450.0,300.0,0.7659574468085105,2,0,0.5770770445871187,True,0.7713304338294865,True
5489,1,0.5188900232315063,0.05167818069458008,1,3144,2020-05-16,103,1021,Strawweight,-278.0,208.0,0.6937386569872958,10,14,0.5020663732971837,True,0.6918048859097943,True
5490,1,0.6218016147613525,0.012930154800415039,1,3149,2020-05-16,1889,5061,Middleweight,-111.0,-118.0,0.4928711096627016,5,2,0.5779015690629646,True,0.47896464252022475,True
5491,1,0.3660072386264801,0.029773056507110596,0,3135,2020-05-30,1613,2891,Lightweight,275.0,-390.0,0.25096030729833546,1,4,0.3905041047503817,True,0.2213466545088002,True
5492,1,0.3931061625480652,0.02809762954711914,0,3132,2020-05-30,5003,3148,Welterweight,-189.0,160.0,0.6296770886724757,13,14,0.4105542466595211,True,0.6189862814398338,True
5493,1,0.5773032307624817,0.040470123291015625,1,3133,2020-05-30,482,1898,Heavyweight,-130.0,-100.0,0.5306122448979592,3,4,0.5447751447516674,True,0.5179306821035394,True
5494,1,0.4700079560279846,0.03261303901672363,1,3134,2020-05-30,32,1094,Catch Weight,-125.0,-109.0,0.5157946692991116,1,1,0.46661669174663994,True,0.498610931631883,True
5495,1,0.5293279886245728,0.11023116111755371,1,3136,2020-05-30,2431,1301,Strawweight,-525.0,380.0,0.8012718600953894,3,4,0.509656455834254,True,0.8064902528260931,True
5496,1,0.5013909339904785,0.007470369338989258,0,3137,2020-05-30,3800,2802,Flyweight,,,,3,9,0.48936487044547566,True,0.48936487044547566,False
5497,1,0.37135952711105347,0.033904314041137695,0,3140,2020-05-30,1600,1629,Flyweight,-152.0,118.0,0.568019747668678,12,0,0.3944823976743479,True,0.5515795682620924,True
5498,1,0.4409373104572296,0.023401319980621338,0,3141,2020-05-30,4943,3892,Bantamweight,225.0,-300.0,0.2909090909090909,13,3,0.44551686702528426,True,0.2628781307908483,True
5499,1,0.4910132586956024,0.02742832899093628,0,3138,2020-05-30,2127,4230,Welterweight,275.0,-370.0,0.2530282637954239,0,1,0.48184095166405816,True,0.22621626111759557,True
5500,1,0.6270515322685242,0.047398924827575684,1,3142,2020-05-30,4736,1342,Featherweight,-125.0,-100.0,0.5263157894736842,3,3,0.5818585353155276,True,0.514966493624424,True
5501,1,0.6902359127998352,0.12529313564300537,0,3125,2020-06-06,1993,16,Featherweight,-222.0,180.0,0.658753709198813,1,21,0.6305900993707945,True,0.6593379600836589,True
5502,1,0.45131444931030273,0.03641676902770996,0,3121,2020-06-06,645,4633,Bantamweight,125.0,-155.0,0.42236024844720504,15,9,0.45305628668952247,True,0.39869645424374844,True
5503,1,0.4203043282032013,0.017905473709106445,0,3122,2020-06-06,939,1738,Bantamweight,-111.0,-125.0,0.4863680623174294,5,13,0.4304861234208383,True,0.4655472959067131,True
5504,1,0.5674331188201904,0.03346675634384155,1,3123,2020-06-06,1143,1583,Welterweight,-139.0,110.0,0.5498210585797701,21,14,0.5375099776520348,True,0.5382502612154297,True
5505,1,0.2993757128715515,0.037532806396484375,0,3124,2020-06-06,999,252,Bantamweight,380.0,-580.0,0.19630484988452657,13,3,0.3399526409570363,True,0.16716829234513927,True
5506,1,0.5964014530181885,0.044236719608306885,1,3120,2020-06-06,2923,4513,Featherweight,-625.0,400.0,0.8116883116883117,13,3,0.5589105121162726,True,0.8186920363601694,True
5507,1,0.47709959745407104,0.018128633499145508,1,3126,2020-06-06,2939,1227,Middleweight,-145.0,110.0,0.554140127388535,4,10,0.47175696560838487,True,0.540035879477574,True
5508,1,0.3379552960395813,0.06700503826141357,0,3127,2020-06-06,3126,1086,Featherweight,177.0,-227.0,0.3421253622657697,8,6,0.36947663248443285,True,0.3119704277031179,True
5509,1,0.43873846530914307,0.015665769577026367,0,3128,2020-06-06,4753,2280,Middleweight,-175.0,138.0,0.6023138105567607,3,1,0.4439178295782397,True,0.5908050987781984,True
5510,1,0.5868677496910095,0.09179973602294922,1,3129,2020-06-06,2586,4335,Flyweight,-145.0,110.0,0.554140127388535,6,15,0.5518405208856033,True,0.543522018708291,True
5511,1,0.4169214367866516,0.077545166015625,0,3131,2020-06-06,2632,1089,Catch Weight,200.0,-270.0,0.3135593220338983,20,1,0.428015314267533,True,0.28513760788629805,True
5512,1,0.5575583577156067,0.013913273811340332,1,3130,2020-06-06,2595,2559,Light Heavyweight,184.0,-278.0,0.3237631903521995,9,2,0.5302648693367511,True,0.2992625908703242,True
5513,1,0.5440621972084045,0.1084219217300415,1,3113,2020-06-13,692,3703,Featherweight,-227.0,180.0,0.6602950342821525,14,2,0.5203955397202612,True,0.6565338533480718,True
5514,1,0.6449222564697266,0.10292339324951172,1,3110,2020-06-13,101,4402,Flyweight,-152.0,125.0,0.5757575757575758,7,12,0.5954215251150453,True,0.5686947844608818,True
5515,1,0.3976384401321411,0.044794678688049316,0,3111,2020-06-13,4437,3725,Middleweight,170.0,-214.0,0.3520968827091276,6,7,0.4138872822863322,True,0.3239566649662009,True
5516,1,0.40786975622177124,0.05241978168487549,1,3112,2020-06-13,4404,1403,Lightweight,135.0,-175.0,0.4007285974499089,7,4,0.4213933556253334,True,0.3746787706706732,True
5517,1,0.4634472131729126,0.07023632526397705,0,3114,2020-06-13,1115,3159,Bantamweight,151.0,-189.0,0.37857451630228317,6,3,0.46185974948897085,True,0.35324786399577557,True
5518,1,0.39808517694473267,0.03602194786071777,0,3115,2020-06-13,1301,639,Flyweight,250.0,-380.0,0.26519337016574585,5,0,0.4142155354607758,True,0.23614961534698947,True
5519,1,0.5983264446258545,0.21236443519592285,1,3117,2020-06-13,4525,889,Bantamweight,-714.0,500.0,0.8403295409964692,1,4,0.5603416084284583,True,0.8483319288515425,True
5520,1,0.30797719955444336,0.044249773025512695,1,3118,2020-06-13,136,615,Bantamweight,-152.0,105.0,0.5528743789921929,2,0,0.3466063417794127,True,0.5330092615264497,True
5521,1,0.5109053254127502,0.05075216293334961,1,3119,2020-06-13,4267,4196,Welterweight,150.0,-227.0,0.3655673560648407,0,0,0.4962678257052725,True,0.3411022788983237,True
5522,1,0.38229984045028687,0.0030405521392822266,0,3116,2020-06-13,3457,4284,Catch Weight,500.0,-833.0,0.1573090541224077,0,5,0.4025852460376675,True,0.13216323432582108,True
5523,1,0.4279738664627075,0.02295827865600586,0,3098,2020-06-20,2905,4325,Heavyweight,265.0,-400.0,0.25510204081632654,6,11,0.43608057734287403,True,0.22685676014405787,True
5524,1,0.6880359649658203,0.013988733291625977,1,3100,2020-06-20,4933,3579,Bantamweight,-250.0,180.0,0.6666666666666667,12,10,0.6288527522399532,True,0.6677287053684627,True
5525,1,0.5466246008872986,0.025545835494995117,1,3101,2020-06-20,2843,1412,Welterweight,-125.0,-100.0,0.5263157894736842,10,5,0.5222667178401336,True,0.5123313141559878,True
5526,1,0.4740244746208191,0.004616975784301758,1,3103,2020-06-20,681,2215,Lightweight,,,,11,28,0.4695281514314165,True,0.4695281514314165,False
5527,1,0.35097736120224,0.006431698799133301,1,3102,2020-06-20,2795,2891,Catch Weight,200.0,-265.0,0.3146551724137931,34,5,0.37927721122653485,True,0.28444236051458316,True
5528,1,0.42057693004608154,0.01413118839263916,1,3099,2020-06-20,4245,1423,Featherweight,150.0,-190.0,0.3790849673202614,8,7,0.4306851384892545,True,0.35251841109029297,True
5529,1,0.39280855655670166,0.00720667839050293,1,3104,2020-06-20,3830,4016,Strawweight,,,,11,1,0.410335204313474,True,0.410335204313474,False
5530,1,0.5484120845794678,0.028830289840698242,0,3109,2020-06-20,4627,3497,Lightweight,-200.0,155.0,0.6296296296296295,0,3,0.5235727112273096,True,0.6236259325229008,True
5531,1,0.5894790887832642,0.0030782222747802734,1,3106,2020-06-20,1335,3628,Flyweight,-125.0,-102.0,0.5238589211618258,6,11,0.5537741998142118,True,0.5110803481346151,True
5532,1,0.5772863626480103,0.012197256088256836,1,3107,2020-06-20,1461,97,Lightweight,240.0,-333.0,0.27664196268847435,0,6,0.544762706843373,True,0.25183860974249533,True
5533,1,0.6038636565208435,0.023257732391357422,1,3108,2020-06-20,2548,2504,Flyweight,-135.0,-111.0,0.5219901044529962,8,7,0.5644651941002585,True,0.5095495844958549,True
5534,1,0.30601322650909424,0.0975731611251831,1,3093,2020-06-27,3697,2664,Catch Weight,390.0,-556.0,0.1940598745710567,5,1,0.3450910214640692,True,0.16518594797642921,True
5535,1,0.34990930557250977,0.025706171989440918,1,3094,2020-06-27,982,4215,Lightweight,200.0,-255.0,0.3169642857142857,1,6,0.37847607444639814,True,0.2867469074914133,True
5536,1,0.5670219659805298,0.02409517765045166,1,3088,2020-06-27,1820,656,Lightweight,-250.0,185.0,0.6705882352941177,23,14,0.5372078664285065,True,0.6682653292664291,True
5537,1,0.4945976138114929,0.007921814918518066,0,3089,2020-06-27,604,4150,Welterweight,240.0,-333.0,0.27664196268847435,7,12,0.48443919351026626,True,0.24985208815020765,True
5538,1,0.43675339221954346,0.0316697359085083,0,3090,2020-06-27,3753,1002,Heavyweight,225.0,-290.0,0.2926829268292683,15,5,0.4424737469981825,True,0.26455830158340965,True
5539,1,0.3690459728240967,0.026783466339111328,0,3091,2020-06-27,3882,2789,Middleweight,250.0,-350.0,0.26865671641791045,0,2,0.3927639555537485,True,0.23887634082095935,True
5540,1,0.6056094169616699,0.0531001091003418,1,3092,2020-06-27,4638,4350,Welterweight,-250.0,200.0,0.6818181818181818,2,0,0.5657675054372222,True,0.6814247782934503,True
5541,1,0.6457492113113403,0.016736507415771484,1,3095,2020-06-27,5071,3669,Heavyweight,-100.0,-139.0,0.4622823984526112,2,1,0.5960528734607601,True,0.4471363009360923,True
5542,1,0.6259725689888,0.09290242195129395,1,3096,2020-06-27,4652,2544,Strawweight,-235.0,187.0,0.6681361137252959,0,0,0.5810443338358352,True,0.6673591468834094,True
5543,1,0.36456266045570374,0.12816601991653442,0,3097,2020-06-27,1911,91,Featherweight,110.0,-139.0,0.45017894142022974,3,1,0.3894286715233432,True,0.4252726348753882,True
5544,1,0.46885570883750916,0.04126882553100586,1,3078,2020-07-11,141,1518,Strawweight,-240.0,170.0,0.6558704453441295,9,16,0.46578136849631124,True,0.6495964908715801,True
5545,1,0.5685479044914246,0.10821020603179932,1,3086,2020-07-11,3698,784,Bantamweight,-330.0,240.0,0.7229381443298969,1,2,0.5383293170530696,True,0.7243961120110762,True
5546,1,0.5518542528152466,0.007707655429840088,1,3087,2020-07-11,2649,2391,Bantamweight,-110.0,-139.0,0.47386445565969726,5,1,0.5260893481328835,True,0.4563926624574491,True
5547,1,0.6356188058853149,0.04240584373474121,1,3079,2020-07-11,1693,3157,Flyweight,-833.0,475.0,0.8369664933816784,3,8,0.5883419530861024,True,0.8455309972266322,True
5548,1,0.5754575729370117,0.03010272979736328,0,3076,2020-07-11,827,1106,Featherweight,162.0,-230.0,0.35384945314175426,22,8,0.5434146804870392,True,0.33079141345218327,True
5549,1,0.43436017632484436,0.021724700927734375,1,3080,2020-07-11,3603,589,Light Heavyweight,152.0,-200.0,0.3731343283582089,0,8,0.4407320838448254,True,0.3467495339297171,True
5550,1,0.4286377429962158,0.006885647773742676,0,3084,2020-07-11,1979,3156,Heavyweight,110.0,-139.0,0.45017894142022974,0,10,0.4365643927954303,True,0.42735333773293754,True
5551,1,0.6326271891593933,0.02348482608795166,1,3082,2020-07-11,4172,3448,Featherweight,-222.0,156.0,0.6383322850211159,7,3,0.586074212711341,True,0.6355747104423548,True
5552,1,0.44743970036506653,0.02068328857421875,0,3085,2020-07-11,663,372,Flyweight,130.0,-172.0,0.4074295985620132,0,3,0.4502423713784412,True,0.38289823429548536,True
5553,1,0.48172080516815186,0.06436038017272949,1,3083,2020-07-11,4428,2109,Lightweight,-200.0,162.0,0.6359223300970873,7,0,0.4751061409744201,True,0.6284294169862598,True
5554,1,0.34409019351005554,0.07407456636428833,0,3077,2020-07-11,1375,362,Bantamweight,200.0,-270.0,0.3135593220338983,15,6,0.3741029170202479,True,0.2831394271836439,True
5555,1,0.45029717683792114,0.049204349517822266,1,3081,2020-07-11,3136,13,Welterweight,-142.0,110.0,0.5520177711958534,4,10,0.45231765568915455,True,0.5369009916107801,True
5556,1,0.34462153911590576,0.014461278915405273,0,3075,2020-07-11,3927,392,Welterweight,200.0,-278.0,0.3118811881188118,18,11,0.37450282549065517,True,0.2814605101457573,True
5557,1,0.38066723942756653,0.03247147798538208,1,3066,2020-07-15,3423,1086,Featherweight,-117.0,-111.0,0.5061508180588018,9,7,0.4013784166565624,True,0.4853753324307171,True
5558,1,0.5009260773658752,0.04163861274719238,0,3067,2020-07-15,2701,807,Flyweight,-220.0,170.0,0.6498905908096281,4,1,0.4890277458939908,True,0.6440723844867765,True
5559,1,0.6395405530929565,0.01979351043701172,0,3064,2020-07-15,123,781,Featherweight,200.0,-265.0,0.3146551724137931,7,7,0.5913211304316737,True,0.29217505760623574,True
5560,1,0.3984501361846924,0.13434290885925293,1,3065,2020-07-15,1600,2337,Flyweight,-164.0,135.0,0.5934708962118879,13,7,0.41448366407900755,True,0.5799702026914914,True
5561,1,0.4244777262210846,0.003413259983062744,1,3068,2020-07-15,2368,4237,Welterweight,275.0,-360.0,0.25414364640883974,0,5,0.4335315531942278,True,0.22583041572830123,True
5562,1,0.6804382801055908,0.026874542236328125,1,3069,2020-07-15,3456,2520,Middleweight,-600.0,375.0,0.8028169014084507,0,4,0.6228782338392118,True,0.8112317182082768,True
5563,1,0.6417423486709595,8.678436279296875e-05,0,3070,2020-07-15,222,3562,Featherweight,-185.0,150.0,0.6187290969899665,6,1,0.5929969819720851,True,0.6147995492424626,True
5564,1,0.48879125714302063,4.857778549194336e-05,1,3073,2020-07-15,2836,3853,Flyweight,180.0,-222.0,0.34124629080118696,1,1,0.48023042297197327,True,0.31535504043748536,True
5565,1,0.2893051505088806,0.0900338888168335,0,3074,2020-07-15,4409,4168,Bantamweight,600.0,-1000.0,0.13580246913580246,2,1,0.3321034857343043,True,0.11108844962205575,True
5566,1,0.5618976354598999,0.029542922973632812,1,3071,2020-07-15,979,855,Light Heavyweight,-139.0,-100.0,0.5377176015473888,0,0,0.5334458878342353,True,0.5250636553664202,True
5567,1,0.4905810058116913,0.03374934196472168,0,3072,2020-07-15,3707,1823,Featherweight,115.0,-164.0,0.42815439506973724,3,6,0.48152764204309983,True,0.406003594820789,True
5568,1,0.4813172221183777,0.01651763916015625,1,3057,2020-07-18,3243,396,Light Heavyweight,-172.0,130.0,0.5925704014379869,0,2,0.4748136530819524,True,0.5816013438257046,True
5569,1,0.4585592448711395,0.002443075180053711,1,3052,2020-07-18,4866,3661,Flyweight,-250.0,185.0,0.6705882352941177,8,19,0.4583142656843966,True,0.6651932746118155,True
5570,1,0.4807204008102417,0.013633131980895996,1,3053,2020-07-18,4468,717,Middleweight,-125.0,-115.0,0.5094786729857821,10,16,0.4743811192728402,True,0.49218423674901374,True
5571,1,0.5938392877578735,0.1060836911201477,0,3054,2020-07-18,785,4050,Lightweight,-220.0,165.0,0.6456256921373201,8,2,0.5570076224101388,True,0.6422168500131122,True
5572,1,0.4229927361011505,0.013613700866699219,1,3055,2020-07-18,510,3433,Flyweight,,,,3,1,0.4324482563539943,True,0.4324482563539943,False
5573,1,0.524286150932312,0.024121761322021484,1,3056,2020-07-18,723,3958,Flyweight,150.0,-210.0,0.37125748502994016,2,8,0.5059886501694997,True,0.3473975291500036,True
5574,1,0.5002805590629578,0.02582395076751709,0,3059,2020-07-18,872,4835,Lightweight,-278.0,205.0,0.6916551105310385,7,2,0.48855961982098517,True,0.689059687686503,True
5575,1,0.36220496892929077,0.008789658546447754,1,3060,2020-07-18,1806,497,Bantamweight,200.0,-275.0,0.3125,6,4,0.38767186432646705,True,0.28257969534320276,True
5576,1,0.46205681562423706,0.07745170593261719,0,3061,2020-07-18,1449,2023,Bantamweight,112.0,-152.0,0.4388409027584286,0,0,0.4608513658819175,True,0.4164075973409702,True
5577,1,0.5343369245529175,0.03286266326904297,1,3062,2020-07-18,1482,225,Lightweight,-260.0,180.0,0.6691176470588236,2,6,0.5133036084509525,True,0.6657526880735749,True
5578,1,0.5412225127220154,0.040093302726745605,0,3063,2020-07-18,585,3278,Heavyweight,150.0,-205.0,0.3730886850152905,0,3,0.5183231982688735,True,0.34979335846196785,True
5579,1,0.5938206911087036,0.02776813507080078,1,3058,2020-07-18,1092,581,Catch Weight,-310.0,237.0,0.7181549460369836,3,3,0.5569938187163861,True,0.7199532438254514,True
5580,1,0.4342895746231079,0.0062105655670166016,0,3042,2020-07-25,2704,2660,Welterweight,-105.0,-139.0,0.46827766374323565,9,17,0.44068069197603343,True,0.4467343429168606,True
5581,1,0.45281657576560974,0.08938533067703247,1,3044,2020-07-25,1776,1844,Lightweight,-100.0,-132.0,0.4677419354838709,21,0,0.4541468037231023,True,0.4467534230360194,True
5582,1,0.3657524287700653,0.10965925455093384,0,3038,2020-07-25,2380,2597,Light Heavyweight,170.0,-250.0,0.3414634146341463,12,20,0.3903144618914652,True,0.31212435824222107,True
5583,1,0.6007659435272217,0.11250829696655273,0,3039,2020-07-25,2293,2507,Heavyweight,-333.0,234.0,0.7197810020579594,16,17,0.5621570051077625,True,0.721871435669667,True
5584,1,0.5707839727401733,0.06326413154602051,1,3040,2020-07-25,940,2206,Strawweight,159.0,-210.0,0.36304016863801386,11,4,0.5399736898724438,True,0.3401976184144887,True
5585,1,0.37339091300964355,0.06284892559051514,0,3041,2020-07-25,4290,1741,Light Heavyweight,125.0,-155.0,0.42236024844720504,4,9,0.39598978990139033,True,0.3962477652486249,True
5586,1,0.43024447560310364,0.05144381523132324,0,3043,2020-07-25,4091,3456,Welterweight,675.0,-1250.0,0.12231030577576443,0,1,0.4377350631645284,True,0.10076845524352873,True
5587,1,0.5207419395446777,0.008953094482421875,0,3046,2020-07-25,2445,2691,Heavyweight,250.0,-400.0,0.26315789473684204,6,0,0.503412119183914,True,0.23696861181246287,True
5588,1,0.5551950931549072,0.01102137565612793,1,3047,2020-07-25,4085,1684,Featherweight,-189.0,146.0,0.6166803724434305,2,1,0.5285341078666214,True,0.6098740530308815,True
5589,1,0.6197686791419983,0.0192795991897583,1,3048,2020-07-25,5071,2118,Heavyweight,-250.0,193.0,0.6766743648960739,3,2,0.57637242709871,True,0.6763257444193751,True
5590,1,0.41290077567100525,0.010490357875823975,0,3049,2020-07-25,4041,4591,Bantamweight,130.0,-165.0,0.4111714507370054,10,3,0.4250759186449711,True,0.38576179310267533,True
5591,1,0.4775318503379822,0.04991579055786133,0,3050,2020-07-25,4444,2807,Welterweight,300.0,-420.0,0.23636363636363636,0,4,0.47207024514948004,True,0.20947402252516392,True
5592,1,0.6169289350509644,0.0012666583061218262,1,3051,2020-07-25,2806,2683,Bantamweight,-455.0,340.0,0.7829487680876027,4,0,0.574239250847836,True,0.7891046198834374,True
5593,1,0.5293094515800476,0.0011627674102783203,1,3037,2020-07-25,1970,4375,Middleweight,-170.0,137.0,0.5987516718680339,14,9,0.5096429647655845,True,0.5897492427081437,True
5594,1,0.5310807228088379,0.07803177833557129,0,3030,2020-08-01,4391,697,Flyweight,,,,10,4,0.5109322825492824,True,0.5109322825492824,False
5595,1,0.6449472904205322,0.008486688137054443,0,3029,2020-08-01,3888,3998,Middleweight,-400.0,285.0,0.7549019607843138,4,16,0.5954406325019175,True,0.7602688727511825,True
5596,1,0.5594587922096252,0.06843268871307373,1,3032,2020-08-01,681,4496,Lightweight,,,,12,9,0.5316575272056148,True,0.5316575272056148,False
5597,1,0.5131896734237671,0.07368779182434082,1,3031,2020-08-01,886,1933,Welterweight,-210.0,160.0,0.6378504672897196,14,9,0.4979261597596264,True,0.6314418682415042,True
5598,1,0.5382428169250488,0.04761457443237305,0,3035,2020-08-01,336,1876,Featherweight,333.0,-500.0,0.21699819168173598,0,1,0.5161501012607683,True,0.19174023229986412,True
5599,1,0.5071069002151489,0.03511333465576172,0,3034,2020-08-01,1315,3160,Featherweight,,,,0,0,0.4935112371773237,True,0.4935112371773237,False
5600,1,0.6087225675582886,0.019353151321411133,1,3033,2020-08-01,735,318,Bantamweight,-250.0,200.0,0.6818181818181818,4,9,0.5680926173331216,True,0.6815146504152177,True
5601,1,0.3680998682975769,0.03454256057739258,0,3017,2020-08-08,1346,3901,Heavyweight,169.0,-210.0,0.3543262087095668,12,19,0.39206069541753813,True,0.3253780746703565,True
5602,1,0.5421286225318909,0.03952443599700928,0,3018,2020-08-08,3589,1664,Middleweight,125.0,-155.0,0.42236024844720504,12,15,0.5189843110772381,True,0.4014698577527783,True
5603,1,0.42232245206832886,0.012404203414916992,0,3019,2020-08-08,2280,1233,Middleweight,150.0,-190.0,0.3790849673202614,2,9,0.4319591653920151,True,0.352570243938067,True
5604,1,0.4626811742782593,0.004114866256713867,0,3020,2020-08-08,1024,3480,Bantamweight,,,,1,4,0.46130419386586696,True,0.46130419386586696,False
5605,1,0.6925886869430542,0.024458229541778564,1,3021,2020-08-08,4002,1472,Lightweight,-230.0,170.0,0.6529968454258674,17,10,0.6324519196898214,True,0.6532556613952482,True
5606,1,0.4473155736923218,0.009837985038757324,1,3022,2020-08-08,4115,4190,Welterweight,122.0,-172.0,0.4160039153309678,21,3,0.45015220513796295,True,0.3918910851700484,True
5607,1,0.39293038845062256,0.03809309005737305,0,3023,2020-08-08,3557,1889,Middleweight,360.0,-500.0,0.20689655172413793,0,6,0.4104248771423725,True,0.17914104987771634,True
5608,1,0.615222692489624,0.02495861053466797,1,3024,2020-08-08,4065,2945,Lightweight,-278.0,200.0,0.6881188118811881,5,0,0.5729591039823076,True,0.688448927531175,True
5609,1,0.42957866191864014,0.060439109802246094,1,3025,2020-08-08,1116,1577,Middleweight,110.0,-139.0,0.45017894142022974,7,2,0.4372499956971279,True,0.42738315389502934,True
5610,1,0.44276195764541626,0.02663898468017578,1,3026,2020-08-08,4641,1461,Featherweight,-130.0,-102.0,0.5281576830249397,3,1,0.4468433571197178,True,0.5110034289968141,True
5611,1,0.6943452954292297,0.06768918037414551,1,3027,2020-08-08,91,3705,Featherweight,-575.0,400.0,0.8098591549295775,2,0,0.6338445641854037,True,0.8188215864781485,True
5612,1,0.4468178451061249,0.03290081024169922,1,3028,2020-08-08,1422,751,Bantamweight,-175.0,133.0,0.5972171365800073,1,0,0.44979063750941084,True,0.5855493578715053,True
5613,1,0.4693650007247925,0.01380622386932373,1,3011,2020-08-15,1014,2795,Lightweight,-139.0,102.0,0.5401900804186387,7,35,0.46615058614946114,True,0.5247816765268334,True
5614,1,0.4309142827987671,0.08951985836029053,0,3006,2020-08-15,4771,4419,Heavyweight,-117.0,-111.0,0.5061508180588018,14,16,0.43822297469513305,True,0.4870282661495308,True
5615,1,0.5906955599784851,0.0065773725509643555,0,3007,2020-08-15,252,900,Bantamweight,-303.0,235.0,0.7158069179507071,4,14,0.5546757044690291,True,0.7173648925695245,True
5616,1,0.5665955543518066,0.037806808948516846,0,3008,2020-08-15,3625,1045,Heavyweight,110.0,-145.0,0.4458598726114649,21,5,0.5368945859693708,True,0.4270876973925588,True
5617,1,0.33477163314819336,0.04715609550476074,1,3009,2020-08-15,2797,1089,Featherweight,220.0,-290.0,0.2959028831562974,7,2,0.3670691655978572,True,0.2651207796747768,True
5618,1,0.6226190328598022,0.12788748741149902,1,3012,2020-08-15,358,4611,Strawweight,-325.0,240.0,0.7222222222222222,2,8,0.578516903086879,True,0.7250553991112081,True
5619,1,0.4997156858444214,0.08485305309295654,0,3013,2020-08-15,3369,4377,Featherweight,-145.0,110.0,0.554140127388535,1,0,0.4881499941325533,True,0.5407491001767701,True
5620,1,0.5818651914596558,0.06657743453979492,1,3014,2020-08-15,1869,946,Strawweight,-200.0,162.0,0.6359223300970873,3,6,0.5481418392988183,True,0.6314138032491114,True
5621,1,0.44970524311065674,0.052359700202941895,0,3015,2020-08-15,1539,2720,Heavyweight,-111.0,-130.0,0.48206193353474325,0,0,0.4518878167220191,True,0.46189965985988596,True
5622,1,0.563228964805603,0.026880264282226562,1,3016,2020-08-15,202,4883,Featherweight,-265.0,200.0,0.685344827586207,0,0,0.5344226882000642,True,0.6840070652861286,True
5623,1,0.3892410695552826,0.03191012144088745,0,3010,2020-08-15,3231,4284,Bantamweight,225.0,-280.0,0.2945736434108528,16,6,0.4077076648458789,True,0.26524757398368765,True
5624,1,0.43738728761672974,0.02725386619567871,0,2999,2020-08-22,3497,3463,Lightweight,-130.0,-100.0,0.5306122448979592,4,1,0.4429349407590425,True,0.5134665863043074,True
5625,1,0.41454869508743286,0.07440924644470215,0,2997,2020-08-22,4529,370,Bantamweight,-278.0,220.0,0.7017986746607764,13,26,0.42628104265581335,True,0.6976543412975764,True
5626,1,0.5922095775604248,0.007555961608886719,1,2998,2020-08-22,2480,3621,Light Heavyweight,-250.0,180.0,0.6666666666666667,4,2,0.5557983627231313,True,0.6647814915702276,True
5627,1,0.32250258326530457,0.08560234308242798,1,3000,2020-08-22,3067,639,Flyweight,900.0,-1667.0,0.09583988718338125,4,1,0.3577458803054783,True,0.07611546312127508,True
5628,1,0.6453205943107605,0.007433533668518066,1,3003,2020-08-22,2443,4707,Light Heavyweight,-125.0,-100.0,0.5263157894736842,0,1,0.5957255975895848,True,0.5155919517664891,True
5629,1,0.5023282766342163,0.02045881748199463,0,3004,2020-08-22,3695,1056,Welterweight,-111.0,-115.0,0.4958445875753168,0,0,0.49004468756807085,True,0.47828145165940156,True
5630,1,0.48070675134658813,0.06220012903213501,1,3002,2020-08-22,811,4721,Strawweight,110.0,-155.0,0.4392764857881137,2,1,0.474371227093924,True,0.4174452260910416,True
5631,1,0.46575793623924255,0.07346796989440918,1,3001,2020-08-22,4230,2122,Welterweight,-210.0,165.0,0.6422388920946336,2,3,0.4635353798763391,True,0.6347803212637309,True
5632,1,0.6124832630157471,0.0324711799621582,1,2987,2020-08-29,397,3269,Light Heavyweight,-250.0,200.0,0.6818181818181818,5,13,0.5709061812442868,True,0.6816235400717966,True
5633,1,0.3117743730545044,0.06815934181213379,0,2988,2020-08-29,4069,1143,Welterweight,195.0,-250.0,0.32183908045977005,21,22,0.3495297263079988,True,0.29055485952896615,True
5634,1,0.40639543533325195,0.04398477077484131,0,2989,2020-08-29,3213,2289,Flyweight,223.0,-278.0,0.2962521748671568,5,6,0.42031319115198373,True,0.26737878188275294,True
5635,1,0.5117278099060059,0.11595165729522705,1,2990,2020-08-29,342,1705,Featherweight,-303.0,210.0,0.6997690531177829,16,0,0.4968648632366942,True,0.6980913824292603,True
5636,1,0.42973607778549194,0.043888211250305176,0,2991,2020-08-29,2280,4922,Middleweight,125.0,-155.0,0.42236024844720504,3,0,0.43736468429563746,True,0.39803072797933403,True
5637,1,0.4251466691493988,0.05344647169113159,1,2992,2020-08-29,1881,3429,Middleweight,110.0,-139.0,0.45017894142022974,12,7,0.43401942750527417,True,0.42724257125658516,True
5638,1,0.607856810092926,0.029209256172180176,1,2993,2020-08-29,16,1153,Featherweight,-200.0,160.0,0.6341463414634145,22,0,0.5674456531570391,True,0.6302997374168331,True
5639,1,0.5865190625190735,0.007062315940856934,1,2994,2020-08-29,2792,4267,Welterweight,-455.0,345.0,0.7848628743095261,2,1,0.5515824768084663,True,0.7904450898377253,True
5640,1,0.44518619775772095,0.04820084571838379,1,2995,2020-08-29,1884,4556,Strawweight,110.0,-140.0,0.449438202247191,4,4,0.44860517830264535,True,0.42709118098384646,True
5641,1,0.5977816581726074,0.037955284118652344,1,2996,2020-08-29,933,1301,Strawweight,-333.0,250.0,0.7291210509852988,1,6,0.5599364719810732,True,0.7317417162052121,True
5642,1,0.6226201057434082,0.013477087020874023,1,2982,2020-09-05,3905,512,Welterweight,-155.0,125.0,0.5776397515527951,3,2,0.5785177109139265,True,0.5699717136500327,True
5643,1,0.48283320665359497,0.03345906734466553,0,2981,2020-09-05,2559,172,Light Heavyweight,-160.0,125.0,0.5806451612903226,3,21,0.4759123288416342,True,0.5687809203920431,True
5644,1,0.6024332642555237,0.11123013496398926,0,2985,2020-09-05,3739,978,Flyweight,160.0,-200.0,0.36585365853658536,5,3,0.5633989520461108,True,0.3440574395642804,True
5645,1,0.4720991253852844,0.10902142524719238,1,2980,2020-09-05,3900,482,Heavyweight,-172.0,140.0,0.6028037383177569,18,4,0.4681325770011191,True,0.5923657209001136,True
5646,1,0.5889899730682373,0.04940485954284668,1,2984,2020-09-05,3126,1040,Featherweight,-455.0,300.0,0.7663157894736842,9,0,0.5534118542727885,True,0.7709652470766614,True
5647,1,0.36696553230285645,0.03237926959991455,0,2986,2020-09-05,2135,2276,Bantamweight,208.0,-278.0,0.30626134301270413,2,2,0.3912171142711892,True,0.2764143998527728,True
5648,1,0.5897307395935059,0.04039829969406128,0,2983,2020-09-05,191,1732,Middleweight,-160.0,125.0,0.5806451612903226,4,1,0.5539606559464872,True,0.5721351863467256,True
5649,1,0.42907044291496277,0.12772083282470703,0,2973,2020-09-12,2332,32,Featherweight,230.0,-303.0,0.28726209993584717,3,2,0.43687969709330254,True,0.25891842750381827,True
5650,1,0.5247710943222046,0.014679431915283203,1,2968,2020-09-12,3600,1021,Strawweight,125.0,-170.0,0.41379310344827586,9,15,0.506341299684154,True,0.3919155862378285,True
5651,1,0.5385974645614624,0.0425105094909668,1,2969,2020-09-12,1300,982,Lightweight,-152.0,125.0,0.5757575757575758,1,2,0.5164086724499428,True,0.5652518105892141,True
5652,1,0.6696346998214722,0.051049113273620605,0,2970,2020-09-12,3467,2504,Flyweight,-303.0,230.0,0.7127379000641528,5,8,0.6144476567896858,True,0.7162833282567679,True
5653,1,0.5445703268051147,0.05051535367965698,1,2972,2020-09-12,681,1491,Lightweight,,,,13,7,0.5207665065216897,True,0.5207665065216897,False
5654,1,0.5357811450958252,0.04056161642074585,0,2971,2020-09-12,2480,2831,Light Heavyweight,-278.0,225.0,0.705033164260632,5,23,0.5143558455260294,True,0.7043820962561423,True
5655,1,0.47516191005706787,0.10018903017044067,1,2974,2020-09-12,2525,4525,Bantamweight,210.0,-303.0,0.3002309468822171,5,2,0.4703525722456998,True,0.2731418185620312,True
5656,1,0.43014010787010193,0.07700419425964355,0,2976,2020-09-12,4258,3047,Heavyweight,350.0,-500.0,0.21052631578947367,0,0,0.43765903209340223,True,0.18335729892127284,True
5657,1,0.6795529127120972,0.010770797729492188,1,2977,2020-09-12,3931,1613,Catch Weight,-500.0,350.0,0.7894736842105263,4,2,0.622184527751429,True,0.7973541029972641,True
5658,1,0.4278278350830078,0.03024590015411377,0,2978,2020-09-12,4196,3318,Welterweight,185.0,-250.0,0.32941176470588235,1,10,0.43597414457986905,True,0.30156320970865036,True
5659,1,0.6443277597427368,0.11152100563049316,1,2979,2020-09-12,4810,4359,Flyweight,-250.0,180.0,0.6666666666666667,3,5,0.5949678629463734,True,0.6663425398285272,True
5660,1,0.6130846738815308,0.038352012634277344,1,2959,2020-09-19,1889,1233,Middleweight,-325.0,230.0,0.7161936560934892,7,10,0.571356627196237,True,0.7183777831204152,True
5661,1,0.4695633053779602,0.01799166202545166,1,2960,2020-09-19,1196,3159,Flyweight,-120.0,-111.0,0.5090470446320868,1,4,0.46629434713698287,True,0.4913672825068799,True
5662,1,0.354017436504364,0.013327717781066895,0,2956,2020-09-19,1227,3456,Middleweight,375.0,-625.0,0.19627749576988157,11,2,0.38155502798684954,True,0.1682441627758325,True
5663,1,0.4121255874633789,0.04859352111816406,1,2957,2020-09-19,189,1191,Light Heavyweight,-155.0,125.0,0.5776397515527951,5,4,0.4245088385304222,True,0.5633051929220181,True
5664,1,0.40335607528686523,0.09891378879547119,0,2958,2020-09-19,3880,2431,Strawweight,162.0,-210.0,0.3603813066728668,14,4,0.41808489484007083,True,0.33265375009062664,True
5665,1,0.6451950669288635,0.10809242725372314,1,2954,2020-09-19,1005,5003,Welterweight,-357.0,265.0,0.7403482855600694,12,14,0.5956297672039301,True,0.7448956449333756,True
5666,1,0.5233845710754395,0.007642388343811035,1,2962,2020-09-19,4058,2298,Flyweight,-280.0,215.0,0.6988906497622822,2,6,0.5053330961837815,True,0.6974602789872808,True
5667,1,0.4496667683124542,0.009649038314819336,1,2963,2020-09-19,2577,2709,Bantamweight,-213.0,160.0,0.6389017074296262,4,0,0.4518598767495799,True,0.63069553280391,True
5668,1,0.5854165554046631,0.03989744186401367,0,2964,2020-09-19,4895,4618,Featherweight,-333.0,250.0,0.7291210509852988,0,1,0.5507668113501915,True,0.7314229103788964,True
5669,1,0.45063310861587524,0.10775065422058105,0,2965,2020-09-19,1497,1793,Bantamweight,-139.0,105.0,0.5438496039698445,2,2,0.452561582269365,True,0.5281209418109694,True
5670,1,0.4414283037185669,0.008356928825378418,0,2966,2020-09-19,1422,2066,Bantamweight,187.0,-260.0,0.32543843789549814,2,5,0.4458738484825674,True,0.29787643174165795,True
5671,1,0.6497987508773804,0.03561890125274658,0,2967,2020-09-19,4372,136,Bantamweight,152.0,-227.0,0.36372130272290437,0,3,0.5991495980614029,True,0.34328381279022513,True
5672,1,0.6975998878479004,0.08567547798156738,0,2961,2020-09-19,1748,112,Featherweight,-357.0,260.0,0.7376879807140396,9,3,0.6364307647977911,True,0.7435204548069966,True
5673,1,0.69355309009552,0.0327298641204834,1,2943,2020-09-26,553,2159,Middleweight,-193.0,162.0,0.6331355019657927,8,5,0.6332162253576076,True,0.6320090230713935,True
5674,1,0.5608681440353394,0.06535285711288452,0,2944,2020-09-26,3786,3942,Light Heavyweight,-250.0,200.0,0.6818181818181818,7,14,0.5326908197655499,True,0.6801549684118292,True
5675,1,0.4243265688419342,0.06622260808944702,1,2945,2020-09-26,1629,398,Flyweight,170.0,-200.0,0.35714285714285715,1,5,0.43342130083052843,True,0.3299217854096837,True
5676,1,0.5517915487289429,0.06271028518676758,1,2946,2020-09-26,3102,2525,Bantamweight,-227.0,180.0,0.6602950342821525,5,6,0.5260434836663409,True,0.6567570239061904,True
5677,1,0.5211455225944519,0.05082082748413086,0,2953,2020-09-26,396,1746,Light Heavyweight,-210.0,162.0,0.6396186933271332,3,0,0.5037054417079629,True,0.6335841617811431,True
5678,1,0.5268673896789551,0.09934675693511963,0,2947,2020-09-26,2608,1674,Featherweight,-125.0,-110.0,0.5147058823529411,6,5,0.5078660422979473,True,0.4992494863379396,True
5679,1,0.2928777039051056,0.0005912184715270996,0,2949,2020-09-26,1349,2938,Welterweight,500.0,-833.0,0.1573090541224077,31,13,0.33489557192805935,True,0.1307087701757601,True
5680,1,0.42499610781669617,0.04743385314941406,1,2950,2020-09-26,4061,4033,Featherweight,-140.0,110.0,0.550561797752809,0,3,0.43390962623672846,True,0.534522032236439,True
5681,1,0.37715578079223633,0.034195542335510254,1,2951,2020-09-26,4877,4320,Light Heavyweight,120.0,-175.0,0.4166666666666667,0,1,0.3987799976995057,True,0.3903950239848361,True
5682,1,0.5323020815849304,0.15492546558380127,1,2952,2020-09-26,3758,4407,Heavyweight,-345.0,250.0,0.7307110438729199,1,3,0.5118215625294055,True,0.7317755752120938,True
5683,1,0.49116218090057373,0.08653807640075684,1,2948,2020-09-26,2467,547,Lightweight,-340.0,250.0,0.7300613496932514,2,2,0.4819488959044774,True,0.7300529092649714,True
5684,1,0.36360445618629456,0.04802590608596802,0,2936,2020-10-03,2594,2777,Middleweight,300.0,-430.0,0.23555555555555555,3,0,0.3887149170849609,True,0.2062299939960856,True
5685,1,0.5827585458755493,0.0732564926147461,0,2932,2020-10-03,3777,4417,Bantamweight,105.0,-139.0,0.45615039603015556,8,11,0.5488018136784372,True,0.43852816705658026,True
5686,1,0.4894804358482361,0.02194690704345703,0,2933,2020-10-03,2190,585,Heavyweight,-278.0,190.0,0.6807971626414456,2,1,0.48072993549477483,True,0.6770728004083016,True
5687,1,0.470656156539917,0.0045318603515625,1,2934,2020-10-03,4542,2311,Bantamweight,-189.0,140.0,0.6108268246700781,8,6,0.46708658576546946,True,0.6009874034537205,True
5688,1,0.3571654260158539,0.09414029121398926,0,2935,2020-10-03,4491,1099,Bantamweight,310.0,-455.0,0.2292914687048131,0,1,0.38390987297414364,True,0.2000007320921657,True
5689,1,0.4785057306289673,0.011397838592529297,0,2937,2020-10-03,1371,2512,Welterweight,-139.0,108.0,0.54745133681739,16,16,0.47277606607142963,True,0.532881358160509,True
5690,1,0.43997126817703247,0.025805234909057617,0,2939,2020-10-03,1821,437,Middleweight,110.0,-140.0,0.449438202247191,0,0,0.44481441512002223,True,0.42692711982361015,True
5691,1,0.6797441244125366,0.032080650329589844,1,2940,2020-10-03,3984,2544,Strawweight,-140.0,110.0,0.550561797752809,2,1,0.6223343030878425,True,0.5428372494765916,True
5692,1,0.5555154085159302,0.018546581268310547,1,2941,2020-10-03,3892,894,Bantamweight,-400.0,300.0,0.7619047619047619,4,2,0.528768626392702,True,0.7655267713136846,True
5693,1,0.5562517642974854,0.06588757038116455,1,2942,2020-10-03,1049,4893,Lightweight,-120.0,-111.0,0.5090470446320868,1,3,0.5293078285239474,True,0.49412529189662907,True
5694,1,0.38930732011795044,0.048703670501708984,0,2923,2020-10-10,5094,2691,Heavyweight,450.0,-714.0,0.1716937354988399,0,1,0.40775649100912326,True,0.14568041303022392,True
5695,1,0.38886040449142456,0.010312080383300781,0,2925,2020-10-10,4397,4772,Middleweight,175.0,-227.0,0.3437582128777924,0,6,0.4074270944479388,True,0.3151448475042194,True
5696,1,0.4747871458530426,0.05171704292297363,1,2920,2020-10-10,3479,4172,Featherweight,-278.0,215.0,0.6984924623115577,23,8,0.47008094360599256,True,0.6957279426074269,True
5697,1,0.38725847005844116,0.09232795238494873,0,2921,2020-10-10,1939,3156,Heavyweight,-152.0,118.0,0.568019747668678,14,11,0.406245948303431,True,0.5521093974579636,True
5698,1,0.41772401332855225,0.020415425300598145,0,2922,2020-10-10,2128,1534,Middleweight,173.0,-213.0,0.3499200661829646,5,0,0.42860169089135364,True,0.3222957308795989,True
5699,1,0.6219266653060913,0.004193782806396484,0,2924,2020-10-10,91,1809,Featherweight,-155.0,110.0,0.5607235142118863,3,0,0.5779956861734985,True,0.5517540517293652,True
5700,1,0.6386111378669739,0.031731486320495605,0,2927,2020-10-10,4922,3557,Middleweight,-278.0,217.0,0.6998237059860554,1,1,0.5906144311145305,True,0.7016308166080971,True
5701,1,0.4572807252407074,0.029380083084106445,1,2926,2020-10-10,2720,1168,Heavyweight,195.0,-250.0,0.32183908045977005,1,1,0.45738664784586097,True,0.29462904459963496,True
5702,1,0.6510900855064392,0.004867196083068848,0,2928,2020-10-10,751,4883,Bantamweight,137.0,-172.0,0.4002118768759932,1,1,0.6001388892284821,True,0.38157042787146295,True
5703,1,0.4677634835243225,0.01545405387878418,0,2929,2020-10-10,1275,3770,Featherweight,-189.0,150.0,0.6204858831254104,2,3,0.464989513179253,True,0.6113349964019377,True
5704,1,0.6003295183181763,0.05474495887756348,1,2930,2020-10-10,2284,302,Bantamweight,-172.0,127.0,0.5893967755570316,1,0,0.5618320818014334,True,0.5818974965745112,True
5705,1,0.426816463470459,0.029927611351013184,0,2931,2020-10-10,1276,280,Flyweight,350.0,-525.0,0.20920502092050208,2,0,0.4352369315450294,True,0.1820189599473694,True
5706,1,0.5643224120140076,0.01130664348602295,1,2919,2020-10-10,939,1649,Bantamweight,-152.0,110.0,0.5588235294117647,6,7,0.5352252559693639,True,0.5478338234001917,True
5707,1,0.49801769852638245,0.019766807556152344,0,2913,2020-10-17,102,2987,Lightweight,-303.0,230.0,0.7127379000641528,0,0,0.4869187656176966,True,0.7116551844041066,True
5708,1,0.45681124925613403,0.09099555015563965,1,2908,2020-10-17,3223,3632,Featherweight,160.0,-200.0,0.36585365853658536,8,8,0.4570459959767844,True,0.3398547071702005,True
5709,1,0.4256356954574585,0.06194138526916504,0,2909,2020-10-17,2802,1518,Flyweight,,,,10,17,0.43437603915666984,True,0.43437603915666984,False
5710,1,0.6421374082565308,0.015144884586334229,1,2910,2020-10-17,2058,979,Light Heavyweight,-305.0,215.0,0.7034596375617792,4,1,0.5932979246915859,True,0.705610760089259,True
5711,1,0.5247266292572021,0.03146398067474365,1,2911,2020-10-17,1427,4341,Welterweight,-155.0,-100.0,0.5486725663716814,12,5,0.5063089636626213,True,0.5356554425940475,True
5712,1,0.43236076831817627,0.066428542137146,0,2914,2020-10-17,2934,1335,Flyweight,178.0,-250.0,0.33492822966507174,4,7,0.43927642705188535,True,0.30732647926088835,True
5713,1,0.3096039295196533,0.10577654838562012,0,2915,2020-10-17,2520,4748,Middleweight,225.0,-290.0,0.2926829268292683,5,2,0.3478597519704545,True,0.2611923332130095,True
5714,1,0.6195234060287476,0.029428482055664062,1,2916,2020-10-17,1829,3646,Lightweight,-100.0,-142.0,0.4600760456273764,1,1,0.5761880518592645,True,0.4439029695186449,True
5715,1,0.4792059361934662,0.0560760498046875,0,2917,2020-10-17,4290,1979,Light Heavyweight,250.0,-357.0,0.26779958980369173,5,1,0.47328353482631913,True,0.2406436704039632,True
5716,1,0.6322011947631836,0.019242167472839355,1,2918,2020-10-17,4228,3677,Bantamweight,-400.0,300.0,0.7619047619047619,3,0,0.5857516307052711,True,0.7673364332801449,True
5717,1,0.5043755769729614,0.03449440002441406,0,2912,2020-10-17,4167,735,Featherweight,-140.0,110.0,0.550561797752809,8,5,0.4915296850437547,True,0.5370451013437114,True
5718,1,0.43884116411209106,0.031020402908325195,1,2899,2020-10-24,3668,3195,Middleweight,-253.0,200.0,0.6825539568345323,0,0,0.4439925267309378,True,0.6775548707257761,True
5719,1,0.28923308849334717,0.0881497859954834,0,2896,2020-10-24,415,4180,Lightweight,230.0,-303.0,0.28726209993584717,7,12,0.3320470784704484,True,0.25520208133171773,True
5720,1,0.356899619102478,0.04081392288208008,0,2897,2020-10-24,774,1970,Middleweight,-125.0,-100.0,0.5263157894736842,10,15,0.3837111845915575,True,0.506180578279422,True
5721,1,0.668603777885437,0.07449102401733398,1,2898,2020-10-24,2905,2224,Heavyweight,-189.0,155.0,0.6251378169790519,7,14,0.6136469774631277,True,0.6225752068878421,True
5722,1,0.5041933059692383,0.07375961542129517,0,2900,2020-10-24,4803,2548,Flyweight,192.0,-250.0,0.32407407407407407,0,9,0.4913974657933393,True,0.2981558100496538,True
5723,1,0.5776739716529846,0.06373536586761475,1,2901,2020-10-24,2320,673,Light Heavyweight,-400.0,300.0,0.7619047619047619,5,8,0.5450485345193272,True,0.7660402449622207,True
5724,1,0.49439477920532227,0.07174640893936157,0,2902,2020-10-24,4128,4548,Heavyweight,125.0,-160.0,0.4193548387096774,23,6,0.4842921514182839,True,0.3968474627747802,True
5725,1,0.5224382281303406,0.10459858179092407,0,2904,2020-10-24,2660,245,Welterweight,110.0,-140.0,0.449438202247191,18,0,0.504645093631075,True,0.42949860441038074,True
5726,1,0.5568344593048096,0.0312269926071167,1,2906,2020-10-24,3874,2836,Flyweight,-455.0,312.0,0.7715673361870267,0,2,0.529734591108471,True,0.7757819941923101,True
5727,1,0.518803060054779,0.0012384653091430664,0,2903,2020-10-24,2806,3892,Catch Weight,125.0,-152.0,0.4242424242424243,5,5,0.5020031877870902,True,0.40274053248562713,True
5728,1,0.5862865447998047,0.06205826997756958,1,2907,2020-10-24,4835,503,Lightweight,-185.0,150.0,0.6187290969899665,3,8,0.5514104235658049,True,0.6130379684299231,True
5729,1,0.4731917381286621,0.09216797351837158,1,2889,2020-10-31,3519,681,Lightweight,,,,4,14,0.46892456023931856,True,0.46892456023931856,False
5730,1,0.5950419902801514,0.05387580394744873,1,2886,2020-10-31,4747,692,Featherweight,-125.0,-103.0,0.5226570545829042,4,15,0.5579005879121921,True,0.5099736956028116,True
5731,1,0.3985118865966797,0.0106048583984375,0,2887,2020-10-31,1002,647,Heavyweight,250.0,-360.0,0.26744186046511625,6,6,0.41452902773877903,True,0.23838996243140761,True
5732,1,0.3446337878704071,0.03568679094314575,0,2888,2020-10-31,1559,1889,Middleweight,525.0,-950.0,0.15026833631484793,0,8,0.37451204288367357,True,0.12509104019067702,True
5733,1,0.5498791933059692,0.04300117492675781,0,2894,2020-10-31,4871,146,Light Heavyweight,270.0,-357.0,0.25704482816806346,6,2,0.5246450687048214,True,0.23153363568665997,True
5734,1,0.4674176573753357,0.007844805717468262,0,2885,2020-10-31,4918,328,Middleweight,200.0,-275.0,0.3125,24,15,0.46473878203883134,True,0.2853873057924995,True
5735,1,0.49230316281318665,0.031195878982543945,0,2891,2020-10-31,2920,84,Bantamweight,380.0,-550.0,0.19756838905775076,0,0,0.4827759400181978,True,0.17203392663977987,True
5736,1,0.31312131881713867,0.11329519748687744,0,2892,2020-10-31,1012,2975,Middleweight,300.0,-427.0,0.23579418344519015,7,10,0.3505647432597271,True,0.20529123736039875,True
5737,1,0.5334409475326538,0.0652320384979248,0,2893,2020-10-31,3378,4350,Welterweight,140.0,-175.0,0.3956834532374101,1,1,0.5126509653240409,True,0.37316386401925383,True
5738,1,0.45252370834350586,0.03743624687194824,0,2895,2020-10-31,2177,4393,Bantamweight,105.0,-152.0,0.4471256210078069,0,2,0.4539342019300485,True,0.4248728618357404,True
5739,1,0.37672916054725647,0.031520843505859375,0,2890,2020-10-31,2862,1205,Lightweight,350.0,-500.0,0.21052631578947367,4,5,0.39846404731610874,True,0.1823043722191572,True
5740,1,0.5859085321426392,0.009468615055084229,1,2878,2020-11-07,3770,3723,Featherweight,-1000.0,600.0,0.8641975308641975,4,0,0.5511307447142854,True,0.8725084660653614,True
5741,1,0.46936458349227905,0.0918964147567749,1,2875,2020-11-07,1552,4878,Light Heavyweight,200.0,-250.0,0.3181818181818181,19,19,0.4661502836752304,True,0.2912206053093227,True
5742,1,0.6576090455055237,0.04320180416107178,0,2876,2020-11-07,5071,1289,Heavyweight,-400.0,290.0,0.7572815533980582,4,32,0.6051467180781307,True,0.7630981088808637,True
5743,1,0.5836001634597778,0.051709890365600586,1,2877,2020-11-07,3499,162,Bantamweight,-455.0,300.0,0.7663157894736842,4,3,0.5494237770266766,True,0.770840757549566,True
5744,1,0.37302905321121216,0.0589749813079834,0,2879,2020-11-07,103,155,Strawweight,155.0,-200.0,0.37037037037037035,11,5,0.3957213702005831,True,0.34206061809256344,True
5745,1,0.6288232207298279,0.009915471076965332,1,2880,2020-11-07,3838,3111,Middleweight,-124.0,-111.0,0.51273810457004,5,3,0.5831965824540721,True,0.5004681627294321,True
5746,1,0.5757776498794556,0.010525703430175781,0,2882,2020-11-07,3013,4399,Featherweight,245.0,-333.0,0.2737301261181528,2,22,0.5436505491010037,True,0.24886784515501956,True
5747,1,0.6245691776275635,0.04172796010971069,0,2883,2020-11-07,2553,3728,Welterweight,118.0,-152.0,0.43198025233132203,0,9,0.5799860674629439,True,0.41424218295905624,True
5748,1,0.6100630760192871,0.02916020154953003,0,2884,2020-11-07,3049,3457,Bantamweight,110.0,-152.0,0.4411764705882353,4,1,0.569094905277226,True,0.423513451618186,True
5749,1,0.5333375930786133,0.05352216958999634,1,2881,2020-11-07,3047,2134,Heavyweight,-556.0,395.0,0.8075230326858752,1,10,0.5125756877585185,True,0.8131216360196556,True
5750,1,0.41512632369995117,0.08559978008270264,1,2868,2020-11-14,946,694,Strawweight,137.0,-172.0,0.4002118768759932,7,2,0.4267033381691197,True,0.37436155787140596,True
5751,1,0.47037699818611145,0.06440973281860352,0,2869,2020-11-14,2789,2975,Catch Weight,-130.0,-100.0,0.5306122448979592,3,11,0.4668842197564178,True,0.5145215932647024,True
5752,1,0.35209277272224426,0.010976076126098633,0,2867,2020-11-14,4237,3346,Welterweight,-200.0,142.0,0.6173469387755102,6,1,0.38011337669355555,True,0.6043029087708514,True
5753,1,0.41731399297714233,0.015276312828063965,0,2873,2020-11-14,4091,4709,Welterweight,150.0,-205.0,0.3730886850152905,1,10,0.4283021375956733,True,0.34620140807066035,True
5754,1,0.3767167925834656,0.08198964595794678,0,2866,2020-11-14,137,4507,Lightweight,175.0,-222.0,0.34530831099195713,14,29,0.39845488688640734,True,0.31638066693835476,True
5755,1,0.40504124760627747,0.047789037227630615,1,2872,2020-11-14,2131,3894,Bantamweight,-152.0,109.0,0.5576463979778121,1,2,0.41932062634008943,True,0.541506050309909,True
5756,1,0.5606606006622314,0.018379807472229004,1,2874,2020-11-14,3906,4258,Heavyweight,-270.0,200.0,0.6864406779661016,2,1,0.5325386280833809,True,0.6851117932369444,True
5757,1,0.36918437480926514,0.036866068840026855,0,2871,2020-11-14,3880,3190,Strawweight,180.0,-240.0,0.3359683794466403,15,0,0.39286680723807316,True,0.3066113518560874,True
5758,1,0.5988680124282837,0.05196833610534668,0,2870,2020-11-14,4652,3487,Strawweight,-213.0,155.0,0.6344098580856158,1,0,0.5607444506007925,True,0.6303055671409011,True
5759,1,0.4016103148460388,0.07327258586883545,0,2859,2020-11-21,1629,3403,Flyweight,120.0,-164.0,0.4225352112676056,2,8,0.4168040547991477,True,0.39733456737119677,True
5760,1,0.47635605931282043,0.013675034046173096,1,2854,2020-11-21,4866,2586,Flyweight,-278.0,220.0,0.7017986746607764,9,7,0.47121807276457717,True,0.6993280900116624,True
5761,1,0.6695070266723633,0.08759081363677979,1,2855,2020-11-21,5097,697,Flyweight,-2500.0,850.0,0.9013282732447818,10,5,0.6143484627545315,True,0.9106658332866496,True
5762,1,0.4608314037322998,0.07513904571533203,1,2856,2020-11-21,4115,4150,Welterweight,-105.0,-125.0,0.4796954314720812,22,13,0.4599625488869628,True,0.45973094376563195,True
5763,1,0.6204957962036133,0.03521394729614258,0,2857,2020-11-21,101,2802,Flyweight,,,,8,11,0.5769191565510513,True,0.5769191565510513,False
5764,1,0.5091490745544434,0.02037191390991211,0,2858,2020-11-21,2597,1741,Light Heavyweight,163.0,-213.0,0.35845577709318704,21,10,0.4949931488110303,True,0.3336809926321151,True
5765,1,0.638735830783844,0.04714202880859375,0,2861,2020-11-21,510,3800,Flyweight,,,,4,4,0.5907092196994647,True,0.5907092196994647,False
5766,1,0.4161938428878784,0.014456033706665039,1,2862,2020-11-21,531,4230,Welterweight,275.0,-360.0,0.25414364640883974,6,3,0.4274836180953675,True,0.2256419185678108,True
5767,1,0.5613833665847778,0.011516869068145752,0,2863,2020-11-21,4263,2249,Welterweight,130.0,-161.0,0.4134325993980675,0,12,0.5330686740210228,True,0.39265239078576547,True
5768,1,0.5315811634063721,0.04503893852233887,0,2864,2020-11-21,3330,3882,Middleweight,220.0,-333.0,0.28893634058454554,0,1,0.5112966321881927,True,0.2631262228163112,True
5769,1,0.43677106499671936,0.026880264282226562,1,2865,2020-11-21,530,4948,Welterweight,430.0,-625.0,0.17956656346749228,0,0,0.44248660560482383,True,0.15388667427684227,True
5770,1,0.5068587064743042,0.03555154800415039,1,2860,2020-11-21,3557,2443,Middleweight,-240.0,180.0,0.6640316205533597,2,1,0.493331154404148,True,0.6594934868880354,True
5771,1,0.38663870096206665,0.0044792890548706055,1,2847,2020-11-28,1705,1094,Featherweight,155.0,-213.0,0.36559014191438416,1,2,0.40578878646633193,True,0.33753408941895485,True
5772,1,0.3903407156467438,0.014105081558227539,1,2844,2020-11-28,3269,2595,Light Heavyweight,-152.0,115.0,0.5646164478230822,14,10,0.4085179421195798,True,0.5485390672915117,True
5773,1,0.3852909207344055,0.0031758546829223633,0,2845,2020-11-28,4638,485,Welterweight,175.0,-222.0,0.34530831099195713,3,2,0.4047942476329465,True,0.31663015236826325,True
5774,1,0.6021377444267273,0.13704240322113037,1,2848,2020-11-28,949,4552,Bantamweight,130.0,-164.0,0.41172800998128506,1,7,0.563178755724963,True,0.3921242160289158,True
5775,1,0.3999950587749481,0.08228754997253418,1,2846,2020-11-28,1539,4188,Heavyweight,195.0,-250.0,0.32183908045977005,1,0,0.41561833392489456,True,0.2930875515583575,True
5776,1,0.36612623929977417,0.01327669620513916,1,2851,2020-11-28,889,2734,Flyweight,-200.0,165.0,0.6385542168674698,5,3,0.3905926635069752,True,0.6277524377807162,True
5777,1,0.40148454904556274,0.012551188468933105,0,2853,2020-11-28,1850,3160,Catch Weight,-164.0,130.0,0.5882719900187149,6,1,0.4167117550540307,True,0.5744478857644383,True
5778,1,0.3297048807144165,0.05611550807952881,0,2852,2020-11-28,1449,2363,Flyweight,,,,1,2,0.3632278914427505,True,0.3632278914427505,False
5779,1,0.44966134428977966,0.0185697078704834,1,2850,2020-11-28,3551,2391,Bantamweight,143.0,-175.0,0.39271688682613354,2,2,0.4518559378736115,True,0.3675763232537513,True
5780,1,0.7322700619697571,0.018078207969665527,0,2849,2020-11-28,202,2639,Featherweight,-278.0,225.0,0.705033164260632,1,1,0.6645084552301782,True,0.7100489566386354,True
5781,1,0.5110355615615845,0.011566638946533203,1,2836,2020-12-05,3725,4468,Middleweight,-139.0,110.0,0.5498210585797701,8,11,0.49636235989358546,True,0.5364582973263837,True
5782,1,0.42403891682624817,0.04225271940231323,0,2837,2020-12-05,172,3975,Light Heavyweight,140.0,-172.0,0.397196261682243,22,2,0.4332114806070463,True,0.37148304154168477,True
5783,1,0.3507879674434662,0.035004377365112305,0,2838,2020-12-05,1461,4424,Lightweight,180.0,-230.0,0.3388090349075975,2,9,0.3791351828353077,True,0.3089706920846517,True
5784,1,0.5476337671279907,0.022747516632080078,1,2839,2020-12-05,3243,3370,Light Heavyweight,-200.0,160.0,0.6341463414634145,1,1,0.523003975733447,True,0.6284706887378744,True
5785,1,0.43714606761932373,0.08713829517364502,0,2840,2020-12-05,4340,3578,Lightweight,320.0,-455.0,0.22506082725060828,17,0,0.44275944592463273,True,0.19758285983070936,True
5786,1,0.38747841119766235,0.008513808250427246,1,2841,2020-12-05,4943,432,Bantamweight,-125.0,-100.0,0.5263157894736842,14,8,0.40640815832895566,True,0.5072186265067697,True
5787,1,0.6582657694816589,0.07418227195739746,1,2842,2020-12-05,1809,112,Featherweight,-333.0,195.0,0.6940686049387077,1,4,0.6056525010833046,True,0.6960655360851526,True
5788,1,0.5221604108810425,0.02926945686340332,1,2843,2020-12-05,2445,3753,Heavyweight,161.0,-200.0,0.36496350364963503,7,16,0.5044431361943451,True,0.3407968180965946,True
5789,1,0.5896432995796204,0.020982861518859863,1,2827,2020-12-12,4242,3525,Lightweight,130.0,-186.0,0.40067245727094425,26,17,0.5538958666226038,True,0.38010006149480596,True
5790,1,0.3588322401046753,0.06141221523284912,0,2830,2020-12-12,3625,3477,Heavyweight,305.0,-455.0,0.23146700031279327,22,3,0.3851551903435661,True,0.20214845969396172,True
5791,1,0.6502262353897095,0.06503772735595703,1,2829,2020-12-12,1889,1417,Middleweight,,,,9,14,0.5994769966673698,True,0.5994769966673698,False
5792,1,0.4548196494579315,0.14073973894119263,0,2828,2020-12-12,358,2431,Strawweight,135.0,-172.0,0.4022478556640048,3,5,0.45560071494537074,True,0.3776935646891912,True
5793,1,0.5108309984207153,0.21103286743164062,1,2831,2020-12-12,2154,2797,Featherweight,132.0,-164.0,0.4096325719960278,18,8,0.4962138747587115,True,0.3871202400857847,True
5794,1,0.46266311407089233,0.0598834753036499,1,2832,2020-12-12,4050,1285,Lightweight,-143.0,-100.0,0.5406427221172022,3,9,0.4612910956556323,True,0.5250553216104931,True
5795,1,0.4590771198272705,0.019579052925109863,0,2834,2020-12-12,3248,3830,Strawweight,,,,0,12,0.45868997420246077,True,0.45868997420246077,False
5796,1,0.41756272315979004,0.06988239288330078,1,2833,2020-12-12,4641,32,Featherweight,152.0,-190.0,0.37721123829344433,4,3,0.42848385895624774,True,0.3504838528955241,True
5797,1,0.4064807891845703,0.08414328098297119,0,2835,2020-12-12,3705,1993,Featherweight,245.0,-333.0,0.2737301261181528,1,2,0.42037573863404604,True,0.24483413560460687,True
5798,1,0.46211302280426025,0.01787424087524414,1,2819,2020-12-19,2459,4709,Welterweight,-227.0,170.0,0.6520906479412704,19,11,0.460892132086562,True,0.6453174661465377,True
5799,1,0.38851478695869446,0.1249433159828186,1,2814,2020-12-19,3732,3080,Welterweight,-111.0,-117.0,0.4938491819411982,15,5,0.40717232171351037,True,0.47248790104155464,True
5800,1,0.3789888620376587,0.0026092529296875,1,2815,2020-12-19,1375,900,Bantamweight,-161.0,117.0,0.5723905172272555,16,15,0.40013691620419517,True,0.5565534350366612,True
5801,1,0.4951398968696594,0.10443675518035889,0,2816,2020-12-19,3346,3905,Welterweight,-131.0,-100.0,0.5314401622718052,2,4,0.4848323209407598,True,0.5161966147488302,True
5802,1,0.4813210368156433,0.006821632385253906,0,2818,2020-12-19,647,3156,Heavyweight,-125.0,-115.0,0.5094786729857821,7,12,0.47481641770098004,True,0.4922033121680842,True
5803,1,0.42159363627433777,0.0012087821960449219,0,2817,2020-12-19,1649,1172,Bantamweight,-172.0,140.0,0.6028037383177569,8,10,0.431427278764272,True,0.5907982937356969,True
5804,1,0.546565055847168,0.07885205745697021,1,2820,2020-12-19,4591,2525,Bantamweight,120.0,-152.0,0.4297407912687586,4,7,0.5222232222767974,True,0.40939783909601546,True
5805,1,0.5458583831787109,0.003989696502685547,0,2822,2020-12-19,1335,807,Flyweight,-145.0,-111.0,0.5294168541270116,8,2,0.5217070710910063,True,0.5156353715487868,True
5806,1,0.43884116411209106,0.031020402908325195,0,2823,2020-12-19,4692,1131,Middleweight,250.0,-335.0,0.27060653188180406,0,0,0.4439925267309378,True,0.24249775956863595,True
5807,1,0.5612591505050659,0.022565841674804688,0,2824,2020-12-19,2844,3619,Flyweight,125.0,-160.0,0.4193548387096774,1,0,0.5329775709560804,True,0.3988893563361975,True
5808,1,0.5930556654930115,0.0342634916305542,1,2825,2020-12-19,1369,3695,Catch Weight,-350.0,240.0,0.7256097560975611,7,1,0.5564260613974711,True,0.727880101178215,True
5809,1,0.43834155797958374,0.01734638214111328,1,2821,2020-12-19,1785,3473,Catch Weight,160.0,-189.0,0.3703229113275244,3,1,0.4436291301309445,True,0.34395119200938035,True
5810,1,0.5641666054725647,0.03797554969787598,0,2807,2021-01-16,3557,3429,Middleweight,-333.0,220.0,0.7110636594154544,3,8,0.5351108803529735,True,0.7115929420752078,True
5811,1,0.4518188238143921,0.052213311195373535,1,2808,2021-01-16,626,2777,Middleweight,130.0,-175.0,0.4059040590405904,1,1,0.4534224746950446,True,0.3814321617266265,True
5812,1,0.528026282787323,0.019620299339294434,0,2805,2021-01-16,3613,2512,Welterweight,150.0,-222.0,0.36716077537058156,26,17,0.5087091957139646,True,0.343246552726036,True
5813,1,0.3966216444969177,0.04682457447052002,1,2806,2021-01-16,4109,1392,Welterweight,230.0,-350.0,0.2803738317757009,13,11,0.4131399788952256,True,0.25121619877090373,True
5814,1,0.38495537638664246,0.0205191969871521,0,2804,2021-01-16,781,827,Featherweight,130.0,-189.0,0.3993367417438165,8,23,0.40454656650890863,True,0.3725143806856179,True
5815,1,0.5255694389343262,0.06858944892883301,1,2810,2021-01-16,585,409,Heavyweight,-222.0,155.0,0.6374282175430694,2,2,0.5069219141239327,True,0.6313525539630104,True
5816,1,0.6378443241119385,0.005663871765136719,1,2811,2021-01-16,2807,421,Welterweight,-318.0,195.0,0.6917631443108916,5,3,0.5900316813516163,True,0.6930013025275298,True
5817,1,0.5749762058258057,0.04628396034240723,0,2812,2021-01-16,2087,784,Bantamweight,-227.0,130.0,0.6148863502532093,8,3,0.5430600062925601,True,0.6085488145066019,True
5818,1,0.627151370048523,0.017355263233184814,1,2813,2021-01-16,2910,1118,Featherweight,-250.0,175.0,0.6626506024096386,1,1,0.5819338999972427,True,0.6615122303912757,True
5819,1,0.4483916759490967,0.05084514617919922,0,2809,2021-01-16,1265,85,Bantamweight,-111.0,-122.0,0.4890838361384566,3,0,0.450933842102957,True,0.46934791833260514,True
5820,1,0.672753095626831,0.06817150115966797,1,2795,2021-01-20,3562,3454,Featherweight,-357.0,230.0,0.7205063910464192,2,7,0.6168735562337452,True,0.7246239009296188,True
5821,1,0.44000157713890076,0.03748732805252075,1,2790,2021-01-20,3611,1143,Welterweight,120.0,-152.0,0.4297407912687586,14,23,0.444836455761204,True,0.40611958389500813,True
5822,1,0.46700406074523926,0.0387037992477417,0,2791,2021-01-20,2368,4071,Welterweight,-273.0,200.0,0.6870805369127517,1,11,0.4644389094802411,True,0.6832227207696299,True
5823,1,0.41268205642700195,0.10548007488250732,1,2792,2021-01-20,4707,4985,Light Heavyweight,-125.0,-110.0,0.5147058823529411,2,3,0.42491592915415516,True,0.4955980585741735,True
5824,1,0.617570698261261,0.031647562980651855,1,2793,2021-01-20,978,2504,Flyweight,-350.0,250.0,0.7313432835820896,4,9,0.57472104902552,True,0.7346200707984014,True
5825,1,0.29961538314819336,0.044170260429382324,0,2798,2021-01-20,615,2363,Flyweight,,,,1,3,0.3401386507690545,True,0.3401386507690545,False
5826,1,0.42941954731941223,0.08513545989990234,0,2794,2021-01-20,136,814,Flyweight,-125.0,-112.0,0.5125725338491296,4,7,0.4371340657241718,True,0.4938565846731422,True
5827,1,0.37646740674972534,0.01872265338897705,0,2797,2021-01-20,1507,1387,Bantamweight,333.0,-525.0,0.21564737341499182,0,6,0.39827016708300605,True,0.18722519368496943,True
5828,1,0.4955832064151764,0.02354353666305542,1,2799,2021-01-20,4053,2128,Middleweight,-174.0,120.0,0.5828258221680876,2,6,0.48515370541255143,True,0.5715296674424204,True
5829,1,0.5315489768981934,0.05022025108337402,0,2800,2021-01-20,4372,3860,Flyweight,120.0,-161.0,0.42425227568270485,1,0,0.5112731975257468,True,0.4031410071466833,True
5830,1,0.49698707461357117,0.048456430435180664,0,2801,2021-01-20,2502,4379,Lightweight,130.0,-164.0,0.41172800998128506,0,2,0.486171511452291,True,0.38890469708253883,True
5831,1,0.5796551704406738,0.054686784744262695,1,2802,2021-01-20,3465,2677,Bantamweight,-625.0,380.0,0.8053691275167786,0,0,0.5465101370895489,True,0.811777758031972,True
5832,1,0.4987254738807678,0.012855052947998047,0,2803,2021-01-20,1368,2872,Flyweight,163.0,-230.0,0.3529789282276179,0,0,0.4874319649564558,True,0.32772405203089205,True
5833,1,0.5015353560447693,0.02600538730621338,1,2796,2021-01-20,3589,4772,Middleweight,127.0,-163.0,0.4154752689530971,13,7,0.48946961090173063,True,0.3929816255085593,True
5834,1,0.5632487535476685,0.05887293815612793,1,2779,2021-01-23,1820,3970,Lightweight,245.0,-333.0,0.2737301261181528,24,12,0.5344372102936182,True,0.24856492735375663,True
5835,1,0.3404274582862854,0.011510848999023438,1,2780,2021-01-23,646,656,Lightweight,115.0,-165.0,0.42759177087535294,0,15,0.37134288084539496,True,0.40065014023288875,True
5836,1,0.44723963737487793,0.009128093719482422,0,2781,2021-01-23,4402,4391,Flyweight,,,,13,11,0.45009704387743205,True,0.45009704387743205,False
5837,1,0.6059852838516235,0.022104263305664062,1,2782,2021-01-23,640,1116,Middleweight,-230.0,150.0,0.6353591160220994,2,8,0.5660480401869197,True,0.631546205725245,True
5838,1,0.31953689455986023,0.014456450939178467,0,2789,2021-01-23,663,2023,Flyweight,-111.0,-120.0,0.49095295536791317,1,1,0.35548082212915977,True,0.4670082884950485,True
5839,1,0.6867287755012512,0.11341345310211182,0,2783,2021-01-23,1693,2206,Strawweight,-357.0,250.0,0.7322004101963082,4,5,0.6278220326159815,True,0.7374122338582451,True
5840,1,0.5373311638832092,0.023064494132995605,1,2785,2021-01-23,3081,2963,Middleweight,-100.0,-130.0,0.4693877551020409,18,12,0.5154855107239856,True,0.45116392245909087,True
5841,1,0.30187416076660156,0.06802773475646973,0,2786,2021-01-23,2538,2311,Bantamweight,-125.0,-111.0,0.5136319376825706,11,7,0.3418899521729686,True,0.49059798357235945,True
5842,1,0.6824507713317871,0.0817117691040039,0,2787,2021-01-23,4279,3621,Light Heavyweight,-420.0,275.0,0.7517899761336516,9,3,0.6244569920580247,True,0.7579647509224338,True
5843,1,0.6930815577507019,0.032398104667663574,1,2788,2021-01-23,4085,4123,Catch Weight,-750.0,400.0,0.8152173913043479,3,24,0.6328424443464191,True,0.8243160971274909,True
5844,1,0.387175053358078,0.053520023822784424,0,2784,2021-01-23,868,1482,Lightweight,425.0,-714.0,0.17841095890410957,4,3,0.40618442366866697,True,0.15195383292388243,True
5845,1,0.6135592460632324,0.026439428329467773,1,2771,2021-02-06,4002,3476,Lightweight,-140.0,-110.0,0.5268817204301075,18,10,0.5717121720784245,True,0.5151197877783386,True
5846,1,0.5894656181335449,0.09327423572540283,1,2767,2021-02-06,2905,3900,Heavyweight,-188.0,137.0,0.6073940781940127,8,19,0.5537642195313083,True,0.6009306613594524,True
5847,1,0.3911270797252655,0.023156583309173584,0,2768,2021-02-06,370,939,Bantamweight,265.0,-400.0,0.25510204081632654,27,7,0.40909717769596854,True,0.22600968842714933,True
5848,1,0.5142775774002075,0.03761649131774902,0,2769,2021-02-06,4421,2215,Lightweight,-225.0,158.0,0.6410822749861954,23,29,0.49871608382985944,True,0.6349604138491761,True
5849,1,0.5420504808425903,0.007268249988555908,1,2770,2021-02-06,3958,153,Flyweight,-125.0,-110.0,0.5147058823529411,9,0,0.5189272922368915,True,0.4997334401345497,True
5850,1,0.5539597272872925,0.021221399307250977,1,2772,2021-02-06,1746,2480,Light Heavyweight,200.0,-250.0,0.3181818181818181,1,6,0.5276298318149732,True,0.2934476674849268,True
5851,1,0.6657383441925049,0.03471493721008301,1,2773,2021-02-06,4231,1461,Catch Weight,-370.0,260.0,0.7391786903440621,3,3,0.6114248548842062,True,0.7442071950545286,True
5852,1,0.39223605394363403,0.03855490684509277,1,2775,2021-02-06,2615,2701,Flyweight,-100.0,-125.0,0.47368421052631576,1,5,0.4099137692026444,True,0.45112105709067524,True
5853,1,0.6642961502075195,0.02400761842727661,0,2776,2021-02-06,91,1258,Featherweight,-250.0,190.0,0.6744186046511629,4,3,0.6103082865173383,True,0.6752588919905353,True
5854,1,0.49592477083206177,0.017953991889953613,0,2777,2021-02-06,2391,603,Featherweight,260.0,-550.0,0.24714828897338403,3,1,0.4854013330254217,True,0.22050033025036522,True
5855,1,0.5114363431930542,0.0438007116317749,0,2778,2021-02-06,4372,2781,Featherweight,162.0,-225.0,0.35538545653362497,2,1,0.49665328273689624,True,0.33056795657537247,True
5856,1,0.501041054725647,0.09821200370788574,0,2774,2021-02-06,85,3698,Bantamweight,165.0,-225.0,0.35278154681139756,1,2,0.4891111290313289,True,0.3275848679686947,True
5857,1,0.6787424087524414,0.04135537147521973,1,2760,2021-02-13,1387,3126,Featherweight,-250.0,200.0,0.6818181818181818,7,10,0.6215499283946813,True,0.683618114609999,True
5858,1,0.3750484883785248,0.03426092863082886,0,2757,2021-02-13,3148,392,Welterweight,200.0,-303.0,0.30716463414634143,15,12,0.3972188028834855,True,0.2775454287034397,True
5859,1,0.5398135781288147,0.06468713283538818,0,2758,2021-02-13,2636,2289,Flyweight,-117.0,-111.0,0.5061508180588018,4,7,0.5172954829907879,True,0.4904976446761787,True
5860,1,0.4170547127723694,0.07465207576751709,0,2759,2021-02-13,2939,717,Middleweight,157.0,-213.0,0.36378005834427773,5,17,0.4281126962907569,True,0.3365619383752818,True
5861,1,0.5601895451545715,0.04864621162414551,0,2761,2021-02-13,2280,4434,Middleweight,130.0,-173.0,0.4069160828737517,4,2,0.5321932380091249,True,0.38575891528029005,True
5862,1,0.5622796416282654,0.016895174980163574,0,2762,2021-02-13,3444,5061,Middleweight,-556.0,375.0,0.8010312405216865,2,3,0.5337261259416887,True,0.8068957780541973,True
5863,1,0.44732117652893066,0.01787102222442627,0,2764,2021-02-13,933,1884,Strawweight,-120.0,-111.0,0.5090470446320868,2,5,0.4501562750988922,True,0.4906569478560206,True
5864,1,0.569379448890686,0.0064743757247924805,1,2765,2021-02-13,4736,2066,Catch Weight,-135.0,-100.0,0.5346534653465347,5,6,0.5389406786048258,True,0.5220133807648043,True
5865,1,0.4904242157936096,0.05330765247344971,1,2766,2021-02-13,2127,1636,Welterweight,-139.0,110.0,0.5498210585797701,1,0,0.48141399709897714,True,0.5358078126596547,True
5866,1,0.549768328666687,0.06544613838195801,1,2763,2021-02-13,2843,1214,Welterweight,-510.0,333.0,0.7835574637192634,11,9,0.5245640200386594,True,0.7882812214982,True
5867,1,0.6012707352638245,0.045563578605651855,0,2745,2021-02-20,4325,3901,Heavyweight,-440.0,300.0,0.7652173913043477,12,20,0.5625329101620489,True,0.770091640064371,True
5868,1,0.39257657527923584,0.01777052879333496,1,2746,2021-02-20,3480,3102,Bantamweight,,,,5,6,0.4101644467427405,True,0.4101644467427405,False
5869,1,0.442871630191803,0.06960892677307129,0,2747,2021-02-20,4404,4618,Featherweight,-200.0,143.0,0.6183206106870229,8,2,0.4469230755115274,True,0.6082368844786453,True
5870,1,0.5302093625068665,0.1191028356552124,1,2748,2021-02-20,2720,1346,Heavyweight,-200.0,150.0,0.625,2,13,0.5102979626405848,True,0.6180871651693484,True
5871,1,0.5059078931808472,0.03938150405883789,0,2749,2021-02-20,437,3668,Middleweight,-100.0,-131.0,0.4685598377281947,1,1,0.4926413079239721,True,0.4492936633460474,True
5872,1,0.3444356918334961,0.13061273097991943,0,2750,2021-02-20,1289,2691,Heavyweight,200.0,-320.0,0.30434782608695654,33,2,0.37436296440214367,True,0.2738654893481329,True
5873,1,0.48509109020233154,0.10171020030975342,1,2751,2021-02-20,1823,4377,Featherweight,-100.0,-133.0,0.46693386773547096,7,1,0.4775486898265975,True,0.4469106824004522,True
5874,1,0.5287025570869446,0.05580723285675049,0,2752,2021-02-20,999,2683,Bantamweight,-100.0,-135.0,0.4653465346534653,14,1,0.5092012978864329,True,0.44659122700105774,True
5875,1,0.5340585708618164,0.0363888144493103,0,2753,2021-02-20,480,3697,Featherweight,-160.0,-100.0,0.5517241379310345,2,6,0.5131008391098874,True,0.5392333942269782,True
5876,1,0.6318763494491577,0.045847415924072266,1,2754,2021-02-20,208,3067,Flyweight,-167.0,125.0,0.5845974329054843,0,5,0.5855056989046749,True,0.5777638974902595,True
5877,1,0.3669729232788086,0.04814887046813965,1,2755,2021-02-20,55,767,Bantamweight,150.0,-225.0,0.3661971830985915,3,0,0.39122261221771265,True,0.3375664703028669,True
5878,1,0.4163379669189453,0.03493523597717285,0,2756,2021-02-20,376,3278,Heavyweight,195.0,-265.0,0.31829082188794416,0,4,0.42758894595655494,True,0.2899248018968114,True
5879,1,0.6145135164260864,0.04922199249267578,0,2739,2021-02-27,3423,4529,Bantamweight,-150.0,110.0,0.5575221238938053,10,14,0.5724273676844996,True,0.5480652403110047,True
5880,1,0.6103503704071045,0.03278040885925293,1,2736,2021-02-27,3477,1045,Heavyweight,-250.0,185.0,0.6705882352941177,4,6,0.5693098009389683,True,0.6695233824983937,True
5881,1,0.4212208390235901,0.0750434398651123,0,2737,2021-02-27,3146,2320,Light Heavyweight,245.0,-335.0,0.27345591702027344,13,6,0.4311551777890253,True,0.24491736970052355,True
5882,1,0.40506845712661743,0.10944819450378418,0,2740,2021-02-27,960,16,Featherweight,127.0,-188.0,0.40293245285130674,1,23,0.4193405737924769,True,0.37689553152271343,True
5883,1,0.2684759199619293,0.016131818294525146,1,2742,2021-02-27,2003,4810,Bantamweight,175.0,-225.0,0.34437086092715236,11,4,0.3156446998616354,True,0.3120135036623128,True
5884,1,0.4091118574142456,0.05068814754486084,0,2743,2021-02-27,336,965,Bantamweight,130.0,-190.0,0.3988995873452545,1,0,0.4223030242627041,True,0.37280650698907614,True
5885,1,0.5152065753936768,0.009825468063354492,1,2744,2021-02-27,146,1979,Light Heavyweight,-180.0,135.0,0.6017069701280228,3,2,0.499390709407973,True,0.5925035550337167,True
5886,1,0.543126106262207,0.0546189546585083,0,2741,2021-02-27,1205,3519,Lightweight,-227.0,175.0,0.6562417871222076,6,5,0.5197122501712811,True,0.6521426146712311,True
5887,1,0.5126352310180664,0.002384662628173828,1,2727,2021-03-06,1099,1200,Bantamweight,130.0,-230.0,0.3841676367869616,2,6,0.4975236197723514,True,0.3605088767625845,True
5888,1,0.3513365685939789,0.17362374067306519,1,2721,2021-03-06,3942,553,Light Heavyweight,175.0,-286.0,0.3292110874200426,15,9,0.3795465448344977,True,0.299209213175164,True
5889,1,0.6739200353622437,0.07397246360778809,1,2722,2021-03-06,2923,2576,Featherweight,-1000.0,500.0,0.8450704225352113,14,5,0.6177829045748354,True,0.8544908706160833,True
5890,1,0.48727333545684814,0.02001786231994629,0,2723,2021-03-06,362,1738,Bantamweight,-137.0,-120.0,0.5145100716968249,7,14,0.47913027178503664,True,0.49778277616663813,True
5891,1,0.7059327363967896,0.005810439586639404,1,2724,2021-03-06,4117,4219,Lightweight,-460.0,320.0,0.7752808988764045,8,15,0.6430886651631164,True,0.783211699231724,True
5892,1,0.6397128105163574,0.05523359775543213,1,2725,2021-03-06,397,4878,Light Heavyweight,-200.0,145.0,0.6202531645569621,6,20,0.5914521555743427,True,0.6163717912218267,True
5893,1,0.5860631465911865,0.004079341888427734,1,2729,2021-03-06,398,4008,Flyweight,,,,6,3,0.5512451335941654,True,0.5512451335941654,False
5894,1,0.42156511545181274,0.054849982261657715,1,2726,2021-03-06,1550,3892,Bantamweight,-107.0,-150.0,0.46280276816608995,7,6,0.4314064625459132,True,0.44051144655882496,True
5895,1,0.6273199319839478,0.05026602745056152,0,2730,2021-03-06,3159,1600,Flyweight,-100.0,-164.0,0.445945945945946,5,14,0.582061152466755,True,0.4291420437390622,True
5896,1,0.4605097770690918,0.04255807399749756,0,2731,2021-03-06,357,1366,Light Heavyweight,-250.0,185.0,0.6705882352941177,0,2,0.459729251819977,True,0.665248754308731,True
5897,1,0.5906640291213989,0.06082206964492798,0,2732,2021-03-06,2938,2792,Welterweight,170.0,-227.0,0.34790935205872964,14,3,0.5546523317047752,True,0.3250735620998606,True
5898,1,0.5829483270645142,0.023441314697265625,0,2733,2021-03-06,1869,811,Strawweight,172.0,-242.0,0.3419179396944733,4,3,0.5489420459042434,True,0.31865539441964336,True
5899,1,0.5628131031990051,0.04676830768585205,1,2734,2021-03-06,3490,871,Lightweight,-205.0,140.0,0.617314930991217,0,1,0.5341175261677136,True,0.6107910675880183,True
5900,1,0.6458065509796143,0.06624370813369751,0,2735,2021-03-06,777,4408,Bantamweight,-240.0,175.0,0.66,3,1,0.5960966629497305,True,0.6592436389139826,True
5901,1,0.4199373126029968,0.04604494571685791,0,2728,2021-03-06,3661,723,Flyweight,-100.0,-164.0,0.445945945945946,20,3,0.43021816027148424,True,0.42259801342788506,True
5902,1,0.4399681091308594,0.035236477851867676,1,2709,2021-03-13,1191,4685,Light Heavyweight,-100.0,-152.0,0.4532374100719424,5,9,0.44481211785915004,True,0.4309513867909889,True
5903,1,0.5998154878616333,0.008473873138427734,0,2711,2021-03-13,735,2649,Bantamweight,-335.0,230.0,0.7176241480038947,6,6,0.5614494646042978,True,0.719546524336931,True
5904,1,0.6354223489761353,0.054553985595703125,1,2712,2021-03-13,844,153,Flyweight,-100.0,-146.0,0.45724907063197023,4,1,0.5881929049571898,True,0.44142726482601696,True
5905,1,0.3783496022224426,0.003112196922302246,0,2717,2021-03-13,4756,4065,Lightweight,350.0,-2500.0,0.18772563176895304,0,6,0.39966382861821476,True,0.160591305480366,True
5906,1,0.41844749450683594,0.023421168327331543,0,2710,2021-03-13,4641,123,Featherweight,130.0,-200.0,0.39473684210526316,5,8,0.42913017794987934,True,0.3687463297025872,True
5907,1,0.5356631278991699,0.008046388626098633,1,2715,2021-03-13,3703,3566,Featherweight,-300.0,210.0,0.6992481203007519,4,0,0.514269848479554,True,0.6981736707565558,True
5908,1,0.4207538962364197,0.06864535808563232,1,2716,2021-03-13,575,1040,Bantamweight,-320.0,225.0,0.7123287671232876,17,1,0.43081432706850714,True,0.7091807658589283,True
5909,1,0.336683452129364,0.0906606912612915,0,2718,2021-03-13,3628,3534,Flyweight,120.0,-152.0,0.4297407912687586,12,7,0.3685154318188307,True,0.402781026885538,True
5910,1,0.6964777708053589,0.05895352363586426,0,2719,2021-03-13,1415,2544,Strawweight,-210.0,150.0,0.6287425149700598,0,2,0.6355382145784287,True,0.6274002986781538,True
5911,1,0.5575045943260193,0.0029164552688598633,1,2720,2021-03-13,1056,4350,Welterweight,-130.0,-105.0,0.5246062992125985,1,2,0.5302254821769239,True,0.5108456427244622,True
5912,1,0.5198096632957458,0.06637811660766602,0,2714,2021-03-13,946,1021,Strawweight,250.0,-350.0,0.26865671641791045,8,16,0.5027346105273085,True,0.2424447106731614,True
5913,1,0.6348934173583984,0.020873546600341797,1,2702,2021-03-20,4548,3759,Heavyweight,-500.0,330.0,0.7818181818181817,7,0,0.5877917042493377,True,0.7883252511482386,True
5914,1,0.409229576587677,0.08752310276031494,1,2698,2021-03-20,3998,1889,Middleweight,150.0,-227.0,0.3655673560648407,17,10,0.4223892205725483,True,0.3381798145407759,True
5915,1,0.541050136089325,0.0013500452041625977,0,2699,2021-03-20,3484,3728,Welterweight,160.0,-227.0,0.3565198430004361,5,10,0.5181974447264874,True,0.3325776832322984,True
5916,1,0.4609019160270691,0.05826139450073242,1,2700,2021-03-20,1804,1126,Strawweight,,,,0,0,0.460013695292671,True,0.460013695292671,False
5917,1,0.35351866483688354,0.04912686347961426,0,2701,2021-03-20,3457,84,Bantamweight,178.0,-240.0,0.33756949960285937,2,1,0.3811815686247955,True,0.3077867834424204,True
5918,1,0.45540785789489746,0.03135943412780762,0,2704,2021-03-20,4428,1092,Lightweight,160.0,-225.0,0.3571428571428572,8,4,0.45602760136472453,True,0.3308073306753315,True
5919,1,0.3965161144733429,0.05002337694168091,0,2705,2021-03-20,3243,3838,Middleweight,-125.0,-122.0,0.5027173913043479,2,6,0.4130624039998533,True,0.48223067285414395,True
5920,1,0.3746348023414612,0.0053021907806396484,0,2706,2021-03-20,687,497,Bantamweight,450.0,-720.0,0.17154811715481172,0,5,0.39691215702249333,True,0.14529891836008427,True
5921,1,0.6166157722473145,0.011362016201019287,0,2707,2021-03-20,2719,1276,Flyweight,-151.0,110.0,0.5581763773983454,0,3,0.5740042065393852,True,0.5488384799881801,True
5922,1,0.6696293354034424,0.07687616348266602,1,2703,2021-03-20,4202,3579,Bantamweight,-250.0,175.0,0.6626506024096386,5,11,0.6144434887735962,True,0.6628355698687808,True
5923,1,0.5210713744163513,0.047646403312683105,0,2692,2021-03-27,982,3646,Lightweight,-139.0,-100.0,0.5377176015473888,3,2,0.5036515498051212,True,0.523762003093089,True
5924,1,0.4814036786556244,0.07697224617004395,0,2688,2021-03-27,4419,5091,Heavyweight,110.0,-144.0,0.44655929721815524,17,12,0.47487631057220503,True,0.4251729415160708,True
5925,1,0.34655487537384033,0.05691194534301758,0,2689,2021-03-27,5003,886,Welterweight,150.0,-230.0,0.3646408839779005,15,15,0.3759569020758369,True,0.3353317519884013,True
5926,1,0.5763958692550659,0.011245965957641602,0,2691,2021-03-27,1335,3874,Flyweight,125.0,-167.0,0.41540256709451573,9,1,0.544106199802522,True,0.3951914138167557,True
5927,1,0.40474820137023926,0.018298983573913574,0,2690,2021-03-27,4167,252,Bantamweight,250.0,-390.0,0.26415094339622636,9,5,0.4191057820850276,True,0.2352747770542473,True
5928,1,0.5595192909240723,0.047708213329315186,0,2693,2021-03-27,1238,2559,Light Heavyweight,210.0,-303.0,0.3002309468822171,0,4,0.5317018740506889,True,0.2752796873828605,True
5929,1,0.5966405868530273,0.051862239837646484,1,2695,2021-03-27,1800,979,Light Heavyweight,-189.0,140.0,0.6108268246700781,5,2,0.5590882241010642,True,0.6048527890810452,True
5930,1,0.4984758496284485,0.10209095478057861,1,2696,2021-03-27,1275,4033,Featherweight,-215.0,150.0,0.6304985337243401,3,4,0.4872509628820623,True,0.6230710617144931,True
5931,1,0.5273231267929077,0.035843610763549805,0,2697,2021-03-27,739,1147,Middleweight,-103.0,-127.0,0.4755909035433872,1,4,0.5081975940935696,True,0.45745502782955905,True
5932,1,0.49597102403640747,0.03562021255493164,0,2694,2021-03-27,4263,1173,Welterweight,175.0,-250.0,0.3373493975903614,1,1,0.4854348660428653,True,0.31154518340033494,True
5933,1,0.3632347881793976,0.014790773391723633,0,2680,2021-04-10,2795,3463,Lightweight,192.0,-286.0,0.31610324947589097,36,2,0.3884394681976005,True,0.28625231748066393,True
5934,1,0.649605929851532,0.07418978214263916,1,2676,2021-04-10,1034,4489,Featherweight,-3500.0,-161.0,0.6118143459915611,7,4,0.5990019531089804,True,0.6076251464346704,True
5935,1,0.49443116784095764,0.01707148551940918,1,2677,2021-04-10,4434,2738,Middleweight,-188.0,125.0,0.5949367088607594,3,20,0.4843185307449664,True,0.5845599148494849,True
5936,1,0.5829790234565735,0.0745781660079956,1,2678,2021-04-10,2431,4861,Strawweight,-100.0,-139.0,0.4622823984526112,6,7,0.5489647289135122,True,0.44505616634929074,True
5937,1,0.48096171021461487,0.014848291873931885,1,2679,2021-04-10,4230,4150,Welterweight,-143.0,-100.0,0.5406427221172022,4,14,0.47455600337556697,True,0.5256361854751394,True
5938,1,0.44748151302337646,0.018291831016540527,0,2686,2021-04-10,4877,4874,Light Heavyweight,110.0,-147.0,0.44448443404714777,1,3,0.4502727439683278,True,0.4219203047830984,True
5939,1,0.4899900555610657,0.0915098786354065,1,2675,2021-04-10,3725,1889,Middleweight,-335.0,245.0,0.7265440829797265,9,11,0.4810993108392264,True,0.7262556697503095,True
5940,1,0.5506993532180786,0.010204076766967773,0,2682,2021-04-10,145,4032,Lightweight,-213.0,158.0,0.6371182785725878,0,17,0.5252447269655827,True,0.631764900362122,True
5941,1,0.5775229334831238,0.009440064430236816,0,2683,2021-04-10,2190,443,Heavyweight,-335.0,250.0,0.7293934681181959,3,2,0.544937152254878,True,0.7315110268649232,True
5942,1,0.35749900341033936,0.019935131072998047,0,2684,2021-04-10,2276,4168,Bantamweight,140.0,-188.0,0.38961038961038963,3,2,0.38415918107165287,True,0.36151746744378027,True
5943,1,0.41537749767303467,0.01663506031036377,0,2685,2021-04-10,1911,4805,Featherweight,105.0,-145.0,0.45182111572153066,4,0,0.42688694775072816,True,0.42866992204197996,True
5944,1,0.44156384468078613,0.10091102123260498,0,2687,2021-04-10,530,4922,Welterweight,210.0,-305.0,0.2998889300259163,1,2,0.44597239001897454,True,0.27194464271801616,True
5945,1,0.5827158689498901,0.04334288835525513,1,2681,2021-04-10,102,1472,Lightweight,-250.0,185.0,0.6705882352941177,1,11,0.5487702804729541,True,0.6687167819524751,True
5946,1,0.2927132248878479,0.05851101875305176,0,2668,2021-04-17,4359,2284,Flyweight,210.0,-350.0,0.29315960912052114,6,2,0.3347672115879152,True,0.2611765734140637,True
5947,1,0.5646196603775024,0.03586995601654053,1,2665,2021-04-17,1970,717,Middleweight,-303.0,205.0,0.6963417850280677,16,18,0.5354434778396147,True,0.6958408228377304,True
5948,1,0.44821253418922424,0.10314720869064331,1,2666,2021-04-17,1289,4209,Heavyweight,-125.0,-144.0,0.4848966613672496,34,8,0.4508037284543409,True,0.46487469267341647,True
5949,1,0.5388497710227966,0.009488582611083984,0,2667,2021-04-17,4237,3195,Middleweight,-345.0,245.0,0.727870356214646,7,1,0.5165926393670529,True,0.7289054781079974,True
5950,1,0.6646556258201599,0.07178938388824463,1,2669,2021-04-17,4215,2945,Lightweight,-174.0,120.0,0.5828258221680876,7,1,0.6105864836635408,True,0.5769721013925763,True
5951,1,0.4459892511367798,0.0012432336807250977,0,2670,2021-04-17,3758,3047,Heavyweight,110.0,-184.0,0.4236276849642004,2,2,0.44918866329559937,True,0.3998664750835785,True
5952,1,0.3959527015686035,0.02513599395751953,1,2672,2021-04-17,1227,191,Middleweight,-105.0,-130.0,0.4753937007874017,12,5,0.4126481935009009,True,0.45306189303694067,True
5953,1,0.550961971282959,0.033930182456970215,0,2673,2021-04-17,1443,3497,Lightweight,163.0,-250.0,0.347394540942928,0,5,0.5254367667690029,True,0.3234139301990663,True
5954,1,0.41127827763557434,0.009564220905303955,0,2674,2021-04-17,3049,2131,Bantamweight,255.0,-425.0,0.2581438229870928,5,2,0.4238888611979769,True,0.22948077991265364,True
5955,1,0.3157007694244385,0.03490614891052246,1,2671,2021-04-17,3526,3681,Strawweight,,,,4,0,0.3525440106660045,True,0.3525440106660045,False
5956,1,0.5354422330856323,0.006078124046325684,0,2655,2021-04-24,1664,328,Middleweight,-180.0,110.0,0.574468085106383,16,16,0.5141088918782281,True,0.5637636139568333,True
5957,1,0.4785899519920349,0.10151076316833496,0,2658,2021-04-24,1956,2122,Welterweight,152.0,-220.0,0.36596523330283626,1,4,0.47283710511923105,True,0.3405932925216595,True
5958,1,0.31000328063964844,0.03242921829223633,0,2652,2021-04-24,3927,392,Welterweight,250.0,-375.0,0.2657342657342657,19,13,0.34816722164296604,True,0.23447717169329765,True
5959,1,0.5484684705734253,0.014330625534057617,1,2653,2021-04-24,141,82,Strawweight,165.0,-222.0,0.35372953971218285,10,5,0.5236139181765406,True,0.32989759880471736,True
5960,1,0.5727970600128174,0.06980907917022705,1,2654,2021-04-24,5097,1518,Flyweight,-556.0,333.0,0.7858644417459882,11,18,0.541455157880524,True,0.7912020800048551,True
5961,1,0.5167349576950073,0.04602175951004028,1,2657,2021-04-24,1933,2660,Welterweight,-150.0,105.0,0.5515695067264573,10,19,0.5005007715657436,True,0.5385193688869816,True
5962,1,0.4862511157989502,0.08879303932189941,0,2661,2021-04-24,2177,295,Bantamweight,165.0,-250.0,0.34567901234567905,1,2,0.47838941165608895,True,0.3198474526498566,True
5963,1,0.5165224075317383,0.014727592468261719,1,2659,2021-04-24,2789,4437,Middleweight,-175.0,110.0,0.5719844357976653,4,7,0.5003463835541326,True,0.5604950902382724,True
5964,1,0.31394582986831665,0.0834341049194336,1,2662,2021-04-24,627,2526,Lightweight,,,,2,0,0.3511978098256766,True,0.3511978098256766,False
5965,1,0.4556681215763092,0.06467437744140625,0,2663,2021-04-24,630,2886,Flyweight,,,,0,0,0.45621647690915507,True,0.45621647690915507,False
5966,1,0.6171930432319641,0.062242984771728516,0,2664,2021-04-24,4442,3255,Strawweight,175.0,-250.0,0.3373493975903614,0,1,0.5744375077485112,True,0.3149144549719008,True
5967,1,0.531588077545166,0.05173158645629883,0,2660,2021-04-24,813,602,Featherweight,175.0,-250.0,0.3373493975903614,1,0,0.5113016663193488,True,0.3125164555798184,True
5968,1,0.6475955247879028,0.01983952522277832,0,2656,2021-04-24,2058,3269,Light Heavyweight,-250.0,163.0,0.6526054590570719,5,15,0.5974637196118393,True,0.6513703426355805,True
5969,1,0.5703793168067932,0.06354141235351562,1,2645,2021-05-01,4284,1086,Bantamweight,-290.0,200.0,0.6904761904761906,7,8,0.5396760196576563,True,0.689710795192085,True
5970,1,0.38378822803497314,0.029258370399475098,0,2642,2021-05-01,2154,3770,Featherweight,140.0,-220.0,0.3773584905660377,19,5,0.4036847880311103,True,0.34962103724220966,True
5971,1,0.5818583965301514,0.05087810754776001,1,2644,2021-05-01,2975,4910,Middleweight,-286.0,200.0,0.6897106109324759,12,13,0.5481368203520441,True,0.68920930091702,True
5972,1,0.5098217725753784,0.1065065860748291,0,2650,2021-05-01,4397,855,Middleweight,165.0,-240.0,0.3483606557377049,1,1,0.4954813613423539,True,0.3232647347349096,True
5973,1,0.44772106409072876,0.05633699893951416,1,2641,2021-05-01,3603,3786,Light Heavyweight,-125.0,-120.0,0.5045871559633028,1,8,0.450446749897959,True,0.48589558387270315,True
5974,1,0.5515971779823303,0.0962287187576294,0,2647,2021-05-01,202,3369,Featherweight,-162.0,120.0,0.5763260025873221,2,2,0.5259013173976089,True,0.5662727241012792,True
5975,1,0.4926494061946869,0.02562403678894043,1,2648,2021-05-01,3433,2934,Flyweight,200.0,-250.0,0.3181818181818181,2,5,0.483026922538457,True,0.29183180443302964,True
5976,1,0.29441016912460327,0.06677448749542236,0,2649,2021-05-01,3248,3984,Strawweight,300.0,-420.0,0.23636363636363636,1,3,0.33609066363722584,True,0.20538494075321875,True
5977,1,0.5230703353881836,0.046883344650268555,1,2651,2021-05-01,2994,1850,Featherweight,106.0,-150.0,0.44722719141323797,3,7,0.5051046319281977,True,0.42717420560875463,True
5978,1,0.37352311611175537,0.04554343223571777,0,2646,2021-05-01,3880,1362,Strawweight,133.0,-172.0,0.40430465544919436,16,0,0.39608784467863617,True,0.37734041770111776,True
5979,1,0.6548702120780945,0.009396195411682129,1,2635,2021-05-08,2134,1002,Heavyweight,-200.0,146.0,0.6212121212121211,11,7,0.6030399488454576,True,0.617900085649472,True
5980,1,0.4342808723449707,0.019910216331481934,0,2632,2021-05-08,3600,2206,Flyweight,175.0,-245.0,0.3386503067484662,10,6,0.4406743574317298,True,0.3111914013031464,True
5981,1,0.44099515676498413,0.01713430881500244,0,2633,2021-05-08,3250,4709,Welterweight,-182.0,125.0,0.5921908893709329,36,12,0.44555892618654613,True,0.5799376258821453,True
5982,1,0.5207211971282959,0.049462080001831055,1,2634,2021-05-08,1143,3080,Welterweight,140.0,-200.0,0.38461538461538464,24,6,0.5033970441495458,True,0.3612131054973026,True
5983,1,0.4525947570800781,0.01742684841156006,0,2636,2021-05-08,3476,3316,Lightweight,115.0,-163.0,0.428722797293993,11,7,0.4539857791179514,True,0.4054364678487302,True
5984,1,0.46605587005615234,0.019499659538269043,1,2638,2021-05-08,787,4061,Featherweight,190.0,-275.0,0.3198294243070363,3,1,0.4637514094598471,True,0.2928125433452512,True
5985,1,0.527953565120697,0.0489124059677124,0,2639,2021-05-08,1131,4748,Middleweight,-158.0,110.0,0.5625635808748729,1,3,0.5086562849691321,True,0.5507065557422787,True
5986,1,0.5868306756019592,0.02331984043121338,0,2640,2021-05-08,4267,2694,Welterweight,153.0,-215.0,0.3667268176261715,2,0,0.5518130826696238,True,0.34450324365556206,True
5987,1,0.4587433934211731,0.02573215961456299,1,2637,2021-05-08,3668,3882,Middleweight,115.0,-152.0,0.43538355217691777,2,2,0.4584478639763299,True,0.4126529910227428,True
5988,1,0.3856643736362457,0.05694007873535156,0,2620,2021-05-15,646,4242,Lightweight,-100.0,-140.0,0.46153846153846145,1,27,0.40506987320242227,True,0.43800396310471096,True
5989,1,0.575472354888916,0.07250142097473145,1,2625,2021-05-15,1732,1417,Middleweight,,,,2,15,0.5434255728891,True,0.5434255728891,False
5990,1,0.34227266907691956,0.019179880619049072,0,2621,2021-05-15,3525,4002,Lightweight,124.0,-163.0,0.4187098006750303,18,19,0.3727340644926012,True,0.39139225464654526,True
5991,1,0.5183470249176025,0.020678699016571045,0,2624,2021-05-15,1423,3479,Featherweight,-161.0,120.0,0.5757477243172953,8,24,0.5016718552603415,True,0.5646075277266267,True
5992,1,0.4848928451538086,0.04503512382507324,0,2623,2021-05-15,978,2802,Flyweight,,,,5,12,0.4774050140739362,True,0.4774050140739362,False
5993,1,0.4627527892589569,0.025243699550628662,1,2626,2021-05-15,4496,1684,Featherweight,-113.0,-133.0,0.4817044165538439,10,2,0.46135613263542824,True,0.46193320717978675,True
5994,1,0.6238569021224976,0.027456045150756836,1,2627,2021-05-15,2443,4692,Middleweight,-112.0,-118.0,0.4939310568053083,2,1,0.5794492792043351,True,0.4801672676009474,True
5995,1,0.4256938695907593,0.013693690299987793,0,2631,2021-05-15,1669,1369,Lightweight,171.0,-227.0,0.34707112304573484,3,8,0.43441845881390634,True,0.3195932130555467,True
5996,1,0.5661985874176025,0.006742715835571289,1,2630,2021-05-15,3000,1403,Featherweight,-140.0,-100.0,0.5384615384615384,0,5,0.5366029771878577,True,0.5260012140059713,True
5997,1,0.5523397326469421,0.015383362770080566,1,2628,2021-05-15,3467,3800,Flyweight,-104.0,-125.0,0.47852760736196315,6,5,0.5264444749396406,True,0.4613792149631726,True
5998,1,0.3357769250869751,0.019079089164733887,1,2629,2021-05-15,576,889,Flyweight,175.0,-253.0,0.3365911799761621,4,6,0.3678298671443512,True,0.3062590802527287,True
5999,1,0.5170643329620361,0.03830826282501221,0,2615,2021-05-22,4341,1371,Welterweight,-125.0,-113.0,0.5115273775216138,6,17,0.5007400252107663,True,0.4955319380496938,True
6000,1,0.4105634093284607,0.0026521682739257812,0,2616,2021-05-22,2920,1276,Flyweight,280.0,-405.0,0.24706457925636008,1,4,0.4233656784515571,True,0.21854097826489727,True
6001,1,0.48646438121795654,0.07591378688812256,1,2608,2021-05-22,1172,4633,Bantamweight,-132.0,-100.0,0.532258064516129,11,10,0.4785439760462786,True,0.5168000925990927,True
6002,1,0.3934507369995117,0.09764730930328369,1,2609,2021-05-22,940,155,Strawweight,-100.0,-139.0,0.4622823984526112,12,6,0.41080782981477626,True,0.43904889326747876,True
6003,1,0.5972045063972473,0.06111347675323486,0,2610,2021-05-22,409,376,Heavyweight,-200.0,150.0,0.625,3,1,0.5595073754192341,True,0.620128091345243,True
6004,1,0.6384255290031433,0.06665098667144775,1,2611,2021-05-22,949,4513,Featherweight,146.0,-210.0,0.3750302443745463,2,4,0.5904733494982035,True,0.35473830144452084,True
6005,1,0.3444530963897705,0.009325504302978516,0,2612,2021-05-22,1705,222,Featherweight,-145.0,-100.0,0.5420560747663551,2,7,0.37437606299064874,True,0.5226681072159071,True
6006,1,0.44903239607810974,0.01729482412338257,1,2613,2021-05-22,4468,3888,Middleweight,-154.0,112.0,0.5624310915104742,12,5,0.4513991832421006,True,0.5480783398508517,True
6007,1,0.4632200598716736,0.050136446952819824,0,2614,2021-05-22,1453,1939,Heavyweight,250.0,-360.0,0.26744186046511625,0,15,0.46169501396043383,True,0.23991536305830485,True
6008,1,0.5489027500152588,0.045627593994140625,0,2617,2021-05-22,1327,3313,Featherweight,,,,0,2,0.5239313098346916,True,0.5239313098346916,False
6009,1,0.4412248432636261,0.04044175148010254,0,2618,2021-05-22,2327,1196,Flyweight,333.0,-720.0,0.20824867939861844,0,2,0.44572592391556803,True,0.18137367557241482,True
6010,1,0.36731964349746704,0.004689216613769531,0,2619,2021-05-22,2096,3004,Lightweight,385.0,-625.0,0.19301164725457573,0,3,0.3914805067369491,True,0.1653976213147628,True
6011,1,0.4897454082965851,0.009974002838134766,1,2599,2021-06-05,1733,2777,Middleweight,110.0,-172.0,0.4295641187618445,0,2,0.48092198839905276,True,0.40746520229637917,True
6012,1,0.5462146997451782,0.04710334539413452,0,2598,2021-06-05,485,1392,Welterweight,-165.0,110.0,0.5666394112837285,3,12,0.5219673122976114,True,0.5556709933878363,True
6013,1,0.4399385452270508,0.1139976978302002,0,2597,2021-06-05,4190,3243,Middleweight,120.0,-183.0,0.4127771295215869,4,3,0.4447906189078627,True,0.388277752636772,True
6014,1,0.4224780797958374,0.12469029426574707,1,2601,2021-06-05,1644,5071,Heavyweight,140.0,-180.0,0.39325842696629215,13,5,0.4320727301428349,True,0.3673261509445546,True
6015,1,0.3930073082447052,0.015068352222442627,0,2600,2021-06-05,510,3739,Flyweight,,,,5,7,0.41048149100138426,True,0.41048149100138426,False
6016,1,0.3025473654270172,0.10776907205581665,0,2596,2021-06-05,2224,3156,Heavyweight,140.0,-190.0,0.38873994638069703,15,13,0.3424113012617449,True,0.3587940147429404,True
6017,1,0.5209600925445557,0.021276473999023438,0,2595,2021-06-05,482,1045,Heavyweight,-105.0,-152.0,0.45921555015619575,5,7,0.503570669736153,True,0.43983038411411773,True
6018,1,0.32622820138931274,0.08049547672271729,1,2606,2021-06-05,2664,91,Featherweight,-175.0,125.0,0.5887850467289719,2,5,0.3605848847616653,True,0.5724733236040369,True
6019,1,0.5196765661239624,0.04181039333343506,0,2603,2021-06-05,4172,5086,Featherweight,-200.0,160.0,0.6341463414634145,9,0,0.5026378928678674,True,0.6276380425833346,True
6020,1,0.6246215105056763,0.016897201538085938,0,2607,2021-06-05,3578,641,Lightweight,-225.0,163.0,0.6454867739296428,1,3,0.5800255153436563,True,0.6430098619554502,True
6021,1,0.45152223110198975,0.05224287509918213,0,2605,2021-06-05,3825,2872,Flyweight,375.0,-625.0,0.19627749576988157,0,1,0.4532071438833828,True,0.17005812398190492,True
6022,1,0.5900533199310303,0.03513753414154053,1,2602,2021-06-05,3136,1776,Welterweight,-250.0,175.0,0.6626506024096386,5,22,0.5541996947335427,True,0.6604045380476441,True
6023,1,0.4872087836265564,0.02564692497253418,1,2587,2021-06-12,1141,1233,Light Heavyweight,-152.0,120.0,0.5702592087312415,11,12,0.47908348703747455,True,0.5577186847721668,True
6024,1,0.5280188322067261,0.07557618618011475,0,2581,2021-06-12,3725,553,Middleweight,180.0,-278.0,0.3268765133171913,10,10,0.5087037745002914,True,0.3016614058658223,True
6025,1,0.5289223194122314,0.025523066520690918,1,2582,2021-06-12,3403,4866,Flyweight,150.0,-235.0,0.3631436314363144,10,11,0.5093612241999312,True,0.3391010653921868,True
6026,1,0.2637304365634918,0.04816681146621704,0,2583,2021-06-12,1768,169,Welterweight,335.0,-550.0,0.2136400986031224,25,13,0.3118486172163111,True,0.18280545562201383,True
6027,1,0.5604521632194519,0.04887187480926514,1,2584,2021-06-12,2843,3829,Welterweight,-250.0,166.0,0.6551724137931034,13,32,0.5323857903430943,True,0.6514957854604697,True
6028,1,0.46503758430480957,0.07652497291564941,0,2585,2021-06-12,3975,1741,Light Heavyweight,-300.0,195.0,0.688715953307393,3,11,0.463013041289573,True,0.6849314468541694,True
6029,1,0.5432261824607849,0.010188698768615723,1,2586,2021-06-12,2467,4219,Lightweight,120.0,-152.0,0.4297407912687586,3,16,0.5197852925848288,True,0.4092945764134678,True
6030,1,0.5659791231155396,0.01880824565887451,1,2594,2021-06-12,585,2445,Heavyweight,-178.0,120.0,0.5848267622461171,3,8,0.5364417764911513,True,0.5758829246432156,True
6031,1,0.5631389021873474,0.07853829860687256,1,2590,2021-06-12,4591,2003,Bantamweight,-260.0,175.0,0.6651162790697674,5,12,0.5343565963065398,True,0.6622712938740446,True
6032,1,0.5172953605651855,0.0158461332321167,0,2591,2021-06-12,868,3074,Lightweight,-225.0,130.0,0.6142433234421365,5,0,0.5009078466897245,True,0.6060931464522323,True
6033,1,0.6122308969497681,0.06692731380462646,0,2592,2021-06-12,1993,3018,Featherweight,-130.0,-120.0,0.5088967971530249,3,5,0.5707172051244451,True,0.4957939479887501,True
6034,1,0.47982457280158997,0.01826387643814087,0,2593,2021-06-12,1049,1829,Lightweight,-122.0,-125.0,0.4972826086956522,2,2,0.473731883718425,True,0.47910576722837084,True
6035,2,0.4891420006752014,0.051138997077941895,1,2588,2021-06-12,2548,4391,Flyweight,,,,10,12,0.4807722196035671,True,0.4807722196035671,False
6036,2,0.5232148170471191,0.05101519823074341,1,2589,2021-06-12,4085,1674,Featherweight,-240.0,170.0,0.6558704453441295,4,6,0.5139990806724409,True,0.6617002337745808,True
6037,2,0.3634827136993408,0.07464337348937988,1,2569,2021-06-19,3632,123,Featherweight,115.0,-162.0,0.42929706701622156,9,9,0.35872894816691947,True,0.3934518333795063,True
6038,2,0.28221359848976135,0.03474551439285278,0,2570,2021-06-19,1346,3278,Heavyweight,200.0,-303.0,0.30716463414634143,14,5,0.2799329881427322,True,0.2571649198067117,True
6039,2,0.4234999716281891,0.07731491327285767,0,2571,2021-06-19,2649,900,Bantamweight,175.0,-250.0,0.3373493975903614,7,16,0.41694775882368085,True,0.3065381794796173,True
6040,2,0.5995711088180542,0.16140305995941162,1,2572,2021-06-19,1258,3697,Featherweight,-186.0,115.0,0.5830295961510424,4,7,0.5887993400371838,True,0.5947117662703966,True
6041,2,0.44844838976860046,0.006409823894500732,1,2573,2021-06-19,858,1577,Middleweight,-130.0,-102.0,0.5281576830249397,0,3,0.44118120596192184,True,0.5125749835436504,True
6042,2,0.5990803241729736,0.0896749496459961,0,2574,2021-06-19,1214,3613,Welterweight,-220.0,145.0,0.6274738067520372,10,27,0.5883167782368512,True,0.642058961145974,True
6043,2,0.33650729060173035,0.03738492727279663,1,2575,2021-06-19,3804,4320,Light Heavyweight,200.0,-290.0,0.30952380952380953,1,2,0.3325794465203653,True,0.26695860233249596,True
6044,2,0.4277600049972534,0.0156782865524292,1,2576,2021-06-19,358,3190,Strawweight,-142.0,110.0,0.5520177711958534,4,1,0.42108396670954745,True,0.5352760588107868,True
6045,2,0.5351876616477966,0.19447362422943115,0,2577,2021-06-19,1056,3346,Welterweight,120.0,-174.0,0.4171741778319123,2,3,0.525694505916525,True,0.40614985914871365,True
6046,2,0.5728099346160889,0.1616964340209961,1,2578,2021-06-19,4188,4258,Heavyweight,-168.0,110.0,0.5682989690721649,1,2,0.5625225536465428,True,0.5748209234796554,True
6047,2,0.5444759130477905,0.08872318267822266,0,2579,2021-06-19,1169,3606,Lightweight,-142.0,105.0,0.5460513974864003,6,6,0.5347753697060712,True,0.5465249491507955,True
6048,2,0.623991847038269,0.07630813121795654,1,2580,2021-06-19,208,2615,Flyweight,130.0,-182.0,0.4025121324578932,1,2,0.6128443600845671,True,0.40375379112052956,True
6049,2,0.5498003959655762,0.07788538932800293,0,2562,2021-06-26,1746,1366,Light Heavyweight,-192.0,-140.0,0.529898804047838,2,3,0.5399841899408717,True,0.5298863144389533,True
6050,2,0.6670878529548645,0.027457594871520996,1,2557,2021-06-26,5071,172,Heavyweight,-430.0,150.0,0.6697819314641745,6,23,0.6554524869828627,True,0.696281309421162,True
6051,2,0.554484486579895,0.015423119068145752,0,2558,2021-06-26,3499,603,Bantamweight,-310.0,175.0,0.6752475247524753,5,2,0.5445685312634034,True,0.6865599121729917,True
6052,2,0.5957860350608826,0.09169661998748779,1,2560,2021-06-26,4115,531,Welterweight,-380.0,-100.0,0.6129032258064516,23,7,0.5850783426772974,True,0.6260698185616307,True
6053,2,0.342009037733078,0.011437594890594482,0,2561,2021-06-26,1844,1285,Lightweight,195.0,-1000.0,0.2716049382716049,1,10,0.3379125724072219,True,0.23052726657943318,True
6054,2,0.5156842470169067,0.10244274139404297,1,2568,2021-06-26,355,4097,Lightweight,-164.0,120.0,0.5774647887323944,7,14,0.5066485410680482,True,0.5761476760272766,True
6055,2,0.5812149047851562,0.2594336271286011,1,2563,2021-06-26,245,1203,Welterweight,-360.0,235.0,0.7238895558223291,1,13,0.570767683033316,True,0.7409879885390013,True
6056,2,0.6939168572425842,0.03010571002960205,0,2564,2021-06-26,4071,3608,Welterweight,-260.0,-112.0,0.5775356244761106,12,0,0.6821052488936703,True,0.6039979473568126,True
6057,2,0.3098655343055725,0.049053072929382324,0,2565,2021-06-26,4707,3621,Light Heavyweight,-280.0,-230.0,0.5139043381535039,3,4,0.30675180766436705,True,0.4746095040755351,True
6058,2,0.4290562570095062,0.008685827255249023,0,2566,2021-06-26,1024,4525,Bantamweight,260.0,-380.0,0.25974025974025977,2,3,0.4223426738512506,True,0.2288134210678547,True
6059,2,0.5017092227935791,0.010309100151062012,0,2567,2021-06-26,1461,4404,Featherweight,121.0,-177.0,0.4145651555741803,4,9,0.4930182907409917,True,0.39845742077547236,True
6060,2,0.45100122690200806,0.1012125015258789,0,2556,2021-06-26,2905,3477,Heavyweight,125.0,-176.0,0.4107142857142857,9,5,0.4436623795748868,True,0.3869891757742212,True
6061,2,0.6885268688201904,0.028255224227905273,1,2548,2021-07-10,252,3593,Bantamweight,-1600.0,550.0,0.8595041322314049,6,0,0.6767421586582698,True,0.8846619957624997,True
6062,2,0.4560425281524658,0.09977662563323975,1,2547,2021-07-10,3777,3480,Bantamweight,,,,9,6,0.4485630586736442,True,0.4485630586736442,False
6063,2,0.5186054110527039,0.0436476469039917,1,2549,2021-07-10,3728,2512,Welterweight,-190.0,145.0,0.6161482461945731,11,18,0.5094993766297967,True,0.6183497686681089,True
6064,2,0.48185983300209045,0.046906232833862305,0,2545,2021-07-10,3732,3148,Welterweight,-180.0,125.0,0.5912408759124087,16,16,0.4736806403553746,True,0.5860579277743853,True
6065,2,0.37181368470191956,0.09577363729476929,0,2544,2021-07-10,3970,1820,Lightweight,-100.0,-139.0,0.4622823984526112,13,25,0.36680594070862077,True,0.4296998988557333,True
6066,2,0.4884728193283081,0.04564523696899414,0,2546,2021-07-10,647,4548,Heavyweight,-110.0,-133.0,0.4785287528005974,8,8,0.4801204182212037,True,0.46507855496744865,True
6067,2,0.4399719834327698,0.053255558013916016,0,2554,2021-07-10,3589,3081,Middleweight,102.0,-165.0,0.44292161123182344,14,19,0.43294484374560144,True,0.41958430531741137,True
6068,2,0.6086491346359253,0.026595354080200195,0,2552,2021-07-10,3838,1534,Middleweight,-122.0,-125.0,0.4972826086956522,7,1,0.597729943846025,True,0.5038303664323821,True
6069,2,0.42563068866729736,0.05382537841796875,0,2551,2021-07-10,150,1809,Featherweight,155.0,-235.0,0.3585763981803586,4,2,0.4190164600187067,True,0.3287327678205549,True
6070,2,0.5341025590896606,0.07135653495788574,0,2555,2021-07-10,4372,663,Flyweight,172.0,-333.0,0.32343362514565716,3,2,0.5246340858009101,True,0.3064684093191393,True
6071,2,0.3216201066970825,0.11270558834075928,0,2550,2021-07-10,2863,3905,Welterweight,140.0,-235.0,0.3726362625139043,12,5,0.31814797155665325,True,0.3282076557029257,True
6072,2,0.5516883134841919,0.03176295757293701,1,2553,2021-07-10,697,4402,Flyweight,-222.0,160.0,0.6419039145907472,6,14,0.5418316755850234,True,0.650685636523206,True
6073,2,0.26307767629623413,0.02088606357574463,0,2534,2021-07-17,3519,4117,Lightweight,500.0,-1000.0,0.15492957746478872,6,9,0.26136050931923155,True,0.11614198432619807,True
6074,2,0.3765740394592285,0.10006022453308105,0,2535,2021-07-17,3579,2263,Bantamweight,140.0,-222.0,0.37669630322882547,12,9,0.37142158975842793,True,0.3405674134878487,True
6075,2,0.18763406574726105,0.08895039558410645,0,2536,2021-07-17,1430,102,Lightweight,175.0,-280.0,0.3304347826086957,33,2,0.18793849350824376,True,0.2639003752263767,True
6076,2,0.5299099087715149,0.024975895881652832,1,2537,2021-07-17,3444,3330,Middleweight,-250.0,175.0,0.6626506024096386,3,1,0.5205376758879301,True,0.669864656903972,True
6077,2,0.5031923651695251,0.048868536949157715,1,2538,2021-07-17,32,4424,Featherweight,120.0,-165.0,0.42197452229299365,4,10,0.4944642089311404,True,0.40658661175326555,True
6078,2,0.46214741468429565,0.08304774761199951,0,2539,2021-07-17,1853,4230,Welterweight,235.0,-375.0,0.27436823104693137,0,5,0.45449931227391155,True,0.24714475842949074,True
6079,2,0.4968234896659851,0.04000270366668701,0,2540,2021-07-17,1804,811,Strawweight,355.0,-650.0,0.2022926500337154,1,4,0.48825620714389606,True,0.1788213117639921,True
6080,2,0.3651175796985626,0.001750946044921875,1,2541,2021-07-17,2677,162,Bantamweight,110.0,-157.0,0.4380432929947161,1,4,0.3603139092078141,True,0.4029289339870336,True
6081,2,0.29138097167015076,0.13512367010116577,1,2542,2021-07-17,1449,3860,Flyweight,225.0,-350.0,0.28346456692913385,2,1,0.2888261802965171,True,0.23558500064177446,True
6082,2,0.5919092893600464,0.10194826126098633,1,2528,2021-07-24,2789,626,Middleweight,-111.0,-130.0,0.48206193353474325,5,2,0.5812687806471976,True,0.4847310634377585,True
6083,2,0.42987650632858276,0.11878836154937744,1,2523,2021-07-24,3449,939,Bantamweight,160.0,-225.0,0.3571428571428572,16,8,0.4231391981276363,True,0.32782782851304115,True
6084,2,0.46730393171310425,0.0398637056350708,1,2525,2021-07-24,4399,4618,Featherweight,125.0,-175.0,0.41121495327102797,23,3,0.4595148687326868,True,0.3898904128249663,True
6085,2,0.5734347105026245,0.04127669334411621,0,2526,2021-07-24,3874,2636,Flyweight,-163.0,120.0,0.5768983268983269,2,5,0.5631352140513147,True,0.5841665658544314,True
6086,2,0.4873899519443512,0.007103919982910156,0,2527,2021-07-24,1793,84,Bantamweight,175.0,-255.0,0.336094674556213,3,2,0.4790657330963898,True,0.3136270458621518,True
6087,2,0.45371508598327637,0.046085238456726074,1,2532,2021-07-24,2525,825,Flyweight,-455.0,275.0,0.7545605306799337,8,0,0.4463003879113648,True,0.7586204980014538,True
6088,2,0.4258136749267578,0.030819058418273926,0,2529,2021-07-24,2939,437,Middleweight,-172.0,125.0,0.5872534142640364,6,2,0.419194128015574,True,0.5733396805959693,True
6089,2,0.3821893334388733,0.00015473365783691406,0,2530,2021-07-24,1821,604,Welterweight,-189.0,140.0,0.6108268246700781,1,8,0.37686666036939487,True,0.592423908542149,True
6090,2,0.5168783664703369,0.04607677459716797,1,2531,2021-07-24,1615,2066,Bantamweight,-250.0,160.0,0.6499999999999999,5,7,0.507813836801715,True,0.6545347494585729,True
6091,2,0.38851916790008545,0.058289170265197754,0,2533,2021-07-24,1267,3853,Strawweight,-117.0,-120.0,0.49710312862108924,1,2,0.3830053126069823,True,0.4696609953216201,True
6092,2,0.32307490706443787,0.05566602945327759,1,2524,2021-07-24,372,1099,Bantamweight,210.0,-335.0,0.2952154733627418,4,3,0.3195583056525313,True,0.2511211412296646,True
6093,2,0.44202709197998047,0.055063486099243164,1,2515,2021-07-31,4263,4444,Welterweight,150.0,-196.0,0.3765903307888041,2,1,0.43494146578464693,True,0.3497722787016992,True
6094,2,0.4502994418144226,0.01683032512664795,1,2514,2021-07-31,1126,1415,Strawweight,,,,1,1,0.44298026510071176,True,0.44298026510071176,False
6095,2,0.6673428416252136,0.09385788440704346,1,2513,2021-07-31,2975,328,Middleweight,-225.0,163.0,0.6454867739296428,13,17,0.6557053147486048,True,0.6711091390821327,True
6096,2,0.4991267919540405,0.04095721244812012,0,2521,2021-07-31,2337,615,Flyweight,-148.0,-103.0,0.540476361804706,8,2,0.4905010221580329,True,0.5336300021938348,True
6097,2,0.4471570551395416,0.04481220245361328,1,2520,2021-07-31,2544,946,Strawweight,116.0,-172.0,0.4226752859273993,3,9,0.43992623533220115,True,0.3991095065632082,True
6098,2,0.3888610601425171,0.04629027843475342,1,2517,2021-07-31,4350,3318,Welterweight,200.0,-278.0,0.3118811881188118,3,11,0.38333690173098695,True,0.27612858669222917,True
6099,2,0.5425902605056763,0.0402064323425293,0,2518,2021-07-31,4756,2862,Lightweight,-357.0,230.0,0.7205063910464192,1,5,0.5329312485993782,True,0.7328305529154553,True
6100,2,0.49274742603302,0.015225410461425781,0,2516,2021-07-31,2228,395,Featherweight,120.0,-161.0,0.42425227568270485,0,0,0.4842844818490245,True,0.40748736819639064,True
6101,2,0.4528815746307373,0.019478917121887207,1,2522,2021-07-31,1636,972,Welterweight,130.0,-175.0,0.4059040590405904,1,0,0.4454901357333048,True,0.3821708996571087,True
6102,2,0.6515005826950073,0.03421187400817871,1,2500,2021-08-07,3477,3901,Heavyweight,-357.0,250.0,0.7322004101963082,6,21,0.640014091355805,True,0.757998175907511,True
6103,2,0.4886610507965088,0.009266138076782227,0,2501,2021-08-07,4529,1375,Bantamweight,-116.0,-125.0,0.49152542372881364,15,17,0.48030375816808146,True,0.47911766603310885,True
6104,2,0.5095676779747009,0.0637824535369873,1,2502,2021-08-07,886,3611,Welterweight,-116.0,-115.0,0.5010044194455605,16,15,0.5006812073190909,True,0.49252617124559134,True
6105,2,0.497557133436203,0.06427216529846191,0,2503,2021-08-07,1021,3830,Strawweight,,,,17,13,0.4889711842797293,True,0.4889711842797293,False
6106,2,0.5319622755050659,0.049074649810791016,1,2504,2021-08-07,1200,3892,Bantamweight,-106.0,-146.0,0.4643823906539393,7,7,0.5225427593662438,True,0.456414037132727,True
6107,2,0.44151395559310913,0.08844947814941406,0,2512,2021-08-07,3723,1315,Bantamweight,225.0,-350.0,0.28346456692913385,1,1,0.4344429159018834,True,0.2539427930625637,True
6108,2,0.43448591232299805,0.03831493854522705,0,2505,2021-08-07,681,4050,Lightweight,,,,15,4,0.4276157649431157,True,0.4276157649431157,False
6109,2,0.31525367498397827,0.0185621976852417,0,2507,2021-08-07,2831,2559,Light Heavyweight,190.0,-303.0,0.31442615276585784,24,5,0.31197587414046757,True,0.2689138866329655,True
6110,2,0.4217764735221863,0.018265724182128906,1,2508,2021-08-07,3526,2827,Strawweight,108.0,-158.0,0.4397927178508114,5,11,0.4152745426819267,True,0.41351111085531334,True
6111,2,0.5351535677909851,0.011892437934875488,0,2509,2021-08-07,2781,153,Flyweight,160.0,-250.0,0.35,2,2,0.5256611861565201,True,0.3345955226830822,True
6112,2,0.24710527062416077,0.014961302280426025,0,2510,2021-08-07,3551,4393,Bantamweight,160.0,-250.0,0.35,3,3,0.24584665368506184,True,0.2935500645443159,True
6113,2,0.6034379601478577,0.05066525936126709,1,2511,2021-08-07,3297,1368,Flyweight,-126.0,-112.0,0.5134553283100107,0,1,0.5926023047961867,True,0.5204665763861628,True
6114,2,0.43986961245536804,0.024677515029907227,1,2506,2021-08-07,1342,767,Bantamweight,-115.0,-124.0,0.491415490270889,4,1,0.43284539084245,True,0.47155785353293594,True
6115,2,0.5545080900192261,0.14527416229248047,1,2489,2021-08-21,258,2215,Lightweight,-185.0,135.0,0.6040291767974991,2,30,0.544591636880667,True,0.6105099737152961,True
6116,2,0.44915875792503357,0.08071023225784302,1,2492,2021-08-21,1014,3497,Lightweight,-164.0,-100.0,0.5540540540540541,8,6,0.44187160248526486,True,0.5407719175352114,True
6117,2,0.5931462049484253,0.044682085514068604,0,2488,2021-08-21,717,774,Middleweight,120.0,-161.0,0.42425227568270485,19,11,0.5824840911282274,True,0.42246620394397216,True
6118,2,0.5826255083084106,0.04969429969787598,0,2490,2021-08-21,4209,1539,Heavyweight,-230.0,150.0,0.6353591160220994,9,2,0.5721521355887509,True,0.6480716280506884,True
6119,2,0.4499536156654358,0.03069889545440674,1,2491,2021-08-21,465,4408,Bantamweight,117.0,-174.0,0.42051628349550324,0,2,0.4426441406456637,True,0.3972290201745272,True
6120,2,0.4051488935947418,0.04863542318344116,0,2493,2021-08-21,1629,3958,Flyweight,132.0,-182.0,0.4004316710212427,3,10,0.3991370816804416,True,0.3694549716097303,True
6121,2,0.6471384763717651,0.022501468658447266,1,2494,2021-08-21,2910,4805,Featherweight,-112.0,-125.0,0.48742746615087035,2,1,0.6356994116206105,True,0.4994433625278101,True
6122,2,0.6003634929656982,0.02721881866455078,0,2496,2021-08-21,4057,2740,Bantamweight,-177.0,130.0,0.5950884373629587,2,0,0.5895785023058291,True,0.6077359474198153,True
6123,2,0.5943781137466431,0.05669260025024414,1,2497,2021-08-21,4877,1238,Light Heavyweight,-200.0,141.0,0.6163682864450128,2,1,0.583694639810143,True,0.6295555491061534,True
6124,2,0.4745239317417145,0.1336829662322998,0,2499,2021-08-21,530,2553,Welterweight,128.0,-220.0,0.3894839337877312,2,1,0.4665398789976226,True,0.36791157285965753,True
6125,2,0.6026837825775146,0.2739262580871582,0,2495,2021-08-21,4466,3126,Bantamweight,140.0,-200.0,0.38461538461538464,2,11,0.5918604613678665,True,0.38118238592169607,True
6126,2,0.3765275180339813,0.046828508377075195,1,2498,2021-08-21,145,2891,Lightweight,120.0,-175.0,0.4166666666666667,1,7,0.3713764808133361,True,0.3821968283484255,True
6127,2,0.6329315900802612,0.13599783182144165,0,2481,2021-08-28,640,1227,Middleweight,-714.0,400.0,0.8143248175182483,3,13,0.6216637161867622,True,0.8375348505009114,True
6128,2,0.4251583218574524,0.028172969818115234,1,2479,2021-08-28,4230,3043,Welterweight,115.0,-162.0,0.42929706701622156,6,17,0.41855782758855364,True,0.40287124716970646,True
6129,2,0.6917754411697388,0.06560707092285156,1,2476,2021-08-28,3770,3479,Featherweight,-105.0,-130.0,0.4753937007874017,6,25,0.6799739910361382,True,0.49409660805910294,True
6130,2,0.4989209771156311,0.01438283920288086,1,2477,2021-08-28,3533,562,Middleweight,-225.0,150.0,0.6338028169014084,0,0,0.4903004194848963,True,0.6345927695887258,True
6131,2,0.43289485573768616,3.4749507904052734e-05,1,2478,2021-08-28,2119,3996,Bantamweight,-167.0,106.0,0.5630257602042487,0,0,0.426070467135333,True,0.5480353350029172,True
6132,2,0.5578205585479736,0.03844571113586426,1,2480,2021-08-28,4822,3258,Middleweight,-625.0,375.0,0.8037225042301185,0,0,0.5478347273398385,True,0.8202954237793801,True
6133,2,0.5735123157501221,0.043434739112854004,0,2484,2021-08-28,1233,146,Light Heavyweight,155.0,-205.0,0.3684687405617638,13,5,0.563211316992364,True,0.3595861004934275,True
6134,2,0.6977334022521973,0.03887820243835449,1,2485,2021-08-28,3534,2745,Flyweight,-475.0,300.0,0.7676767676767676,8,0,0.6859054364011092,True,0.7987410165899421,True
6135,2,0.5991443991661072,0.07740724086761475,1,2486,2021-08-28,602,1876,Featherweight,120.0,-161.0,0.42425227568270485,1,2,0.588379778233736,True,0.4233903468272859,True
6136,2,0.5638431310653687,0.10076713562011719,1,2483,2021-08-28,1577,2738,Middleweight,-133.0,-108.0,0.5236616945559173,4,21,0.5537336656996135,True,0.5253044858116847,True
6137,2,0.3304888606071472,0.02875232696533203,0,2487,2021-08-28,856,1980,Bantamweight,210.0,-320.0,0.2974504249291785,6,0,0.32674539442030637,True,0.2542751900375438,True
6138,2,0.6428532600402832,0.010671615600585938,0,2482,2021-08-28,3429,4237,Middleweight,-265.0,190.0,0.6779885310983679,9,8,0.6314631654473698,True,0.7013418349776412,True
6139,2,0.5913131237030029,0.12478363513946533,1,2467,2021-09-04,3998,4375,Middleweight,120.0,-177.0,0.4156662665066026,18,10,0.5806830845339435,True,0.41292317230474246,True
6140,2,0.5945638418197632,0.06146878004074097,1,2468,2021-09-04,2691,3278,Heavyweight,,,,3,6,0.5838771612253733,True,0.5838771612253733,False
6141,2,0.39278489351272583,0.030222177505493164,0,2469,2021-09-04,421,4709,Welterweight,-100.0,-139.0,0.4622823984526112,4,13,0.3871426707382197,True,0.43301115525772826,True
6142,2,0.441694438457489,0.008501410484313965,1,2470,2021-09-04,4279,979,Light Heavyweight,125.0,-166.0,0.4159499609069585,10,3,0.4346182670407355,True,0.3911735959203731,True
6143,2,0.5016751289367676,0.0017566680908203125,0,2471,2021-09-04,1049,1943,Lightweight,125.0,-163.0,0.4176260420801905,3,0,0.49298505430099726,True,0.4017194416499461,True
6144,2,0.4993029534816742,0.025491833686828613,1,2472,2021-09-04,2701,3213,Flyweight,-125.0,-118.0,0.5065055762081785,6,6,0.49067272467729867,True,0.4969093832317676,True
6145,2,0.34828945994377136,0.001881420612335205,0,2473,2021-09-04,3462,4168,Bantamweight,400.0,-714.0,0.18567518248175185,0,3,0.3440005281274543,True,0.1502635699720398,True
6146,2,0.6202688813209534,0.1495523452758789,0,2474,2021-09-04,3703,3697,Catch Weight,-200.0,150.0,0.625,5,8,0.609174315433369,True,0.6425450837342206,True
6147,2,0.487257182598114,0.009237527847290039,0,2475,2021-09-04,4053,1147,Middleweight,130.0,-175.0,0.4059040590405904,3,5,0.47893642406879156,True,0.38713707343960463,True
6148,2,0.6130831837654114,0.02452552318572998,0,2453,2021-09-18,1191,3269,Light Heavyweight,110.0,-177.0,0.42700786187760137,6,16,0.6020952733538218,True,0.4285380063584698,True
6149,2,0.4568636417388916,0.0223463773727417,1,2454,2021-09-18,673,2595,Light Heavyweight,-182.0,125.0,0.5921908893709329,10,11,0.44936138364699985,True,0.5833849917735898,True
6150,2,0.6346454620361328,0.052096784114837646,1,2459,2021-09-18,1131,2480,Light Heavyweight,-129.0,-105.0,0.523767082590612,2,7,0.6233556077196921,True,0.5365994824916236,True
6151,2,0.6733438968658447,0.0407564640045166,1,2456,2021-09-18,1482,1369,Lightweight,-1000.0,525.0,0.8503401360544217,4,9,0.6616581363089796,True,0.8751045324444396,True
6152,2,0.5315626859664917,0.013406038284301758,0,2457,2021-09-18,2131,3160,Bantamweight,-225.0,160.0,0.6428571428571429,3,2,0.5221523499694745,True,0.6489017842611912,True
6153,2,0.3710232973098755,0.0036851167678833008,0,2458,2021-09-18,3473,3557,Middleweight,147.0,-222.0,0.36997035641243653,2,4,0.36603961148894704,True,0.33282573097783225,True
6154,2,0.4956423044204712,0.007086634635925293,0,2455,2021-09-18,1004,510,Flyweight,,,,0,6,0.48710514854402426,True,0.48710514854402426,False
6155,2,0.38197845220565796,0.06447792053222656,1,2466,2021-09-18,1267,4556,Flyweight,-100.0,-130.0,0.4693877551020409,2,5,0.376662161794074,True,0.43889559485769597,True
6156,2,0.5694663524627686,0.02204608917236328,1,2461,2021-09-18,2526,3096,Lightweight,-278.0,170.0,0.6650717703349283,1,0,0.5592444368039095,True,0.6777817626735342,True
6157,2,0.2752732038497925,0.07773351669311523,0,2462,2021-09-18,2719,497,Bantamweight,430.0,-700.0,0.17738359201773837,1,6,0.27319847165553435,True,0.13649219445003205,True
6158,2,0.41275152564048767,0.009797811508178711,0,2463,2021-09-18,2709,1224,Flyweight,275.0,-445.0,0.246188594014681,1,0,0.4065145378276285,True,0.21371355144468185,True
6159,2,0.4846445322036743,0.026123404502868652,0,2464,2021-09-18,4922,2694,Welterweight,-124.0,-120.0,0.5036927621861153,3,1,0.4763920830187316,True,0.49164221721859297,True
6160,2,0.5013934373855591,0.024363279342651367,0,2460,2021-09-18,4591,4933,Bantamweight,-100.0,-139.0,0.4622823984526112,6,13,0.4927104498835385,True,0.44954176806411517,True
6161,2,0.40209460258483887,0.025969862937927246,1,2446,2021-09-25,656,4065,Lightweight,-164.0,118.0,0.5752349079675634,16,7,0.39617372106042736,True,0.5565755924622623,True
6162,2,0.3488745093345642,0.04890716075897217,0,2440,2021-09-25,3223,1106,Featherweight,145.0,-200.0,0.37974683544303806,9,9,0.34456765338337375,True,0.3396239090002239,True
6163,2,0.7461054921150208,0.03587377071380615,1,2441,2021-09-25,5097,2548,Flyweight,-1900.0,725.0,0.8868458274398867,12,11,0.7342782111656578,True,0.9127970412589074,True
6164,2,0.6041773557662964,0.072848379611969,1,2442,2021-09-25,4069,3441,Middleweight,-178.0,120.0,0.5848267622461171,22,14,0.593329667707483,True,0.5973395162020501,True
6165,2,0.2822946608066559,0.040364205837249756,0,2443,2021-09-25,1045,4325,Heavyweight,240.0,-380.0,0.2708803611738149,8,13,0.28001163670146295,True,0.22241250300280752,True
6166,2,0.7422270774841309,0.011158943176269531,1,2445,2021-09-25,4284,1649,Bantamweight,-310.0,200.0,0.6940298507462687,8,9,0.7303846179368505,True,0.7321527694257773,True
6167,2,0.2901597023010254,0.033342838287353516,0,2448,2021-09-25,2504,807,Flyweight,300.0,-460.0,0.23333333333333334,10,3,0.28764157052441724,True,0.18827275204324023,True
6168,2,0.32828646898269653,0.16440165042877197,0,2447,2021-09-25,232,2720,Heavyweight,163.0,-225.0,0.35451322607035723,8,3,0.3246104336540115,True,0.31081345352122897,True
6169,2,0.5654444694519043,3.0994415283203125e-05,0,2449,2021-09-25,3490,3931,Lightweight,-134.0,-106.0,0.5267134788581895,1,5,0.5553026843264642,True,0.5288471770516245,True
6170,2,0.4124565124511719,0.10823702812194824,0,2450,2021-09-25,1064,2991,Middleweight,-100.0,-152.0,0.4532374100719424,0,0,0.40622822985850987,True,0.4264095293821014,True
6171,2,0.4123844504356384,0.01568746566772461,0,2451,2021-09-25,3553,1056,Welterweight,330.0,-700.0,0.2099737532808399,0,3,0.40615829465400427,True,0.1786495055655456,True
6172,2,0.45748698711395264,0.020709872245788574,1,2452,2021-09-25,2639,1275,Featherweight,120.0,-162.0,0.42367399741267786,2,4,0.449967451125118,True,0.40169233155079453,True
6173,2,0.5616430044174194,0.027810752391815186,1,2444,2021-09-25,1518,101,Flyweight,-235.0,165.0,0.6502218741842861,19,9,0.5515783253481051,True,0.6609404377191733,True
6174,2,0.5644834041595459,0.0019562244415283203,0,2433,2021-10-02,3463,1823,Lightweight,-140.0,101.0,0.5397008055235903,3,8,0.5543609880159818,True,0.5427210238550996,True
6175,2,0.4005945324897766,0.13190925121307373,1,2428,2021-10-02,4878,189,Light Heavyweight,-161.0,125.0,0.5812274368231046,21,6,0.39471840258669144,True,0.5628839767948292,True
6176,2,0.672114372253418,0.06532812118530273,0,2430,2021-10-02,2660,2863,Welterweight,150.0,-215.0,0.3695014662756598,20,13,0.660438081651923,True,0.375592594269834,True
6177,2,0.6505988836288452,0.05259215831756592,1,2431,2021-10-02,4910,4685,Middleweight,-145.0,-104.0,0.537232110424991,14,10,0.6391219935695007,True,0.5537000100948465,True
6178,2,0.653151273727417,0.022876262664794922,1,2432,2021-10-02,1205,4762,Lightweight,-900.0,400.0,0.8181818181818181,7,0,0.64164748119314,True,0.8430600566282337,True
6179,2,0.3598126173019409,0.03422391414642334,0,2434,2021-10-02,3800,208,Flyweight,180.0,-270.0,0.32859680284191833,6,2,0.3551709800675768,True,0.28912713597904977,True
6180,2,0.6768430471420288,0.04172325134277344,1,2435,2021-10-02,3698,4041,Bantamweight,-1100.0,400.0,0.8208955223880596,3,11,0.6651315127796484,True,0.8477636810237034,True
6181,2,0.6746843457221985,0.031279921531677246,0,2436,2021-10-02,4231,3646,Lightweight,-165.0,125.0,0.5834970530451867,4,3,0.6629885052597932,True,0.6070831072513744,True
6182,2,0.4821568727493286,0.1976795196533203,0,2438,2021-10-02,1589,302,Bantamweight,115.0,-164.0,0.42815439506973724,1,1,0.47396984411286025,True,0.4100967347720711,True
6183,2,0.26650872826576233,0.02054661512374878,0,2439,2021-10-02,93,1180,Bantamweight,195.0,-300.0,0.311284046692607,7,11,0.2646915544519628,True,0.2588581882614624,True
6184,2,0.4819449186325073,0.0201871395111084,1,2437,2021-10-02,3454,1507,Bantamweight,-280.0,200.0,0.6885245901639344,8,1,0.4737634808741537,True,0.6912537133385092,True
6185,2,0.3695327639579773,0.01922738552093506,0,2423,2021-10-09,2994,4736,Bantamweight,195.0,-286.0,0.31389769862568107,4,6,0.36459447064611444,True,0.2756597494288439,True
6186,2,0.5533600449562073,0.006502747535705566,0,2419,2021-10-09,2431,2206,Strawweight,-220.0,150.0,0.632183908045977,7,7,0.5434678616508397,True,0.6405290413667288,True
6187,2,0.3800569772720337,0.081429123878479,0,2420,2021-10-09,4263,1933,Welterweight,195.0,-330.0,0.30637691485571783,3,11,0.3747988805161242,True,0.2694829106044854,True
6188,2,0.30725520849227905,0.126753568649292,0,2421,2021-10-09,1600,844,Flyweight,150.0,-200.0,0.375,15,5,0.3042208118573436,True,0.3283799007043375,True
6189,2,0.6543377041816711,0.03794896602630615,1,2424,2021-10-09,3047,376,Heavyweight,-600.0,375.0,0.8028169014084507,3,2,0.6428216974800629,True,0.8283302332405778,True
6190,2,0.41207456588745117,0.09076917171478271,1,2425,2021-10-09,112,4404,Featherweight,-225.0,150.0,0.6338028169014084,5,10,0.4058575577596951,True,0.6221333546918145,True
6191,2,0.5682371854782104,0.001575469970703125,1,2426,2021-10-09,3681,2951,Strawweight,,,,1,0,0.5580395999451968,True,0.5580395999451968,False
6192,2,0.3547201454639435,0.07423931360244751,0,2427,2021-10-09,1559,3846,Lightweight,245.0,-357.0,0.27063038521896193,1,1,0.3502342805176846,True,0.2310923002313477,True
6193,2,0.645821750164032,0.06228518486022949,0,2422,2021-10-09,4810,639,Flyweight,-227.0,140.0,0.6249139710942877,5,2,0.6343974833844943,True,0.6462862038511523,True
6194,2,0.6201528310775757,0.0019341707229614258,1,2412,2021-10-16,2872,4058,Flyweight,-357.0,188.0,0.692289046298042,2,4,0.609059940703936,True,0.7131020160267653,True
6195,2,0.6561750173568726,0.0811917781829834,0,2413,2021-10-16,4061,480,Featherweight,,,,2,3,0.6446404626990268,True,0.6446404626990268,False
6196,2,0.38722190260887146,0.10519999265670776,1,2411,2021-10-16,2795,3822,Lightweight,-310.0,195.0,0.6904492261230654,37,0,0.38174716351039856,True,0.6806846640621574,True
6197,2,0.5590549111366272,0.07373130321502686,0,2409,2021-10-16,34,949,Featherweight,-161.0,110.0,0.5643465197796695,5,3,0.5490434753112242,True,0.5684794919793876,True
6198,2,0.3391386568546295,0.1973845362663269,1,2410,2021-10-16,1289,585,Heavyweight,-115.0,-136.0,0.4813763746009223,35,4,0.33513016828373454,True,0.44473397926900216,True
6199,2,0.5598189830780029,0.1588224172592163,1,2417,2021-10-16,295,4924,Bantamweight,-165.0,112.0,0.5689655172413793,3,7,0.5497917659438291,True,0.5735731314190005,True
6200,2,0.5061920881271362,0.03190767765045166,1,2416,2021-10-16,3433,3681,Flyweight,,,,3,2,0.49738909610245374,True,0.49738909610245374,False
6201,2,0.39663273096084595,0.12820780277252197,1,2415,2021-10-16,2552,2807,Welterweight,240.0,-350.0,0.27439024390243905,10,6,0.39087507377050457,True,0.23967130668924205,True
6202,2,0.49406003952026367,0.04718887805938721,1,2414,2021-10-16,858,1116,Middleweight,-163.0,122.0,0.5791057196812086,1,9,0.4855633799114503,True,0.5747112584858741,True
6203,2,0.48368197679519653,0.0377429723739624,1,2418,2021-10-16,3255,4942,Strawweight,-152.0,110.0,0.5588235294117647,2,0,0.4754547973946221,True,0.5511752479183047,True
6204,2,0.45040056109428406,0.05586487054824829,0,2401,2021-10-23,4748,1733,Middleweight,105.0,-145.0,0.45182111572153066,4,1,0.4430785486587878,True,0.43065726302115864,True
6205,2,0.7552731037139893,0.10312819480895996,1,2395,2021-10-23,3725,2159,Light Heavyweight,-222.0,148.0,0.6309709360960851,11,6,0.7434929891556369,True,0.6705647200330069,True
6206,2,0.4705355167388916,0.019556522369384766,0,2397,2021-10-23,85,2577,Bantamweight,120.0,-175.0,0.4166666666666667,2,5,0.46265882849843487,True,0.39615296003981876,True
6207,2,0.3253061771392822,0.08221697807312012,1,2399,2021-10-23,1776,2122,Welterweight,-145.0,-100.0,0.5420560747663551,23,5,0.3217213409799162,True,0.5078139030667905,True
6208,2,0.5946758985519409,0.031116843223571777,1,2400,2021-10-23,3804,4707,Light Heavyweight,-270.0,175.0,0.6674157303370787,2,4,0.5839872849987593,True,0.6836807277738179,True
6209,2,0.48083359003067017,0.03834033012390137,0,2398,2021-10-23,1258,16,Featherweight,-333.0,195.0,0.6940686049387077,5,24,0.47268150972383566,True,0.6970689500528001,True
6210,2,0.5186656713485718,0.03314065933227539,0,2402,2021-10-23,3835,2502,Lightweight,310.0,-475.0,0.22794846382556988,0,2,0.5095581926579816,True,0.2064032769974788,True
6211,2,0.5435302257537842,0.09523797035217285,0,2403,2021-10-23,3468,3825,Strawweight,200.0,-290.0,0.30952380952380953,0,1,0.5338504742649892,True,0.2930954014539263,True
6212,2,0.6024237871170044,0.023788094520568848,0,2405,2021-10-23,982,1844,Lightweight,130.0,-190.0,0.3988995873452545,4,2,0.5916047322008412,True,0.39653472721199506,True
6213,2,0.5951511859893799,0.008133411407470703,1,2406,2021-10-23,2886,80,Flyweight,-175.0,132.0,0.5961820851688693,1,0,0.5844543883718174,True,0.6081199773985113,True
6214,2,0.31526482105255127,0.134443998336792,1,2407,2021-10-23,3880,1869,Strawweight,,,,17,5,0.31198668038945876,True,0.31198668038945876,False
6215,2,0.6104248762130737,0.030611753463745117,1,2408,2021-10-23,735,1179,Bantamweight,-118.0,-125.0,0.49349442379182157,7,0,0.599477901918877,True,0.5000207238508925,True
6216,2,0.6658202409744263,0.0410236120223999,0,2404,2021-10-23,4190,4692,Middleweight,-230.0,160.0,0.644396551724138,5,2,0.6541957509334445,True,0.6697425208254935,True
6217,2,0.267032265663147,0.049364686012268066,0,2386,2021-10-30,589,2320,Light Heavyweight,250.0,-365.0,0.266857962697274,9,7,0.26519978964598,True,0.21662972414984621,True
6218,2,0.33330780267715454,0.05793452262878418,0,2387,2021-10-30,358,1693,Strawweight,130.0,-184.0,0.40158371040723984,5,5,0.3294779932230969,True,0.3597688306022009,True
6219,2,0.4300388693809509,0.11403381824493408,1,2381,2021-10-30,1552,3942,Light Heavyweight,200.0,-315.0,0.3051470588235294,20,16,0.423296867999888,True,0.27449125133101365,True
6220,2,0.5805948972702026,0.11005717515945435,1,2382,2021-10-30,362,939,Bantamweight,-305.0,175.0,0.6743718592964825,8,9,0.570159231816939,True,0.6891066754579724,True
6221,2,0.46517181396484375,0.04661524295806885,1,2384,2021-10-30,2905,3156,Heavyweight,-333.0,210.0,0.7044973725516959,10,14,0.45744086765009295,True,0.7062862241164699,True
6222,2,0.3596724271774292,0.0023546218872070312,0,2385,2021-10-30,4109,3456,Welterweight,330.0,-599.0,0.21345466760313922,14,3,0.35503507545965346,True,0.1769964612809791,True
6223,2,0.7416514158248901,0.06556344032287598,1,2383,2021-10-30,4117,656,Lightweight,-625.0,325.0,0.7855822550831792,10,17,0.729806941029262,True,0.8210014123574714,True
6224,2,0.679813027381897,0.017677783966064453,1,2393,2021-10-30,4822,2894,Middleweight,-286.0,160.0,0.65828611898017,1,2,0.6680809970753415,True,0.6862767144576213,True
6225,2,0.4687528908252716,0.024818241596221924,0,2390,2021-10-30,41,13,Welterweight,,,,0,11,0.46092446973836115,True,0.46092446973836115,False
6226,2,0.3675491511821747,0.08061617612838745,0,2391,2021-10-30,451,1800,Light Heavyweight,-130.0,-125.0,0.5043103448275861,1,6,0.3626713109683854,True,0.47404464102646227,True
6227,2,0.4594342112541199,0.03460335731506348,0,2392,2021-10-30,4172,3562,Featherweight,215.0,-335.0,0.29189733266230494,10,3,0.45186082546359674,True,0.26459391810914373,True
6228,2,0.579826831817627,0.03482770919799805,1,2394,2021-10-30,280,4856,Flyweight,-425.0,275.0,0.752212389380531,1,0,0.5694055346625245,True,0.770058763936991,True
6229,2,0.5386713743209839,0.03572499752044678,0,2389,2021-10-30,4920,4412,Middleweight,235.0,-450.0,0.2673147023086269,1,0,0.529099612080743,True,0.24864034360469264,True
6230,2,0.6800136566162109,0.009264349937438965,0,2388,2021-10-30,222,2608,Featherweight,130.0,-177.0,0.40491156263704137,8,7,0.6682802878387358,True,0.41544686403262887,True
6231,2,0.47020334005355835,0.017458677291870117,1,2372,2021-11-06,2749,855,Middleweight,-303.0,210.0,0.6997690531177829,0,2,0.4623356329728416,True,0.7018367695015213,True
6232,2,0.6347894072532654,0.06386768817901611,0,2374,2021-11-06,3668,1918,Middleweight,-350.0,235.0,0.7226502311248075,3,0,0.6234977231673695,True,0.7462336241635861,True
6233,2,0.5965532064437866,0.03552722930908203,1,2368,2021-11-06,141,82,Strawweight,-110.0,-130.0,0.4809885931558936,11,6,0.58583240482566,True,0.4843020206965806,True
6234,2,0.562058687210083,0.08977055549621582,1,2369,2021-11-06,900,370,Bantamweight,-190.0,125.0,0.5958188153310104,17,28,0.5519855127671548,True,0.6028011186847928,True
6235,2,0.43223893642425537,0.034642934799194336,0,2370,2021-11-06,32,1423,Featherweight,137.0,-200.0,0.3875968992248062,5,9,0.4254334411765662,True,0.35991889136165617,True
6236,2,0.3249949514865875,0.06072854995727539,0,2371,2021-11-06,646,415,Lightweight,165.0,-225.0,0.35278154681139756,2,8,0.32141963537068363,True,0.3085773865063275,True
6237,2,0.5385650992393494,0.10384237766265869,1,2373,2021-11-06,681,42,Lightweight,,,,16,14,0.5289957205351857,True,0.5289957205351857,False
6238,2,0.46313393115997314,0.00668179988861084,0,2375,2021-11-06,3888,437,Middleweight,-106.0,-126.0,0.47996473793877226,6,3,0.4554587544851197,True,0.46278377052520914,True
6239,2,0.590712308883667,0.004965543746948242,1,2376,2021-11-06,240,1821,Welterweight,-490.0,290.0,0.764094362255098,0,2,0.5800928578714796,True,0.7833818613984883,True
6240,2,0.42002683877944946,0.14533376693725586,1,2377,2021-11-06,1453,3753,Heavyweight,-110.0,-135.0,0.47693726937269365,1,17,0.4135760585156984,True,0.45293095734588285,True
6241,2,0.46945247054100037,0.0051683783531188965,0,2378,2021-11-06,3370,146,Light Heavyweight,290.0,-400.0,0.24271844660194172,2,6,0.46160508692264235,True,0.21619341250037685,True
6242,2,0.5389398336410522,0.04051995277404785,1,2379,2021-11-06,395,3959,Featherweight,-420.0,280.0,0.7542533081285445,1,0,0.5293620544754886,True,0.7676839132863891,True
6243,2,0.5068288445472717,0.054471731185913086,0,2380,2021-11-06,3659,2781,Flyweight,,,,0,3,0.4980100455750611,True,0.4980100455750611,False
6244,2,0.26707327365875244,0.08162975311279297,0,2367,2021-11-06,1005,392,Welterweight,220.0,-320.0,0.29085872576177285,13,14,0.2652395985761933,True,0.23932650979182923,True
6245,2,0.5612574219703674,0.002679109573364258,0,2361,2021-11-13,3519,4835,Lightweight,-290.0,195.0,0.6868727418707347,7,4,0.5512006370646267,True,0.699745540154581,True
6246,2,0.46185123920440674,0.07360458374023438,0,2356,2021-11-13,1951,827,Featherweight,425.0,-833.0,0.17583038869257947,10,24,0.4542112748223249,True,0.1502822684771493,True
6247,2,0.6279290318489075,0.1299198865890503,1,2357,2021-11-13,2134,1939,Heavyweight,130.0,-178.0,0.404422461448938,12,16,0.6167273492560837,True,0.4064363365668696,True
6248,2,0.6185253858566284,0.14577138423919678,0,2358,2021-11-13,2769,4513,Featherweight,250.0,-400.0,0.26315789473684204,1,5,0.6074561559515278,True,0.25369028908407176,True
6249,2,0.5642838478088379,0.07068520784378052,0,2359,2021-11-13,485,3346,Welterweight,-160.0,110.0,0.5637583892617449,4,4,0.5541654640646987,True,0.568637425168865,True
6250,2,0.5194551944732666,0.04284358024597168,0,2362,2021-11-13,101,3467,Flyweight,-139.0,-105.0,0.5317223362567643,10,7,0.5103288177091858,True,0.5272370686441807,True
6251,2,0.6750284433364868,0.02104586362838745,1,2363,2021-11-13,2664,2228,Featherweight,-405.0,250.0,0.7373211963589076,3,1,0.6633300566041196,True,0.7660500586651985,True
6252,2,0.5495983362197876,0.03550708293914795,0,2364,2021-11-13,2836,3628,Flyweight,220.0,-365.0,0.2847519902020821,3,13,0.5397864756339817,True,0.26798230789336613,True
6253,2,0.5916033387184143,0.14204132556915283,0,2365,2021-11-13,785,2096,Lightweight,-284.0,185.0,0.6782302664655607,9,1,0.5809681983779976,True,0.6946365222370668,True
6254,2,0.3373444676399231,0.03451073169708252,0,2366,2021-11-13,1366,4874,Light Heavyweight,,,,4,4,0.333390967504062,True,0.333390967504062,False
6255,2,0.37892213463783264,0.058828115463256836,0,2360,2021-11-13,1615,1200,Bantamweight,110.0,-152.0,0.4411764705882353,6,8,0.3736984382757995,True,0.40840728761410244,True
6256,2,0.6246447563171387,0.0822305679321289,0,2348,2021-11-20,71,575,Bantamweight,,,,9,18,0.6134881554127546,True,0.6134881554127546,False
6257,2,0.46380865573883057,0.06769359111785889,0,2345,2021-11-20,2263,3102,Bantamweight,-122.0,-125.0,0.4972826086956522,10,7,0.4561149904654034,True,0.48154846290174874,True
6258,2,0.48060864210128784,0.044266581535339355,0,2346,2021-11-20,3611,2792,Welterweight,140.0,-200.0,0.38461538461538464,16,4,0.4724625129137464,True,0.3636279563373674,True
6259,2,0.7238457202911377,0.05502396821975708,1,2347,2021-11-20,807,4391,Flyweight,-380.0,260.0,0.7402597402597403,4,13,0.7119683842530993,True,0.7752058772568053,True
6260,2,0.36688894033432007,0.232810378074646,0,2355,2021-11-20,3248,1362,Strawweight,285.0,-455.0,0.24059824428308224,2,1,0.3620312315958113,True,0.2034589501798948,True
6261,2,0.40009957551956177,0.028002500534057617,0,2349,2021-11-20,2649,84,Bantamweight,225.0,-333.0,0.28576142550734207,8,3,0.39423822470214676,True,0.2513647459702756,True
6262,2,0.527613639831543,0.04876941442489624,0,2352,2021-11-20,3984,3681,Strawweight,117.0,-172.0,0.42154857107432897,4,3,0.5182946962510364,True,0.4097212477387044,True
6263,2,0.5118964910507202,0.10755133628845215,1,2353,2021-11-20,2844,630,Flyweight,-175.0,130.0,0.5940959409594095,2,1,0.5029528893727687,True,0.5935683548520895,True
6264,2,0.5728657245635986,0.04331612586975098,1,2354,2021-11-20,1327,1669,Featherweight,240.0,-300.0,0.28169014084507044,1,4,0.5625772602220636,True,0.26760338816786516,True
6265,2,0.5092017650604248,0.03973269462585449,0,2351,2021-11-20,2944,4756,Lightweight,-112.0,-120.0,0.4920127795527157,0,2,0.5003243054629801,True,0.4827613197519619,True
6266,2,0.460170179605484,0.20322060585021973,1,2350,2021-11-20,602,3000,Featherweight,-125.0,-139.0,0.4885527391659853,2,1,0.45257648997389416,True,0.4715804702006483,True
6267,2,0.5095031261444092,0.03263169527053833,1,2338,2021-12-04,2777,2280,Middleweight,-187.0,125.0,0.5944895796538325,3,5,0.5006182444820144,True,0.5936427163216094,True
6268,2,0.26775091886520386,0.014525055885314941,1,2336,2021-12-04,1918,2789,Middleweight,255.0,-375.0,0.2629757785467128,1,6,0.2658974198797353,True,0.2130902890110334,True
6269,2,0.591795802116394,0.013548612594604492,0,2333,2021-12-04,2467,4050,Lightweight,-105.0,-142.0,0.4660674981658107,4,5,0.5811572835860882,True,0.4674258139993591,True
6270,2,0.3034433424472809,0.0019448399543762207,1,2334,2021-12-04,3975,2058,Light Heavyweight,140.0,-200.0,0.38461538461538464,4,6,0.30052458227140894,True,0.3375686512199718,True
6271,2,0.6615062952041626,0.08128666877746582,0,2335,2021-12-04,4428,2215,Lightweight,-235.0,162.0,0.6476280635321342,9,31,0.6499204719330398,True,0.6724641072967483,True
6272,2,0.6025807857513428,0.03517121076583862,1,2337,2021-12-04,4709,604,Welterweight,-270.0,180.0,0.6714031971580817,14,9,0.591759153756867,True,0.6889482494092827,True
6273,2,0.4657471179962158,0.06651437282562256,1,2344,2021-12-04,1342,4943,Bantamweight,125.0,-177.0,0.4102184376156979,5,15,0.4580004666974071,True,0.3886068468831486,True
6274,2,0.3870558738708496,0.02581655979156494,0,2339,2021-12-04,663,153,Flyweight,210.0,-357.0,0.2922555477393362,3,3,0.3815861435293859,True,0.25625859115930655,True
6275,2,0.5990382432937622,0.08889085054397583,1,2341,2021-12-04,1126,933,Strawweight,-200.0,150.0,0.625,2,3,0.5882754035923392,True,0.6394242980281748,True
6276,2,0.5744202136993408,0.036624014377593994,0,2342,2021-12-04,2559,4877,Light Heavyweight,-175.0,130.0,0.5940959409594095,6,3,0.5641016822369941,True,0.6027852366081617,True
6277,2,0.677389919757843,0.19139492511749268,1,2343,2021-12-04,641,2862,Lightweight,-135.0,-118.0,0.5148705388383485,4,6,0.6656745157341754,True,0.5341891113355454,True
6278,2,0.4760695993900299,0.0037891268730163574,0,2340,2021-12-04,4218,3318,Welterweight,108.0,-155.0,0.4416349151368203,0,12,0.4680441759722026,True,0.42360168342414417,True
6279,2,0.55133056640625,0.05268526077270508,0,2332,2021-12-04,1172,1375,Bantamweight,-152.0,105.0,0.5528743789921929,12,18,0.5414815665329428,True,0.5549334110103816,True
6280,2,0.5650341510772705,0.05256760120391846,1,2318,2021-12-11,4242,1820,Lightweight,110.0,-143.0,0.44726670347874103,28,26,0.5549006250055797,True,0.4429886315928867,True
6281,2,0.24255502223968506,0.0003007650375366211,1,2319,2021-12-11,2311,2923,Bantamweight,210.0,-1250.0,0.25837320574162675,8,15,0.24142467750532304,True,0.20548444396589283,True
6282,2,0.5104348659515381,0.02312159538269043,0,2320,2021-12-11,1392,3080,Welterweight,-139.0,-105.0,0.5317223362567643,13,7,0.5015270769136068,True,0.5258687451012152,True
6283,2,0.4182567894458771,0.0010221600532531738,0,2321,2021-12-11,4633,398,Flyweight,,,,11,7,0.41185786314463585,True,0.41185786314463585,False
6284,2,0.34410056471824646,0.0016320347785949707,0,2322,2021-12-11,372,252,Bantamweight,235.0,-375.0,0.27436823104693137,5,7,0.33993999596095853,True,0.23345881850033878,True
6285,2,0.6190556287765503,0.10523903369903564,0,2323,2021-12-11,123,4245,Featherweight,107.0,-155.0,0.4428236519927064,10,9,0.6079786564732864,True,0.44659311713684013,True
6286,2,0.4365706741809845,0.08082574605941772,0,2324,2021-12-11,4529,1550,Bantamweight,-125.0,-118.0,0.5065055762081785,16,8,0.4296407226779296,True,0.4873256399428155,True
6287,2,0.34911686182022095,0.04662120342254639,0,2325,2021-12-11,482,4548,Heavyweight,-105.0,-135.0,0.4713467048710602,6,9,0.34480258128470326,True,0.4356844624773446,True
6288,2,0.47603440284729004,0.12105274200439453,1,2326,2021-12-11,858,2443,Middleweight,-375.0,240.0,0.7285714285714285,2,3,0.46800991999109887,True,0.7334422324284554,True
6289,2,0.5159497261047363,0.08923530578613281,1,2327,2021-12-11,1732,1141,Middleweight,-200.0,150.0,0.625,3,12,0.5069076031202642,True,0.6275104071175519,True
6290,2,0.5372574329376221,0.08226877450942993,1,2328,2021-12-11,1224,3874,Flyweight,110.0,-150.0,0.4424778761061947,1,3,0.5277174572731196,True,0.4336285912412143,True
6291,2,0.450242817401886,0.03382694721221924,0,2329,2021-12-11,4618,150,Featherweight,143.0,-286.0,0.3570833872967123,4,5,0.4429252288323125,True,0.3305403520465496,True
6292,2,0.634264349937439,0.06030988693237305,0,2330,2021-12-11,1793,4883,Bantamweight,-210.0,150.0,0.6287425149700598,4,2,0.6229793523932634,True,0.6485822945308666,True
6293,2,0.3064081072807312,0.01915276050567627,0,2331,2021-12-11,576,1335,Flyweight,245.0,-400.0,0.26595744680851063,5,10,0.3033994304844592,True,0.2207850798983973,True
6294,2,0.3525463342666626,0.15175843238830566,1,2305,2021-12-18,3901,2720,Heavyweight,110.0,-155.0,0.4392764857881137,22,4,0.3481270168835223,True,0.40223286740891695,True
6295,2,0.3478904664516449,0.09797650575637817,0,2306,2021-12-18,3732,2843,Welterweight,-240.0,175.0,0.66,17,14,0.3436137592490006,True,0.6413176291720811,True
6296,2,0.5180701613426208,0.05274665355682373,0,2310,2021-12-18,4399,2154,Featherweight,130.0,-190.0,0.3988995873452545,24,20,0.5089769669641012,True,0.38412057426682605,True
6297,2,0.6535358428955078,0.060935258865356445,1,2308,2021-12-18,1387,645,Bantamweight,-350.0,210.0,0.7068403908794788,8,16,0.6420280709638436,True,0.732483789380146,True
6298,2,0.6694055795669556,0.0351371169090271,1,2309,2021-12-18,102,3476,Lightweight,-303.0,175.0,0.6740141557128413,3,12,0.6577509042722786,True,0.7009829459657831,True
6299,2,0.527457594871521,0.02321481704711914,1,2314,2021-12-18,3703,2066,Featherweight,-235.0,163.0,0.6484969309060385,6,8,0.5181422873260028,True,0.6543794212493266,True
6300,2,0.623091459274292,0.01729053258895874,1,2307,2021-12-18,811,1021,Strawweight,-335.0,225.0,0.7145200984413452,5,18,0.611956622871559,True,0.7364437684521903,True
6301,2,0.31294679641723633,0.08357250690460205,0,2312,2021-12-18,3759,409,Heavyweight,250.0,-350.0,0.26865671641791045,1,4,0.3097392922417206,True,0.2241649258094719,True
6302,2,0.386801540851593,0.016027331352233887,0,2313,2021-12-18,2525,3297,Flyweight,-180.0,130.0,0.5965417867435159,9,1,0.38133948432943765,True,0.5774811888873226,True
6303,2,0.558954119682312,0.08491790294647217,1,2317,2021-12-18,3578,3101,Lightweight,-150.0,108.0,0.5551601423487544,2,3,0.5489447695206012,True,0.558557794432813,True
6304,2,0.46915844082832336,0.06993603706359863,1,2315,2021-12-18,4933,4202,Featherweight,-165.0,107.0,0.5631027944934465,14,6,0.46131902386222606,True,0.5536288052896687,True
6305,2,0.48900851607322693,0.0805349349975586,0,2316,2021-12-18,4188,3906,Heavyweight,145.0,-200.0,0.37974683544303806,2,3,0.48064219966558264,True,0.3596650369234433,True
6306,2,0.6186720132827759,0.05977076292037964,1,2311,2021-12-18,1227,3330,Middleweight,-265.0,175.0,0.6662857142857144,14,2,0.6076006391484433,True,0.685794483050932,True
6307,2,0.7081209421157837,0.17658674716949463,0,2295,2022-01-15,3770,781,Featherweight,-260.0,175.0,0.6651162790697674,7,9,0.6962600284175171,True,0.6976231265031274,True
6308,2,0.4436759352684021,0.020357966423034668,0,2296,2022-01-15,4209,2445,Heavyweight,110.0,-140.0,0.449438202247191,10,9,0.4365435157244453,True,0.42709725696796436,True
6309,2,0.5099923014640808,0.060564637184143066,0,2297,2022-01-15,4008,1629,Flyweight,130.0,-185.0,0.40112596762843067,5,4,0.5010953855959666,True,0.38532964696838296,True
6310,2,0.3272019326686859,0.053124845027923584,0,2298,2022-01-15,697,2802,Flyweight,,,,7,13,0.32355909200862343,True,0.32355909200862343,False
6311,2,0.47343719005584717,0.08849787712097168,1,2299,2022-01-15,1269,1443,Lightweight,-240.0,150.0,0.6382978723404256,0,1,0.4654823044720787,True,0.6358607425927744,True
6312,2,0.5347611904144287,0.04541593790054321,0,2300,2022-01-15,977,1705,Featherweight,-170.0,120.0,0.5807453416149069,0,3,0.5252777243173573,True,0.582525360378426,True
6313,2,0.534576416015625,0.025128424167633057,0,2301,2022-01-15,3321,4692,Middleweight,-190.0,113.0,0.5825536202677415,0,3,0.5250971525720074,True,0.584449195465423,True
6314,2,0.38128504157066345,0.08759230375289917,1,2302,2022-01-15,1371,2553,Welterweight,-110.0,-130.0,0.4809885931558936,18,2,0.37598974408080416,True,0.4511981683289836,True
6315,2,0.616191029548645,0.003451108932495117,1,2303,2022-01-15,3126,960,Featherweight,-500.0,255.0,0.7473684210526316,12,2,0.6051562681221672,True,0.7691909075180996,True
6316,2,0.41976994276046753,0.05058586597442627,0,2304,2022-01-15,4404,3369,Lightweight,170.0,-250.0,0.3414634146341463,11,3,0.41332668172240167,True,0.31027076073252013,True
6317,2,0.6477471590042114,0.014219045639038086,0,2289,2022-01-22,3499,3717,Bantamweight,-600.0,333.0,0.7877501516070345,6,0,0.6363013287806157,True,0.8129673782841413,True
6318,2,0.41349026560783386,0.00832676887512207,1,2285,2022-01-22,4866,3403,Flyweight,145.0,-200.0,0.37974683544303806,12,11,0.407231491085094,True,0.34904006176393165,True
6319,2,0.6070860624313354,0.009928226470947266,1,2286,2022-01-22,3905,2041,Welterweight,-310.0,215.0,0.7042913811756221,6,0,0.5961916158667416,True,0.7238575781463236,True
6320,2,0.4923727512359619,0.01031947135925293,0,2287,2022-01-22,1086,4228,Bantamweight,150.0,-200.0,0.375,9,4,0.48391945077059023,True,0.3551219948086562,True
6321,2,0.5169792175292969,0.004692554473876953,0,2288,2022-01-22,3838,2658,Welterweight,-125.0,-120.0,0.5045871559633028,8,0,0.507912258229036,True,0.49752387709931745,True
6322,2,0.6102699041366577,0.017458200454711914,0,2294,2022-01-22,4652,1209,Flyweight,-225.0,154.0,0.637479085331846,2,0,0.5993253406284553,True,0.6542860544192657,True
6323,2,0.5,0.026447057723999023,1,2290,2022-01-22,1001,3805,Welterweight,-450.0,260.0,0.7465437788018433,0,0,0.4913521474714102,True,0.7553003973635624,True
6324,2,0.5586972236633301,0.04692345857620239,1,2291,2022-01-22,2131,4675,Bantamweight,-290.0,195.0,0.6868727418707347,4,0,0.5486931935143203,True,0.699413654179866,True
6325,2,0.5069403052330017,0.017841219902038574,0,2292,2022-01-22,168,868,Lightweight,163.0,-227.0,0.35389227389313965,0,6,0.4981187421925262,True,0.33487415606712206,True
6326,2,0.626973032951355,0.044660329818725586,1,2293,2022-01-22,2745,2951,Strawweight,-177.0,115.0,0.578739259371911,1,1,0.6157843409687135,True,0.5943562942165508,True
6327,2,0.40406543016433716,0.023556947708129883,1,2284,2022-01-22,5091,3477,Heavyweight,114.0,-160.0,0.4316069057104913,13,7,0.3980858450047584,True,0.4021422833120041,True
6328,2,0.5903481245040894,0.029753684997558594,1,2275,2022-02-05,3533,4561,Middleweight,-115.0,-175.0,0.4566787003610108,1,0,0.5797351095370594,True,0.4570530539589729,True
6329,2,0.29530608654022217,0.003475189208984375,0,2271,2022-02-05,4468,2975,Middleweight,180.0,-250.0,0.33333333333333337,13,14,0.2926332197421432,True,0.2847269708923566,True
6330,2,0.40135741233825684,0.13425147533416748,0,2272,2022-02-05,626,2991,Middleweight,-200.0,150.0,0.625,3,1,0.39545851595844966,True,0.6108976741194759,True
6331,2,0.41593706607818604,0.06743061542510986,0,2273,2022-02-05,2694,245,Welterweight,180.0,-280.0,0.32646048109965636,2,2,0.40960625508798715,True,0.29439527108651575,True
6332,2,0.5993689298629761,0.055838942527770996,1,2274,2022-02-05,2789,2738,Light Heavyweight,-455.0,285.0,0.7594017557169177,7,22,0.5886005453856317,True,0.7795434542529759,True
6333,2,0.5353425741195679,0.017230749130249023,0,2276,2022-02-05,3018,3697,Featherweight,225.0,-350.0,0.28346456692913385,6,9,0.5258459022857813,True,0.264939233526047,True
6334,2,0.2788392901420593,0.05796921253204346,1,2277,2022-02-05,2683,4393,Bantamweight,145.0,-250.0,0.3636363636363636,2,4,0.2766589718910138,True,0.3123631915294234,True
6335,2,0.5143976211547852,0.017942428588867188,1,2279,2022-02-05,852,1147,Middleweight,-115.0,-125.0,0.490521327014218,0,6,0.5053930865829437,True,0.48194057901834175,True
6336,2,0.4443586766719818,0.014532864093780518,1,2280,2022-02-05,2003,1024,Bantamweight,-280.0,185.0,0.6774193548387097,13,3,0.4372069159330986,True,0.6742746516877277,True
6337,2,0.4945894479751587,0.037108659744262695,0,2281,2022-02-05,1746,4558,Light Heavyweight,290.0,-455.0,0.23824855119124272,3,0,0.4860792210059129,True,0.21431226106160645,True
6338,2,0.4749789237976074,0.013204097747802734,0,2282,2022-02-05,4350,1636,Welterweight,105.0,-152.0,0.4471256210078069,4,2,0.4669826790222562,True,0.42931577207088356,True
6339,2,0.6039966940879822,0.019915461540222168,1,2278,2022-02-05,1674,787,Featherweight,-200.0,135.0,0.6103896103896104,7,4,0.5931519405990755,True,0.6246092590585626,True
6340,2,0.4883221983909607,0.010948538780212402,1,2283,2022-02-05,1449,3064,Flyweight,190.0,-350.0,0.3071672354948805,3,0,0.47997371299337344,True,0.28374362042311535,True
6341,2,0.5981104373931885,0.031096279621124268,0,2257,2022-02-12,1970,553,Middleweight,210.0,-333.0,0.2955026274483041,17,11,0.5873632165731687,True,0.2853033088098841,True
6342,2,0.42418286204338074,0.11262732744216919,0,2258,2022-02-12,3901,4548,Heavyweight,-200.0,145.0,0.6202531645569621,23,10,0.41761075549414317,True,0.6091104136237608,True
6343,2,0.37489473819732666,0.008980631828308105,1,2259,2022-02-12,774,3998,Middleweight,-175.0,130.0,0.5940959409594095,12,19,0.36979329697017843,True,0.5729257567996828,True
6344,2,0.5500692129135132,0.0006049275398254395,1,2260,2022-02-12,1285,1205,Lightweight,-175.0,125.0,0.5887850467289719,11,8,0.5402472312008418,True,0.5934624034317664,True
6345,2,0.4177666902542114,0.014271259307861328,1,2261,2022-02-12,681,4065,Lightweight,,,,17,8,0.4113821401576932,True,0.4113821401576932,False
6346,2,0.4519921541213989,0.3285270929336548,1,2262,2022-02-12,1289,376,Heavyweight,-185.0,120.0,0.588150289017341,36,3,0.44462557079440335,True,0.5782635367016024,True
6347,2,0.6835490465164185,0.037374019622802734,1,2263,2022-02-12,208,2504,Flyweight,-420.0,270.0,0.7492767598842816,3,11,0.6717930567498884,True,0.7789902553497355,True
6348,2,0.7574762105941772,0.0376206636428833,1,2264,2022-02-12,1099,3566,Bantamweight,-600.0,260.0,0.7552447552447552,4,1,0.7457098435026227,True,0.794201063627653,True
6349,2,0.4719539284706116,0.09380674362182617,1,2265,2022-02-12,357,1238,Light Heavyweight,-280.0,165.0,0.6613190730837789,1,2,0.46403895772867226,True,0.6605779767906184,True
6350,2,0.40481653809547424,0.009873569011688232,0,2266,2022-02-12,1980,965,Bantamweight,225.0,-335.0,0.28547990155865466,1,1,0.3988146083435788,True,0.251645306417611,True
6351,2,0.583296000957489,0.028207898139953613,1,2267,2022-02-12,3195,2199,Middleweight,-118.0,-160.0,0.46796827333740076,2,0,0.5728102671362204,True,0.46815268754820705,True
6352,2,0.4012497067451477,0.005455732345581055,1,2268,2022-02-12,3454,2677,Bantamweight,165.0,-235.0,0.34977812581571394,9,2,0.3953540236698793,True,0.3163135739719346,True
6353,2,0.5897942781448364,0.016156673431396484,1,2269,2022-02-12,3608,1499,Welterweight,,,,1,0,0.5791910770458322,True,0.5791910770458322,False
6354,2,0.5868200063705444,0.0007000565528869629,0,2270,2022-02-12,4877,1979,Heavyweight,140.0,-182.0,0.3923205342237062,4,3,0.5762700419694058,True,0.3871060725130662,True
6355,2,0.39994287490844727,0.031499385833740234,1,2245,2022-02-19,3975,189,Light Heavyweight,-300.0,170.0,0.6694214876033059,5,7,0.3940862043986349,True,0.6593946067077753,True
6356,2,0.4280672073364258,0.07243311405181885,0,2246,2022-02-19,4692,3882,Catch Weight,220.0,-345.0,0.2872821174951582,4,4,0.42138226548213087,True,0.2562055156482279,True
6357,2,0.5476065874099731,0.0191195011138916,1,2247,2022-02-19,1539,5094,Heavyweight,-303.0,200.0,0.6928353658536585,3,2,0.5378377469036975,True,0.704287316600832,True
6358,2,0.5564877390861511,0.13360369205474854,0,2248,2022-02-19,2176,2795,Lightweight,-189.0,135.0,0.6058105435449772,0,38,0.5465297068702106,True,0.6127123772329192,True
6359,2,0.3189604878425598,0.016645431518554688,0,2249,2022-02-19,4237,3557,Middleweight,125.0,-178.0,0.4097273397199705,9,5,0.3155695914370232,True,0.365911684518049,True
6360,2,0.5103658437728882,0.07480502128601074,1,2250,2022-02-19,3835,4424,Featherweight,-200.0,142.0,0.6173469387755102,1,11,0.5014597496106522,True,0.6184596645594433,True
6361,2,0.5923808217048645,0.007257580757141113,0,2251,2022-02-19,2577,302,Bantamweight,-225.0,145.0,0.6291012838801712,6,2,0.5817320581313592,True,0.642817288753642,True
6362,2,0.3604778051376343,0.0941154956817627,0,2252,2022-02-19,3677,4714,Featherweight,160.0,-225.0,0.3571428571428572,1,11,0.35581583589742527,True,0.31815946492203073,True
6363,2,0.519445538520813,0.04920196533203125,0,2253,2022-02-19,3853,1415,Strawweight,-130.0,-115.0,0.5137867647058824,3,2,0.5103193926062641,True,0.5078416442712295,True
6364,2,0.43187010288238525,0.08426523208618164,1,2254,2022-02-19,2324,687,Bantamweight,-295.0,195.0,0.687808733451887,0,1,0.42507523906102557,True,0.6838856040878549,True
6365,2,0.5473895072937012,0.049726009368896484,1,2255,2022-02-19,2639,4157,Featherweight,-460.0,270.0,0.7524314765694076,3,0,0.5376253758772939,True,0.7667163399671073,True
6366,2,0.5541349649429321,0.03948020935058594,1,2256,2022-02-19,777,907,Bantamweight,-400.0,260.0,0.7422680412371133,4,0,0.544226387112575,True,0.756915737134815,True
6367,2,0.256661057472229,0.07476818561553955,0,2234,2022-02-26,681,4117,Catch Weight,,,,18,11,0.25512955674547555,True,0.25512955674547555,False
6368,2,0.49550944566726685,0.05646789073944092,0,2235,2022-02-26,4685,1577,Middleweight,-172.0,115.0,0.5761919601121845,11,5,0.4869756840140637,True,0.5717701674013569,True
6369,2,0.3665880560874939,0.04563248157501221,1,2236,2022-02-26,576,3213,Flyweight,130.0,-250.0,0.37837837837837834,6,7,0.3617395237729376,True,0.3408444898785233,True
6370,2,0.7386579513549805,0.07109403610229492,1,2237,2022-02-26,1482,4835,Lightweight,-350.0,195.0,0.6964586846543003,5,5,0.7268039778743459,True,0.7340238962739879,True
6371,2,0.643310546875,0.03826498985290527,0,2238,2022-02-26,1733,1724,Middleweight,-200.0,110.0,0.5833333333333334,2,0,0.6319151153131685,True,0.6018333203720245,True
6372,2,0.5353448390960693,0.061196208000183105,0,2239,2022-02-26,2526,145,Lightweight,170.0,-275.0,0.33557046979865773,2,2,0.5258481158675012,True,0.31939248793845126,True
6373,2,0.6330484747886658,0.014598965644836426,1,2240,2022-02-26,2740,3459,Featherweight,-305.0,185.0,0.6821659799882284,1,0,0.6217790904755621,True,0.7043269421669278,True
6374,2,0.5391370058059692,0.024520695209503174,0,2241,2022-02-26,1829,3074,Lightweight,-150.0,-111.0,0.5328282828282828,3,1,0.5295548111837955,True,0.5314244607217818,True
6375,2,0.4548906981945038,0.09296965599060059,0,2242,2022-02-26,1180,735,Featherweight,185.0,-335.0,0.31300593631948187,12,8,0.4474432509269249,True,0.2855946918519282,True
6376,2,0.3847821354866028,0.12555336952209473,0,2243,2022-02-26,3258,2553,Welterweight,265.0,-425.0,0.25285972305839854,1,3,0.379381055472061,True,0.21722202874185836,True
6377,2,0.5417944192886353,0.06287801265716553,1,2244,2022-02-26,3045,3425,Flyweight,-182.0,-115.0,0.5468138624930129,0,0,0.5321530240467557,True,0.5469416301609629,True
6378,2,0.540556788444519,0.06368225812911987,0,2227,2022-03-05,155,2206,Strawweight,210.0,-310.0,0.2990517870167761,7,8,0.5309428927372066,True,0.2817763423292608,True
6379,2,0.7283037900924683,0.07627665996551514,0,2222,2022-03-05,1285,4507,Catch Weight,145.0,-200.0,0.37974683544303806,12,30,0.716429419497719,True,0.39645085108458383,True
6380,2,0.3057298958301544,0.18437790870666504,0,2223,2022-03-05,3479,4747,Featherweight,130.0,-184.0,0.40158371040723984,26,5,0.30274180205792933,True,0.35533867952006837,True
6381,2,0.6268965005874634,0.012719154357910156,1,2224,2022-03-05,1889,2660,Welterweight,-650.0,285.0,0.7694081475787855,13,21,0.615708853264083,True,0.7926034253956937,True
6382,2,0.4137919545173645,0.08190560340881348,0,2225,2022-03-05,647,3278,Heavyweight,142.0,-205.0,0.38072650106104106,9,7,0.4075242876136541,True,0.3501042836971674,True
6383,2,0.5891264081001282,0.034395694732666016,1,2226,2022-03-05,3931,3646,Lightweight,-161.0,120.0,0.5757477243172953,6,4,0.5785350829781717,True,0.5853097884727806,True
6384,2,0.36727720499038696,0.04765594005584717,1,2233,2022-03-05,146,1800,Light Heavyweight,-222.0,152.0,0.6346886912325286,7,7,0.36240765646341094,True,0.6163507196084999,True
6385,2,0.40235352516174316,0.007014274597167969,1,2228,2022-03-05,3804,1366,Light Heavyweight,105.0,-152.0,0.4471256210078069,3,5,0.3964249252732309,True,0.4183491049365689,True
6386,2,0.5660158395767212,0.21022766828536987,0,2229,2022-03-05,639,3303,Flyweight,-190.0,145.0,0.6161482461945731,3,8,0.5558625794633636,True,0.6251820276666872,True
6387,2,0.33473002910614014,0.025444865226745605,0,2230,2022-03-05,3126,3465,Featherweight,560.0,-1500.0,0.1391304347826087,13,1,0.3308566453828703,True,0.10778683289164559,True
6388,2,0.6656211018562317,0.08897435665130615,0,2231,2022-03-05,280,1600,Flyweight,-250.0,180.0,0.6666666666666667,2,16,0.653998340565752,True,0.6928478836836209,True
6389,2,0.6393224000930786,0.025874614715576172,0,2232,2022-03-05,4231,4061,Lightweight,-161.0,116.0,0.5712596096984033,5,3,0.6279743998497898,True,0.5883177728711526,True
6390,2,0.6436430215835571,0.04329228401184082,1,2221,2022-03-05,1005,3927,Welterweight,-357.0,240.0,0.7264783337323437,14,20,0.6322437263387604,True,0.7512301947340772,True
6391,2,0.27381187677383423,0.16548633575439453,0,2207,2022-03-12,4878,2320,Light Heavyweight,400.0,-800.0,0.18367346938775514,22,8,0.27178028542467236,True,0.14186196026171,True
6392,2,0.6323363780975342,0.006660103797912598,0,2211,2022-03-12,3074,4219,Lightweight,120.0,-170.0,0.4192546583850932,2,17,0.6210762214586187,True,0.42319271528714236,True
6393,2,0.4822957515716553,0.12165641784667969,0,2209,2022-03-12,16,4489,Featherweight,195.0,-303.0,0.3107529783706674,25,5,0.4741050610525663,True,0.28669536396055,True
6394,2,0.594076931476593,0.03124845027923584,1,2213,2022-03-12,1056,1480,Welterweight,-200.0,145.0,0.6202531645569621,4,0,0.5833986651877685,True,0.633649600528159,True
6395,2,0.72173011302948,0.06759190559387207,1,2208,2022-03-12,1200,1649,Bantamweight,-310.0,220.0,0.7075606276747504,9,10,0.7098525682526375,True,0.74257903724718,True
6396,2,0.5348209738731384,0.058033108711242676,0,2212,2022-03-12,858,2749,Middleweight,155.0,-225.0,0.3616133518776078,3,1,0.5253361485950808,True,0.3468464148568832,True
6397,2,0.42729687690734863,0.037246108055114746,1,2210,2022-03-12,4279,4437,Light Heavyweight,115.0,-159.0,0.43105600399434135,11,8,0.42063426799799364,True,0.4050579326870026,True
6398,2,0.4519321322441101,0.03772783279418945,1,2214,2022-03-12,3534,1335,Flyweight,-105.0,-139.0,0.46827766374323565,9,11,0.444567227618009,True,0.4485214818244648,True
6399,2,0.48318028450012207,0.012169718742370605,1,2215,2022-03-12,1167,4408,Bantamweight,-190.0,122.0,0.5925821860073054,0,3,0.47496629776329924,True,0.5877073659502806,True
6400,2,0.44043534994125366,0.001399993896484375,1,2219,2022-03-12,856,3593,Bantamweight,120.0,-184.0,0.4123112659698025,7,1,0.4333950075780013,True,0.38713736641752466,True
6401,2,0.379212886095047,0.05273604393005371,0,2218,2022-03-12,4053,1064,Middleweight,-150.0,-100.0,0.5454545454545454,4,1,0.37398037408889434,True,0.5204930076145047,True
6402,2,0.5069887638092041,0.0028195977210998535,1,2217,2022-03-12,3874,4810,Flyweight,-400.0,250.0,0.7368421052631579,4,6,0.498165999329452,True,0.7458531662223202,True
6403,2,0.5936336517333984,0.01646798849105835,0,2216,2022-03-12,5086,112,Featherweight,-111.0,-140.0,0.474190103239587,1,6,0.5829630672117591,True,0.47649368965199546,True
6404,2,0.3570021986961365,0.06337308883666992,1,2220,2022-03-12,3672,1131,Light Heavyweight,-227.0,145.0,0.6297344731925495,0,3,0.35244650476370937,True,0.6092846290805829,True
6405,2,0.6189097166061401,0.015176951885223389,1,2195,2022-03-19,2691,2905,Heavyweight,-152.0,-100.0,0.5467625899280575,4,11,0.6078348716303102,True,0.558809003163685,True
6406,2,0.6699512004852295,0.0286329984664917,1,2196,2022-03-19,1034,656,Featherweight,-121.0,-115.0,0.5058331713007973,8,18,0.6582920884833965,True,0.5231716085280599,True
6407,2,0.47214239835739136,0.12311029434204102,0,2197,2022-03-19,627,1943,Lightweight,,,,3,1,0.46422234914367483,True,0.46422234914367483,False
6408,2,0.40793830156326294,0.05673825740814209,0,2198,2022-03-19,4638,3373,Welterweight,360.0,-800.0,0.1965065502183406,4,13,0.4018436741393563,True,0.16545365669152837,True
6409,2,0.39264872670173645,0.1253349781036377,1,2199,2022-03-19,2701,3433,Flyweight,-164.0,116.0,0.5729813664596274,7,4,0.38701059527864085,True,0.5526349092741281,True
6410,2,0.7181026935577393,0.08011674880981445,1,2200,2022-03-19,1809,1844,Lightweight,-650.0,400.0,0.8125,3,3,0.706226562873647,True,0.8437397169639107,True
6411,2,0.5840929746627808,0.03809022903442383,1,2201,2022-03-19,4172,1684,Featherweight,170.0,-305.0,0.3296703296703296,11,3,0.5735926060766234,True,0.31969095909462686,True
6412,2,0.415316641330719,0.029915213584899902,0,2202,2022-03-19,232,1488,Heavyweight,250.0,-400.0,0.26315789473684204,9,3,0.40900407811311673,True,0.2306825687148859,True
6413,2,0.5459266304969788,0.06684863567352295,0,2203,2022-03-19,3146,1741,Light Heavyweight,-210.0,155.0,0.6333530455351862,14,12,0.5361943367337457,True,0.6407297650310714,True
6414,2,0.2747441828250885,0.04273390769958496,0,2204,2022-03-19,603,4168,Bantamweight,-111.0,-140.0,0.474190103239587,3,4,0.27268507693338595,True,0.425747216720833,True
6415,2,0.38176316022872925,0.1255284547805786,1,2205,2022-03-19,825,3487,Strawweight,225.0,-360.0,0.2822085889570552,1,1,0.37645338681622575,True,0.2456533464543193,True
6416,2,0.45328670740127563,0.007925629615783691,0,2206,2022-03-19,2844,2922,Flyweight,350.0,-600.0,0.20588235294117646,3,0,0.4458839591343775,True,0.17842908044020592,True
6417,2,0.5720182061195374,0.07674074172973633,1,2184,2022-03-26,2289,4391,Flyweight,-333.0,195.0,0.6940686049387077,8,14,0.561746231366335,True,0.7087096200288012,True
6418,2,0.5561947822570801,0.031058013439178467,1,2187,2022-03-26,1143,3728,Welterweight,-300.0,210.0,0.6992481203007519,25,12,0.5462428813679896,True,0.7121451319909291,True
6419,2,0.6565032601356506,0.10952532291412354,1,2183,2022-03-26,4325,2720,Heavyweight,-600.0,333.0,0.7877501516070345,14,5,0.6449654389713976,True,0.8138577265325382,True
6420,2,0.49950850009918213,0.17629003524780273,0,2185,2022-03-26,3613,3318,Welterweight,-110.0,-125.0,0.48529411764705876,28,13,0.49087307105859035,True,0.4740416433591678,True
6421,2,0.42977190017700195,0.04362642765045166,0,2186,2022-03-26,723,398,Flyweight,-455.0,290.0,0.7617514488087572,4,8,0.4230376161991455,True,0.7636412009807186,True
6422,2,0.5297521352767944,0.0283966064453125,0,2188,2022-03-26,1269,785,Lightweight,-158.0,115.0,0.5683453237410072,1,10,0.5203835508039253,True,0.5683888306366217,True
6423,2,0.2260284721851349,0.09106320142745972,1,2189,2022-03-26,2538,3698,Bantamweight,175.0,-275.0,0.33149171270718236,12,4,0.22535368829789942,True,0.27190394154306524,True
6424,2,0.5322977900505066,0.007466673851013184,1,2191,2022-03-26,1198,2659,Middleweight,-1400.0,575.0,0.863013698630137,0,0,0.5228705754847219,True,0.8774151005649472,True
6425,2,0.6732925176620483,0.12421751022338867,1,2192,2022-03-26,2872,697,Flyweight,-550.0,325.0,0.7824267782426778,3,8,0.6616071485473889,True,0.810404237882556,True
6426,2,0.5302728414535522,0.08191704750061035,1,2194,2022-03-26,4805,3959,Featherweight,110.0,-159.0,0.43683589138134593,2,1,0.5208922233132165,True,0.4265182640185537,True
6427,2,0.37545692920684814,0.0007007122039794922,0,2190,2022-03-26,295,4736,Bantamweight,-155.0,110.0,0.5607235142118863,4,7,0.37033840661882755,True,0.5365183507986111,True
6428,2,0.5981660485267639,0.06054699420928955,1,2193,2022-03-26,844,1196,Flyweight,-100.0,-140.0,0.46153846153846145,6,3,0.5874178889689105,True,0.46352983782477347,True
6429,2,0.5372447967529297,0.010162830352783203,0,2175,2022-04-09,1014,258,Lightweight,-132.0,-120.0,0.510548523206751,9,3,0.5277051058872204,True,0.5070552541193987,True
6430,2,0.3994743824005127,0.021150588989257812,0,2176,2022-04-09,4218,240,Welterweight,280.0,-500.0,0.23999999999999996,1,1,0.39363170854330126,True,0.206297088060906,True
6431,2,0.6733501553535461,0.0200880765914917,1,2171,2022-04-09,1106,3632,Featherweight,-770.0,400.0,0.8156779661016949,10,10,0.6616643471407925,True,0.8424848713554741,True
6432,2,0.5864943861961365,0.02472364902496338,0,2172,2022-04-09,362,1738,Bantamweight,-480.0,300.0,0.7680000000000001,9,15,0.5759503044934371,True,0.7869071748276809,True
6433,2,0.42952507734298706,0.012548089027404785,0,2173,2022-04-09,3148,3456,Welterweight,370.0,-625.0,0.19795221843003413,17,4,0.4227979308063904,True,0.16870258167647043,True
6434,2,0.5213614702224731,0.02186298370361328,0,2174,2022-04-09,3830,2431,Strawweight,,,,14,8,0.5121896536782918,True,0.5121896536782918,False
6435,2,0.57463538646698,0.11690419912338257,1,2178,2022-04-09,4933,34,Bantamweight,-177.0,130.0,0.5950884373629587,15,6,0.564312711278734,True,0.6038818716682715,True
6436,2,0.6497735381126404,0.10417163372039795,0,2180,2022-04-09,376,1346,Heavyweight,-155.0,-100.0,0.5486725663716814,4,15,0.6383055290746188,True,0.5658384904523113,True
6437,2,0.4619368314743042,0.004445552825927734,1,2181,2022-04-09,3821,4652,Strawweight,-139.0,-105.0,0.5317223362567643,0,3,0.45429451481055594,True,0.5185011220129263,True
6438,2,0.44727492332458496,0.040647029876708984,0,2177,2022-04-09,1945,5061,Middleweight,148.0,-222.0,0.36902906390391493,0,4,0.4400407812187794,True,0.3425953814206519,True
6439,2,0.526620090007782,0.015677571296691895,1,2182,2022-04-09,1615,4346,Bantamweight,-225.0,140.0,0.6242774566473988,7,0,0.5173243291451911,True,0.6282509158892475,True
6440,2,0.3717297911643982,0.0016006231307983398,1,2179,2022-04-09,5072,604,Welterweight,-178.0,110.0,0.573488800245474,0,10,0.3667246003508493,True,0.5498578267221209,True
6441,2,0.4223131537437439,0.01707601547241211,0,2163,2022-04-16,4877,2595,Heavyweight,137.0,-190.0,0.3917330811833041,5,12,0.41579555437997434,True,0.36283265789127545,True
6442,2,0.4636736214160919,0.03418302536010742,0,2158,2022-04-16,4423,973,Middleweight,-139.0,-105.0,0.5317223362567643,0,0,0.45598365443561856,True,0.5187661839497221,True
6443,2,0.3178315758705139,0.0252993106842041,1,2159,2022-04-16,2041,485,Welterweight,135.0,-189.0,0.39418945645502285,1,5,0.3144751397449422,True,0.34968399438184394,True
6444,2,0.5621947050094604,0.15548086166381836,1,2160,2022-04-16,4058,1265,Bantamweight,-800.0,335.0,0.7945205479452055,5,4,0.5521187541441107,True,0.8113958740042212,True
6445,2,0.1937703788280487,0.03980904817581177,0,2161,2022-04-16,4895,602,Featherweight,335.0,-750.0,0.2066869300911854,1,3,0.19392713882966325,True,0.15317449780640197,True
6446,2,0.49156826734542847,0.01369178295135498,1,2162,2022-04-16,2368,4384,Welterweight,-5000.0,155.0,0.7142857142857143,2,0,0.4831357031594715,True,0.7200679044541562,True
6447,2,0.47353696823120117,0.11947143077850342,0,2157,2022-04-16,886,2843,Welterweight,-200.0,140.0,0.6153846153846154,17,15,0.4655794019575418,True,0.6110300109185699,True
6448,2,0.3083677291870117,0.07738041877746582,0,2164,2022-04-16,495,4591,Bantamweight,295.0,-700.0,0.22440392706872372,8,7,0.30529953563743933,True,0.1820167871083693,True
6449,2,0.647496223449707,0.08708328008651733,1,2165,2022-04-16,2743,3096,Lightweight,-800.0,400.0,0.8163265306122449,7,1,0.6360531765891796,True,0.8407707272115388,True
6450,2,0.6567126512527466,0.010506868362426758,1,2166,2022-04-16,4756,4535,Lightweight,-100.0,-160.0,0.4482758620689655,3,4,0.6451727538243353,True,0.4586432405525435,True
6451,2,0.4796183109283447,0.01567208766937256,0,2167,2022-04-16,1453,3687,Heavyweight,195.0,-355.0,0.3028790148111167,2,0,0.4714984164371706,True,0.278257773943564,True
6452,2,0.6468810439109802,0.008852362632751465,1,2168,2022-04-16,3578,572,Lightweight,110.0,-148.0,0.4438081603435934,3,0,0.6354448548294864,True,0.45216535026265625,True
6453,2,0.6352293491363525,0.04987621307373047,1,2170,2022-04-16,894,960,Bantamweight,-190.0,140.0,0.6112600536193029,4,3,0.6239320884311026,True,0.6302439334617922,True
6454,2,0.6234289407730103,0.049353837966918945,0,2169,2022-04-16,4942,3248,Strawweight,-260.0,175.0,0.6651162790697674,1,3,0.6122893515891884,True,0.6852327737209951,True
6455,2,0.600306510925293,0.042489051818847656,1,2151,2022-04-23,4499,2122,Welterweight,-135.0,-105.0,0.5286532951289399,2,6,0.5895224688451909,True,0.5363677984436304,True
6456,2,0.49934208393096924,0.18917369842529297,0,2146,2022-04-23,811,1518,Strawweight,180.0,-270.0,0.32859680284191833,6,20,0.49071086493066973,True,0.3073669102221471,True
6457,2,0.7151791453361511,0.05118238925933838,1,2147,2022-04-23,641,2215,Lightweight,-125.0,-113.0,0.5115273775216138,5,32,0.7033057654784607,True,0.5373545313771755,True
6458,2,0.5222349762916565,0.015021204948425293,1,2148,2022-04-23,2636,3739,Flyweight,-200.0,150.0,0.625,6,8,0.5130424278863827,True,0.6284044080162725,True
6459,2,0.4116502106189728,0.07442402839660645,0,2149,2022-04-23,4496,3703,Featherweight,-110.0,-139.0,0.47386445565969726,11,7,0.405445734093032,True,0.4483379466202823,True
6460,2,0.695052981376648,0.10256671905517578,1,2152,2022-04-23,1935,4707,Light Heavyweight,-900.0,400.0,0.8181818181818181,6,5,0.6832362687280196,True,0.8468613138782536,True
6461,2,0.6381353139877319,0.06198012828826904,1,2153,2022-04-23,630,4491,Bantamweight,-250.0,175.0,0.6626506024096386,2,1,0.6268018159964809,True,0.6847277366115627,True
6462,2,0.4732198119163513,0.016407370567321777,1,2154,2022-04-23,1853,896,Welterweight,-172.0,124.0,0.5861733203505356,1,0,0.4652707684297246,True,0.579279646038776,True
6463,2,0.7023522853851318,0.051648855209350586,0,2155,2022-04-23,3621,3669,Light Heavyweight,-143.0,-105.0,0.5346525624658033,5,2,0.6905075569098262,True,0.559817903651394,True
6464,2,0.41221290826797485,0.00016999244689941406,1,2156,2022-04-23,413,4809,Welterweight,500.0,-1429.0,0.15134118578640007,2,0,0.40599181596647055,True,0.1238181474085232,True
6465,2,0.4995008707046509,0.056621670722961426,1,2150,2022-04-23,1147,2443,Catch Weight,-220.0,150.0,0.632183908045977,7,4,0.4908656346348052,True,0.6329270313043934,True
6466,2,0.548416256904602,0.06035304069519043,1,2138,2022-04-30,1092,1823,Lightweight,-220.0,136.0,0.6186844613918018,6,9,0.5386298875521051,True,0.6253596370221101,True
6467,2,0.5897094011306763,0.02705836296081543,1,2135,2022-04-30,900,1172,Bantamweight,-115.0,-135.0,0.48215878679750224,18,13,0.5791077067788183,True,0.48449031865898573,True
6468,2,0.5788418650627136,0.09090912342071533,1,2140,2022-04-30,4910,1227,Middleweight,-225.0,140.0,0.6242774566473988,15,15,0.5684390783068015,True,0.6357246838499112,True
6469,2,0.585052490234375,0.03470659255981445,0,2137,2022-04-30,692,977,Featherweight,-278.0,194.0,0.6837666900913563,17,1,0.5745345861883248,True,0.6995824981275858,True
6470,2,0.4958421587944031,0.11072790622711182,1,2139,2022-04-30,4399,813,Featherweight,-190.0,137.0,0.6082669188166959,25,2,0.48729989924659434,True,0.6065511649522615,True
6471,2,0.34468284249305725,0.03319835662841797,0,2144,2022-04-30,4762,2944,Lightweight,160.0,-235.0,0.35412262156448204,1,1,0.340504428355686,True,0.31281307531938196,True
6472,2,0.6324854493141174,0.127236008644104,1,2141,2022-04-30,3047,4209,Heavyweight,-2500.0,900.0,0.9057971014492754,4,11,0.6212233558471763,True,0.9232851468461636,True
6473,2,0.4472353756427765,0.018772661685943604,0,2143,2022-04-30,469,2127,Welterweight,-107.0,-145.0,0.4662102080739818,0,2,0.44000234818018774,True,0.4455902126035337,True
6474,2,0.6030024290084839,0.09639620780944824,0,2145,2022-04-30,889,1589,Flyweight,-227.0,140.0,0.6249139710942877,7,2,0.5921738890305938,True,0.6399120127892699,True
6475,2,0.44175681471824646,0.06317472457885742,0,2142,2022-04-30,80,3860,Flyweight,-130.0,103.0,0.534318687993521,1,2,0.4346788700626107,True,0.5182227873834673,True
6476,2,0.5938875079154968,0.15377485752105713,0,2136,2022-04-30,2445,1289,Heavyweight,-110.0,-143.0,0.47093023255813954,10,37,0.5832125217229843,True,0.4730099104550592,True
6477,2,0.38002485036849976,0.1013031005859375,0,2121,2022-05-07,415,4242,Lightweight,110.0,-165.0,0.4333605887162715,9,29,0.37476772716496837,True,0.40031314731314516,True
6478,2,0.3889085054397583,0.011845588684082031,1,2122,2022-05-07,940,141,Strawweight,155.0,-250.0,0.35443037974683544,13,12,0.3833829174335054,True,0.3193891573460593,True
6479,2,0.5953125953674316,0.13372743129730225,0,2123,2022-05-07,3525,646,Lightweight,270.0,-400.0,0.2525252525252525,19,3,0.5846130237768169,True,0.23978536052615987,True
6480,2,0.454423725605011,0.03304171562194824,1,2124,2022-05-07,172,2597,Light Heavyweight,-286.0,200.0,0.6897106109324759,24,22,0.44698927893489193,True,0.6889392965994037,True
6481,2,0.49870216846466064,0.05077767372131348,0,2125,2022-05-07,3346,1933,Welterweight,-135.0,-115.0,0.5178412132024979,5,12,0.4900871550963121,True,0.509072097446153,True
6482,2,0.5709844827651978,0.04310232400894165,0,2126,2022-05-07,2552,1776,Welterweight,-145.0,-120.0,0.5203915171288744,11,24,0.5607327124501486,True,0.522875564363555,True
6483,2,0.5018455982208252,0.07132041454315186,0,2127,2022-05-07,949,4202,Featherweight,-240.0,175.0,0.66,4,7,0.4931512372731879,True,0.6632260454774308,True
6484,2,0.49649983644485474,0.03272604942321777,0,2128,2022-05-07,814,1629,Flyweight,200.0,-270.0,0.3135593220338983,9,5,0.48794079991470535,True,0.2913724882893734,True
6485,2,0.29456621408462524,0.09154248237609863,1,2129,2022-05-07,1898,2134,Heavyweight,-158.0,120.0,0.5739762219286657,5,13,0.2919156326816708,True,0.5372515491378286,True
6486,2,0.44565558433532715,0.021932244300842285,0,2130,2022-05-07,124,2041,Welterweight,330.0,-650.0,0.21156558533145275,0,2,0.4384671403770009,True,0.1832421520797642,True
6487,2,0.48705556988716125,0.02375084161758423,1,2131,2022-05-07,2284,3297,Flyweight,-180.0,-105.0,0.5565610859728507,3,2,0.4787400679639826,True,0.549230840307407,True
6488,2,0.4207398593425751,0.01910543441772461,1,2132,2022-05-07,3659,2842,Flyweight,215.0,-480.0,0.27724665391969405,1,0,0.4142682211539103,True,0.2452946590323486,True
6489,2,0.6592795848846436,0.03193008899688721,1,2133,2022-05-07,3681,3255,Strawweight,,,,4,3,0.6477147105179232,True,0.6477147105179232,False
6490,2,0.5809676051139832,0.007734775543212891,0,2134,2022-05-07,3741,1497,Bantamweight,-180.0,-105.0,0.5565610859728507,0,3,0.5705249882386565,True,0.5634299750992322,True
6491,2,0.3839508891105652,0.0009288787841796875,1,2110,2022-05-14,3942,397,Light Heavyweight,162.0,-220.0,0.35698348951361003,17,7,0.3785749322068216,True,0.321317846068741,True
6492,2,0.6000696420669556,0.042047739028930664,0,2111,2022-05-14,673,1191,Light Heavyweight,-265.0,175.0,0.6662857142857144,11,7,0.5892895468546528,True,0.6832291682512904,True
6493,2,0.39899423718452454,0.03177720308303833,1,2112,2022-05-14,2649,4943,Bantamweight,-305.0,210.0,0.7001110699740837,9,16,0.3931659139849884,True,0.6928961617113543,True
6494,2,0.6250854730606079,0.03961753845214844,0,2113,2022-05-14,1693,2802,Flyweight,,,,6,14,0.6139227485490173,True,0.6139227485490173,False
6495,2,0.6028628945350647,0.005620837211608887,0,2120,2022-05-14,2991,4822,Middleweight,-430.0,255.0,0.7422805737904206,2,2,0.5920366384952053,True,0.7624780202477563,True
6496,2,0.5967475771903992,0.06030571460723877,1,2114,2022-05-14,2155,97,Lightweight,-139.0,105.0,0.5438496039698445,0,7,0.5860234640244113,True,0.5521851402585652,True
6497,2,0.6067015528678894,0.004127383232116699,0,2116,2022-05-14,3467,978,Flyweight,-139.0,-104.0,0.5328873186499287,8,6,0.5958132344287194,True,0.541940767556784,True
6498,2,0.5619899034500122,0.00919485092163086,1,2117,2022-05-14,4421,1491,Lightweight,-163.0,120.0,0.5768983268983269,24,9,0.5519181336724467,True,0.5824437663024432,True
6499,2,0.4504902958869934,0.03127551078796387,0,2118,2022-05-14,1021,358,Strawweight,160.0,-225.0,0.3571428571428572,19,6,0.44316576738548,True,0.3306359119854882,True
6500,2,0.38574641942977905,0.06442391872406006,0,2119,2022-05-14,862,17,Flyweight,239.0,-350.0,0.2749770852428964,0,0,0.3803162124178446,True,0.23898587450411798,True
6501,2,0.5531662702560425,0.04475390911102295,0,2115,2022-05-14,129,4856,Flyweight,-225.0,170.0,0.6514745308310992,0,1,0.5432781946956715,True,0.6611047855457332,True
6502,2,0.5375258922576904,0.035532355308532715,1,2103,2022-05-21,4748,1141,Middleweight,-225.0,160.0,0.6428571428571429,5,13,0.5279798689993089,True,0.6497312298679964,True
6503,2,0.6140530705451965,0.040897250175476074,1,2099,2022-05-21,3102,4417,Bantamweight,180.0,-250.0,0.33333333333333337,8,12,0.6030504218498169,True,0.3277522525629653,True
6504,2,0.6325014233589172,0.015275835990905762,1,2100,2022-05-21,3905,1392,Welterweight,-152.0,110.0,0.5588235294117647,7,14,0.6212391225069637,True,0.5739204801162799,True
6505,2,0.640872597694397,0.08265495300292969,0,2101,2022-05-21,2777,852,Middleweight,200.0,-315.0,0.3051470588235294,4,1,0.6295059236851273,True,0.3012988863565234,True
6506,2,0.6567585468292236,0.08182096481323242,1,2105,2022-05-21,4558,1539,Heavyweight,-625.0,350.0,0.795053003533569,1,4,0.6452181950931908,True,0.8210157948653966,True
6507,2,0.496612548828125,0.016577959060668945,0,2102,2022-05-21,1884,3825,Strawweight,105.0,-139.0,0.45615039603015556,6,2,0.4880506398614394,True,0.44223230923810886,True
6508,2,0.46890032291412354,0.05506694316864014,0,2106,2022-05-21,1275,3490,Lightweight,-148.0,-100.0,0.5441176470588236,5,2,0.4610679034073915,True,0.5329953296549111,True
6509,2,0.3012036681175232,0.019621968269348145,0,2107,2022-05-21,1342,735,Bantamweight,190.0,-280.0,0.31879194630872487,6,9,0.29835272419975467,True,0.2712370517249381,True
6510,2,0.588573694229126,0.018298864364624023,1,2108,2022-05-21,1993,2994,Featherweight,120.0,-195.0,0.4074585635359116,4,5,0.5779922317589077,True,0.4036612495107058,True
6511,2,0.6057922840118408,0.045121073722839355,0,2109,2022-05-21,825,3248,Strawweight,-163.0,106.0,0.5607735729316276,2,4,0.5949185214394317,True,0.5717989092453231,True
6512,2,0.25815218687057495,0.019402742385864258,0,2104,2022-05-21,3345,3321,Middleweight,165.0,-225.0,0.35278154681139756,2,1,0.25657770498275495,True,0.2981496067284373,True
6513,2,0.5246508717536926,0.012835144996643066,1,2090,2022-06-04,2559,2341,Light Heavyweight,-280.0,200.0,0.6885245901639344,7,0,0.5154012810781982,True,0.6967705136047163,True
6514,2,0.6157654523849487,0.07883602380752563,1,2085,2022-06-04,2905,1045,Heavyweight,-185.0,130.0,0.5988740323715693,12,9,0.6047370419194353,True,0.614111530574428,True
6515,2,0.4770110845565796,0.011855840682983398,0,2091,2022-06-04,4611,2827,Strawweight,-121.0,-115.0,0.5058331713007973,9,12,0.468960527699314,True,0.49279281512128575,True
6516,2,0.3929363787174225,0.004711627960205078,1,2087,2022-06-04,3742,787,Featherweight,175.0,-250.0,0.3373493975903614,0,5,0.38728960482621116,True,0.30246452790047773,True
6517,2,0.4730371832847595,0.007441043853759766,0,2088,2022-06-04,2934,3571,Flyweight,-100.0,-140.0,0.46153846153846145,6,0,0.4650930500124515,True,0.4444772568494457,True
6518,2,0.5179600715637207,0.022853732109069824,1,2089,2022-06-04,2781,615,Flyweight,-230.0,160.0,0.644396551724138,4,3,0.5088695207059863,True,0.648665011325565,True
6519,2,0.3072614371776581,0.04331439733505249,0,2086,2022-06-04,123,4085,Featherweight,300.0,-455.0,0.23368421052631577,11,5,0.30422685138097766,True,0.19050309547967706,True
6520,2,0.4543287754058838,9.5367431640625e-07,0,2097,2022-06-04,855,180,Welterweight,210.0,-286.0,0.3033160458903033,3,0,0.44689697344545726,True,0.2756126685496103,True
6521,2,0.5682839155197144,0.0038536787033081055,1,2094,2022-06-04,41,4444,Lightweight,,,,1,2,0.5580854024366225,True,0.5580854024366225,False
6522,2,0.4173881411552429,0.03574717044830322,0,2095,2022-06-04,1315,2131,Bantamweight,-105.0,-139.0,0.46827766374323565,2,5,0.41101470061291984,True,0.4432405307334546,True
6523,2,0.3499259948730469,0.03829991817474365,0,2096,2022-06-04,663,2886,Flyweight,150.0,-200.0,0.375,4,2,0.345586927790543,True,0.33490230260896436,True
6524,2,0.3404976427555084,0.0013450980186462402,0,2098,2022-06-04,3534,1224,Flyweight,345.0,-560.0,0.20939086294416243,10,2,0.33644750173835114,True,0.17136599317259937,True
6525,2,0.5613260269165039,0.03157234191894531,1,2093,2022-06-04,112,1866,Featherweight,-800.0,415.0,0.8207171314741036,7,0,0.5512678364566532,True,0.8376665107131112,True
6526,2,0.5209379196166992,0.049785614013671875,0,2092,2022-06-04,547,3463,Lightweight,140.0,-200.0,0.38461538461538464,3,4,0.5117761760378134,True,0.3693231976671157,True
6527,2,0.6657952666282654,0.04147517681121826,1,2077,2022-06-11,2938,2041,Welterweight,-120.0,-125.0,0.4954128440366972,15,3,0.6541709930927689,True,0.5112156820163918,True
6528,2,0.6228070259094238,0.04141181707382202,0,2076,2022-06-11,4796,82,Strawweight,135.0,-182.0,0.3973509933774834,14,7,0.6116762055516777,True,0.39798903706344685,True
6529,2,0.4164543151855469,0.02031075954437256,1,2078,2022-06-11,1001,2807,Welterweight,-195.0,145.0,0.6182465221611129,1,7,0.4101083005717723,True,0.6057681980545501,True
6530,2,0.47583359479904175,0.3330587148666382,1,2074,2022-06-11,3603,1552,Light Heavyweight,-235.0,160.0,0.645877378435518,2,21,0.46781447949727584,True,0.6444058568464937,True
6531,2,0.3933123052120209,0.025426387786865234,0,2084,2022-06-11,3459,85,Featherweight,140.0,-178.0,0.3942144072603517,1,3,0.3876542395319774,True,0.36121165977361824,True
6532,2,0.5997996926307678,0.005374550819396973,1,2075,2022-06-11,5097,807,Flyweight,-800.0,375.0,0.8085106382978723,13,5,0.5890241027897422,True,0.8288698925524017,True
6533,2,0.5172886252403259,0.07302236557006836,1,2081,2022-06-11,2789,3195,Middleweight,-333.0,220.0,0.7110636594154544,8,3,0.5082142165083885,True,0.7197937344076445,True
6534,2,0.4897657036781311,0.021062374114990234,1,2080,2022-06-11,5027,3846,Lightweight,150.0,-220.0,0.36781609195402304,0,2,0.48137974860170285,True,0.34718600696443574,True
6535,2,0.4746290445327759,0.0631188154220581,0,2079,2022-06-11,1258,3313,Featherweight,,,,6,3,0.46664217414409775,True,0.46664217414409775,False
6536,2,0.40103989839553833,0.0007277727127075195,0,2082,2022-06-11,295,71,Bantamweight,,,,5,10,0.39515047565613093,True,0.39515047565613093,False
6537,2,0.6517298221588135,0.09072268009185791,0,2083,2022-06-11,4442,2951,Strawweight,-130.0,-111.0,0.5179380664652569,1,2,0.6402409067929983,True,0.5331364749977947,True
6538,2,0.4753030240535736,0.17770719528198242,0,2061,2022-06-18,781,4245,Featherweight,-280.0,175.0,0.6695652173913044,10,10,0.46729810170729147,True,0.669944229799701,True
6539,2,0.3095402121543884,0.015027999877929688,0,2062,2022-06-18,4115,1889,Welterweight,250.0,-400.0,0.26315789473684204,24,14,0.3064363782871772,True,0.21850335047390926,True
6540,2,0.44657057523727417,0.06283807754516602,0,2063,2022-06-18,4412,3557,Middleweight,-235.0,165.0,0.6502218741842861,1,6,0.43935629557345884,True,0.6450190912266384,True
6541,2,0.33076345920562744,0.03137350082397461,0,2064,2022-06-18,2987,3004,Lightweight,160.0,-230.0,0.3556034482758621,1,4,0.32701158376165584,True,0.3122822001764093,True
6542,2,0.49440914392471313,0.014815807342529297,0,2065,2022-06-18,4434,1733,Middleweight,135.0,-177.0,0.3997402409986291,4,3,0.4859035356789966,True,0.38161540098126595,True
6543,2,0.5815608501434326,0.008492231369018555,0,2073,2022-06-18,3882,3243,Middleweight,-303.0,195.0,0.6892470216293327,5,4,0.5711071967783125,True,0.7048788724825429,True
6544,2,0.6600028276443481,0.04926931858062744,1,2066,2022-06-18,84,4883,Bantamweight,-2500.0,225.0,0.7575757575757577,4,3,0.6484310756008345,True,0.7844559166599907,True
6545,2,0.6179509162902832,0.0728573203086853,1,2068,2022-06-18,3608,1371,Welterweight,-230.0,-125.0,0.5564516129032259,2,19,0.6068901110086788,True,0.5690650327830405,True
6546,2,0.7640781402587891,0.008837342262268066,1,2069,2022-06-18,222,4377,Featherweight,-335.0,240.0,0.7236340533672173,9,3,0.7523587047649272,True,0.7646816168432299,True
6547,2,0.45139366388320923,0.031207919120788574,1,2070,2022-06-18,3468,1415,Strawweight,200.0,-310.0,0.30597014925373134,1,3,0.4440438267750795,True,0.2779620029135256,True
6548,2,0.6839566826820374,0.0442194938659668,1,2071,2022-06-18,1086,999,Bantamweight,-1000.0,400.0,0.8196721311475409,10,15,0.6721982027103469,True,0.8472474648255905,True
6549,2,0.29355233907699585,0.10491108894348145,0,2072,2022-06-18,1785,3668,Middleweight,210.0,-280.0,0.30448717948717946,4,4,0.29093227502083446,True,0.25616912566132666,True
6550,2,0.5121860504150391,0.025149226188659668,0,2067,2022-06-18,1209,2840,Flyweight,-260.0,195.0,0.6805678793256432,1,0,0.5032353717867276,True,0.6866634737073823,True
6551,2,0.6109997034072876,0.12081998586654663,1,2050,2022-06-25,245,1143,Welterweight,-556.0,350.0,0.792273590880304,3,26,0.6000438102892861,True,0.8138027161266242,True
6552,2,0.7084968090057373,0.013712763786315918,1,2053,2022-06-25,3465,3160,Bantamweight,-1300.0,600.0,0.8666666666666667,2,3,0.6966350263155406,True,0.8925689820371129,True
6553,2,0.5781848430633545,0.006346702575683594,0,2049,2022-06-25,1482,102,Lightweight,-286.0,195.0,0.6861023013743189,6,4,0.5677944562807554,True,0.7011362926263396,True
6554,2,0.5449382066726685,0.030954182147979736,0,2051,2022-06-25,5094,4188,Heavyweight,-111.0,-136.0,0.4772280113677767,3,3,0.5352275264636628,True,0.47224260129865375,True
6555,2,0.5013622641563416,0.10058343410491943,1,2052,2022-06-25,3519,1369,Lightweight,-270.0,175.0,0.6674157303370787,8,10,0.4926800612712487,True,0.671131650712517,True
6556,2,0.6848024129867554,0.015171527862548828,0,2054,2022-06-25,3444,1918,Middleweight,-112.0,-135.0,0.4790680742628321,4,2,0.6730388448507448,True,0.4968395778090232,True
6557,2,0.5142975449562073,0.01047360897064209,0,2055,2022-06-25,1131,357,Light Heavyweight,-155.0,110.0,0.5607235142118863,4,2,0.5052954399181228,True,0.5578321406409906,True
6558,2,0.5420325398445129,0.07638537883758545,0,2057,2022-06-25,372,2677,Bantamweight,120.0,-172.0,0.4182041820418204,6,3,0.5323858681164376,True,0.40826480985083685,True
6559,2,0.6064087152481079,0.04810690879821777,1,2058,2022-06-25,2844,2719,Flyweight,-110.0,-125.0,0.48529411764705876,4,2,0.5955250747767012,True,0.49051738104227616,True
6560,2,0.5610349774360657,0.03055441379547119,0,2060,2022-06-25,2544,2745,Strawweight,-240.0,180.0,0.6640316205533597,4,2,0.5509827528144968,True,0.6755378818326795,True
6561,2,0.47354644536972046,0.0541691780090332,1,2056,2022-06-25,1327,3369,Featherweight,170.0,-235.0,0.34553893759669935,2,4,0.4655886245072454,True,0.3216443958110404,True
6562,2,0.4019717574119568,0.016562342643737793,0,2059,2022-06-25,3126,777,Bantamweight,140.0,-210.0,0.3808353808353809,14,5,0.3960545384765788,True,0.34852690333623326,True
6563,2,0.37647080421447754,0.18050968647003174,0,2042,2022-07-02,2467,3931,Lightweight,120.0,-161.0,0.42425227568270485,5,7,0.371321488981624,True,0.39016079383087493,True
6564,2,0.362835168838501,0.07714450359344482,0,2037,2022-07-02,774,553,Middleweight,355.0,-700.0,0.20075282308657463,13,12,0.358101177583353,True,0.1654339586501005,True
6565,2,0.44837504625320435,0.04992985725402832,0,2038,2022-07-02,827,1106,Featherweight,150.0,-205.0,0.3730886850152905,25,11,0.44110992577353725,True,0.346993964056906,True
6566,2,0.6506518125534058,0.018181264400482178,0,2039,2022-07-02,2975,2749,Middleweight,-134.0,-100.0,0.5338645418326693,15,2,0.6391743559810005,True,0.5500912800212262,True
6567,2,0.4561806321144104,0.0008797645568847656,0,2040,2022-07-02,4069,3318,Welterweight,-125.0,-122.0,0.5027173913043479,23,14,0.44869732749849783,True,0.486248645473879,True
6568,2,0.6174355745315552,0.07027792930603027,1,2044,2022-07-02,240,2127,Welterweight,-225.0,140.0,0.6242774566473988,2,3,0.6063823589452654,True,0.641360185485246,True
6569,2,0.6092033386230469,0.15323972702026367,1,2046,2022-07-02,1732,328,Middleweight,-357.0,252.0,0.7333162157746084,4,18,0.5982754391903153,True,0.7540407011444811,True
6570,2,0.781935453414917,0.01395261287689209,1,2047,2022-07-02,2636,4402,Flyweight,-350.0,240.0,0.7256097560975611,7,15,0.7703876642224569,True,0.7693582445144471,True
6571,2,0.3486803472042084,0.030645370483398438,0,2043,2022-07-02,3250,2795,Welterweight,145.0,-190.0,0.3838517538054269,37,39,0.3443794396571053,True,0.343821515926727,True
6572,2,0.6170412302017212,0.15241050720214844,0,2048,2022-07-02,2577,1024,Bantamweight,-165.0,125.0,0.5834970530451867,7,4,0.6059938428377738,True,0.5978947994451475,True
6573,2,0.34057921171188354,0.134857177734375,0,2045,2022-07-02,3081,1534,Middleweight,130.0,-190.0,0.3988995873452545,20,2,0.3365265706056177,True,0.3581272314200305,True
6574,2,0.5370867848396301,0.1648019552230835,1,2026,2022-07-09,4050,4507,Lightweight,-225.0,163.0,0.6454867739296428,6,31,0.5275506563866529,True,0.6524859703844115,True
6575,2,0.3035326600074768,0.13843798637390137,0,2027,2022-07-09,1724,973,Middleweight,130.0,-270.0,0.37336024217961655,1,1,0.3006111933311603,True,0.3261270905164375,True
6576,2,0.6724054217338562,0.03151655197143555,1,2028,2022-07-09,4228,3454,Bantamweight,-500.0,187.0,0.7051597051597053,5,10,0.6607268701094027,True,0.7332842803187076,True
6577,2,0.4730743169784546,0.018299221992492676,1,2029,2022-07-09,4209,376,Heavyweight,150.0,-240.0,0.3617021276595745,12,5,0.4651291851680229,True,0.33847387852061095,True
6578,2,0.4409639835357666,0.03674185276031494,1,2030,2022-07-09,55,2119,Bantamweight,150.0,-250.0,0.358974358974359,4,1,0.43390858996323606,True,0.33124446381127914,True
6579,2,0.4375259280204773,0.10121726989746094,0,2031,2022-07-09,4421,3646,Lightweight,170.0,-250.0,0.3414634146341463,25,5,0.43056863291712727,True,0.312634001811257,True
6580,2,0.41334623098373413,0.10540473461151123,0,2032,2022-07-09,4561,1064,Middleweight,-163.0,-111.0,0.5408895039788633,1,2,0.40709170294303476,True,0.5209465125282776,True
6581,2,0.4182913601398468,0.007460296154022217,1,2033,2022-07-09,3800,3628,Flyweight,-190.0,145.0,0.6161482461945731,7,14,0.4118914200708258,True,0.6037491204489902,True
6582,2,0.5467829704284668,0.04785418510437012,1,2034,2022-07-09,3835,1401,Featherweight,-1000.0,500.0,0.8450704225352113,2,0,0.5370320176354872,True,0.8607279467994308,True
6583,2,0.5298686027526855,0.036920785903930664,0,2035,2022-07-09,4437,1366,Light Heavyweight,-125.0,-174.0,0.4666212534059946,9,6,0.5204973248578257,True,0.45850982145211144,True
6584,2,0.47667935490608215,0.044584453105926514,1,2036,2022-07-09,465,965,Bantamweight,-105.0,-132.0,0.4737456242707117,1,2,0.4686376480205248,True,0.45814548444985936,True
6585,2,0.5896502733230591,0.07085287570953369,0,2019,2022-07-16,2263,2548,Flyweight,-225.0,165.0,0.6472184531886024,11,12,0.5790496290500395,True,0.6616551016969388,True
6586,2,0.6604971885681152,0.047541141510009766,1,2015,2022-07-16,811,3600,Strawweight,-350.0,240.0,0.7256097560975611,7,11,0.6489207759820553,True,0.7524567708804966,True
6587,2,0.47094547748565674,0.03354489803314209,1,2016,2022-07-16,4109,3136,Welterweight,127.0,-165.0,0.4143538425455398,15,6,0.46305771326761686,True,0.3937539856485071,True
6588,2,0.31727659702301025,0.029781222343444824,1,2017,2022-07-16,814,2363,Flyweight,,,,10,4,0.31393709645950374,True,0.31393709645950374,False
6589,2,0.546267569065094,0.026460766792297363,0,2018,2022-07-16,3703,1423,Featherweight,140.0,-190.0,0.38873994638069703,8,10,0.5365278391071913,True,0.3773388007334634,True
6590,2,0.5588513612747192,0.018544435501098633,1,2014,2022-07-16,1951,3223,Featherweight,138.0,-200.0,0.3865979381443299,11,10,0.5488441384118045,True,0.37686590556100846,True
6591,2,0.4491924047470093,0.02056431770324707,0,2025,2022-07-16,3526,3573,Strawweight,130.0,-184.0,0.40158371040723984,6,0,0.44190430391701596,True,0.37707114863895025,True
6592,2,0.4629354476928711,0.032856106758117676,0,2021,2022-07-16,4168,1387,Bantamweight,-196.0,138.0,0.6117930962123597,5,9,0.4552657142566486,True,0.6055886080485913,True
6593,2,0.6040368676185608,0.09240233898162842,1,2022,2022-07-16,1705,1089,Featherweight,-220.0,163.0,0.6438904963276207,4,3,0.5931914612668825,True,0.6601700639769722,True
6594,2,0.33106666803359985,0.0380784273147583,1,2023,2022-07-16,146,4874,Light Heavyweight,-100.0,-140.0,0.46153846153846145,8,5,0.32730550674312336,True,0.422260101666324,True
6595,2,0.5235894918441772,0.09091973304748535,0,2024,2022-07-16,2122,3330,Middleweight,-105.0,-140.0,0.46753246753246747,7,3,0.5143649077554577,True,0.45854132404439063,True
6596,2,0.5292237997055054,0.05618923902511597,1,2020,2022-07-16,626,4053,Middleweight,-270.0,175.0,0.6674157303370787,4,5,0.5198674466851384,True,0.6748636246108816,True
6597,2,0.4910566210746765,0.05934208631515503,1,2000,2022-07-23,4325,2691,Heavyweight,125.0,-168.0,0.41486068111455104,15,5,0.4826372660626309,True,0.3972209946212608,True
6598,2,0.33720943331718445,0.006269931793212891,1,2002,2022-07-23,1943,3578,Lightweight,-333.0,210.0,0.7044973725516959,2,4,0.3332600715236701,True,0.689100930544477,True
6599,2,0.36504805088043213,0.008690834045410156,0,2004,2022-07-23,1267,2701,Flyweight,330.0,-650.0,0.21156558533145275,3,8,0.3602465022003196,True,0.17573847876354248,True
6600,2,0.4870738089084625,0.13114285469055176,1,2006,2022-07-23,4061,2502,Lightweight,300.0,-470.0,0.2326530612244898,4,3,0.47875783134154243,True,0.2079576099493073,True
6601,2,0.3991163969039917,0.14697206020355225,0,2001,2022-07-23,1918,4468,Middleweight,-115.0,-112.0,0.5030953363598845,3,14,0.3932844220140267,True,0.47779921107993767,True
6602,2,0.46043550968170166,0.01409459114074707,1,2005,2022-07-23,589,1741,Light Heavyweight,-152.0,110.0,0.5588235294117647,10,13,0.4528345068011497,True,0.5476651235091877,True
6603,2,0.4502919614315033,0.08252722024917603,0,2003,2022-07-23,2293,3146,Light Heavyweight,155.0,-220.0,0.36322360953461974,17,15,0.4429729945114832,True,0.3369483394996207,True
6604,2,0.2888615131378174,0.04357755184173584,0,2007,2022-07-23,355,785,Lightweight,300.0,-450.0,0.23404255319148934,8,11,0.28638230699640527,True,0.18878061433997126,True
6605,2,0.2989676594734192,0.0414586067199707,0,2008,2022-07-23,4404,2806,Featherweight,400.0,-700.0,0.186046511627907,12,6,0.29618432011896917,True,0.14626770636228795,True
6606,2,0.5467871427536011,0.0022177696228027344,1,2013,2022-07-23,531,4341,Welterweight,-250.0,170.0,0.6585365853658537,8,7,0.5370360991997646,True,0.6677597429091412,True
6607,2,0.5065425634384155,0.26195693016052246,0,2011,2022-07-23,2332,1844,Lightweight,210.0,-303.0,0.3002309468822171,4,4,0.4977308677295012,True,0.2788186793335987,True
6608,2,0.6831107139587402,0.059598326683044434,1,2010,2022-07-23,2922,3787,Flyweight,-500.0,320.0,0.7777777777777778,1,0,0.6713574292548293,True,0.8069317117315442,True
6609,2,0.4310304522514343,0.0141524076461792,0,2009,2022-07-23,4172,2639,Featherweight,124.0,-175.0,0.4122938530734633,12,4,0.42425981064806967,True,0.38574049644017316,True
6610,2,0.5758281350135803,0.037120819091796875,0,2012,2022-07-23,1004,1368,Flyweight,-125.0,-110.0,0.5147058823529411,1,2,0.5654825707580144,True,0.5174862577651782,True
6611,2,0.49898603558540344,0.10873007774353027,1,1992,2022-07-30,4709,1056,Welterweight,130.0,-190.0,0.3988995873452545,15,5,0.49036383007982726,True,0.38137849909195237,True
6612,2,0.37760859727859497,0.026514649391174316,0,1987,2022-07-30,2311,2923,Bantamweight,200.0,-286.0,0.3102893890675241,9,16,0.3724247454587501,True,0.2730887288478876,True
6613,2,0.3637714982032776,0.24700915813446045,0,1989,2022-07-30,3901,1488,Heavyweight,-122.0,-180.0,0.46087425796006476,24,4,0.3590089153516352,True,0.4269137781861042,True
6614,2,0.5372434854507446,0.13654065132141113,0,1990,2022-07-30,2586,3958,Flyweight,137.0,-205.0,0.38566099766074474,8,11,0.5277038241403629,True,0.37275785744298984,True
6615,2,0.6852217316627502,0.01300656795501709,1,1991,2022-07-30,2320,3269,Light Heavyweight,-700.0,380.0,0.8076923076923077,9,17,0.6734556800525421,True,0.835986544576611,True
6616,2,0.38496094942092896,0.04436910152435303,0,1997,2022-07-30,3213,85,Bantamweight,-100.0,-139.0,0.4622823984526112,8,4,0.3795544667967427,True,0.43178309928350106,True
6617,2,0.4825679063796997,0.0774996280670166,1,1988,2022-07-30,3403,398,Flyweight,-225.0,163.0,0.6454867739296428,12,9,0.47437004311976116,True,0.6449227527721192,True
6618,2,0.5026226043701172,0.11261290311813354,0,1995,2022-07-30,4756,2743,Lightweight,165.0,-227.0,0.35216197296860696,4,8,0.4939087307310273,True,0.3324706841202591,True
6619,2,0.6904876232147217,0.04323101043701172,1,1996,2022-07-30,2658,2690,Welterweight,-800.0,450.0,0.830188679245283,1,0,0.6786926183013237,True,0.8577207104698024,True
6620,2,0.39119234681129456,0.0038022994995117188,0,1998,2022-07-30,4368,3804,Light Heavyweight,-157.0,-140.0,0.5115395058376323,0,4,0.3855980010286664,True,0.4856542394166866,True
6621,2,0.3790152668952942,0.08847963809967041,0,1999,2022-07-30,1499,972,Welterweight,142.0,-220.0,0.37541060534960113,1,1,0.3737887465865255,True,0.3395930018889436,True
6622,2,0.5774586796760559,0.030283212661743164,0,1993,2022-07-30,2096,4219,Lightweight,140.0,-230.0,0.37414965986394555,2,18,0.5670820465891436,True,0.36623276958079026,True
6623,2,0.5619385242462158,0.022589921951293945,1,1980,2022-08-06,1645,285,Flyweight,-143.0,110.0,0.552733296521259,0,0,0.5518678039867297,True,0.5563941719583353,True
6624,2,0.5709280371665955,0.1825019121170044,1,1977,2022-08-06,3975,4878,Light Heavyweight,-360.0,225.0,0.7177914110429447,6,23,0.5606773730004515,True,0.7334045836905766,True
6625,2,0.5615881681442261,0.014934122562408447,0,1978,2022-08-06,886,3080,Welterweight,-222.0,140.0,0.6233036967711746,18,8,0.551524610938354,True,0.6322011283630468,True
6626,2,0.5083330273628235,0.009146571159362793,1,1979,2022-08-06,10,1632,Heavyweight,225.0,-300.0,0.2909090909090909,0,0,0.49947699866603856,True,0.26941047879770635,True
6627,2,0.6896929144859314,0.027548909187316895,1,1981,2022-08-06,3278,482,Heavyweight,-350.0,180.0,0.6853146853146853,8,7,0.6779020122269727,True,0.7154958509263921,True
6628,2,0.7520129680633545,0.06160515546798706,1,1982,2022-08-06,3074,3822,Lightweight,-1400.0,575.0,0.863013698630137,3,1,0.7402142390732804,True,0.8925560475706512,True
6629,2,0.35639867186546326,0.08951061964035034,0,1984,2022-08-06,4638,3533,Welterweight,180.0,-350.0,0.3146853146853147,5,2,0.35186144185993085,True,0.27472522469654964,True
6630,2,0.4099740982055664,0.00502777099609375,0,1985,2022-08-06,694,3487,Strawweight,150.0,-215.0,0.3695014662756598,3,2,0.40381917274269624,True,0.33788849117893777,True
6631,2,0.5369085669517517,0.04258537292480469,1,1986,2022-08-06,4058,302,Bantamweight,-170.0,-139.0,0.5198311156601841,6,3,0.5273764588680618,True,0.5170364098054802,True
6632,2,0.24278919398784637,0.036517977714538574,0,1983,2022-08-06,2738,1800,Middleweight,325.0,-800.0,0.20930232558139533,23,8,0.24165227582071744,True,0.16125025081025182,True
6633,2,0.6746135354042053,0.08430373668670654,0,1968,2022-08-13,510,576,Bantamweight,,,,7,7,0.6629182210227543,True,0.6629182210227543,False
6634,2,0.4336557984352112,0.0658724308013916,0,1964,2022-08-13,1550,900,Bantamweight,160.0,-235.0,0.35412262156448204,9,19,0.42680951258579625,True,0.3252112949028466,True
6635,2,0.41281574964523315,0.05342745780944824,1,1965,2022-08-13,480,3835,Featherweight,265.0,-375.0,0.2576271186440678,4,3,0.4065768670769149,True,0.22494879305375384,True
6636,2,0.4472096264362335,0.05072140693664551,1,1966,2022-08-13,712,4014,Strawweight,-230.0,175.0,0.6571428571428573,0,0,0.43997732474760165,True,0.6526346811972682,True
6637,2,0.40314576029777527,0.059539079666137695,1,1967,2022-08-13,3672,2595,Light Heavyweight,-165.0,120.0,0.5780254777070064,1,13,0.39719355550168894,True,0.5597851069319714,True
6638,2,0.5331821441650391,0.16068702936172485,1,1969,2022-08-13,1227,858,Middleweight,240.0,-357.0,0.2735216662676562,16,4,0.5237346803444968,True,0.25440797864260234,True
6639,2,0.6671745777130127,0.06253314018249512,0,1970,2022-08-13,3681,1021,Catch Weight,,,,5,20,0.6555384757796213,True,0.6555384757796213,False
6640,2,0.6457386612892151,0.11040961742401123,0,1972,2022-08-13,101,4861,Flyweight,-200.0,150.0,0.625,11,8,0.6343153357425556,True,0.6463642333142602,True
6641,2,0.5775008797645569,0.02146148681640625,1,1973,2022-08-13,4424,1559,Lightweight,-400.0,260.0,0.7422680412371133,12,2,0.5671234459984911,True,0.7595660686518346,True
6642,2,0.7116533517837524,0.040788888931274414,0,1974,2022-08-13,2781,136,Flyweight,-460.0,275.0,0.7549234135667396,5,5,0.699785177870648,True,0.7879768325935368,True
6643,2,0.5501058101654053,0.04436016082763672,1,1975,2022-08-13,167,4350,Catch Weight,-303.0,210.0,0.6997690531177829,0,5,0.5402830426178518,True,0.7119264775492623,True
6644,2,0.5839112997055054,0.05276000499725342,1,1971,2022-08-13,3687,707,Heavyweight,,,,1,0,0.573414261636621,True,0.573414261636621,False
6645,2,0.372808575630188,0.03551483154296875,1,1952,2022-08-20,169,392,Welterweight,260.0,-380.0,0.25974025974025977,14,15,0.36777056112069234,True,0.22258575963249483,True
6646,2,0.5347549319267273,0.017609238624572754,1,1953,2022-08-20,2159,2030,Middleweight,-400.0,260.0,0.7422680412371133,7,10,0.5252716081332209,True,0.7547237602266916,True
6647,2,0.6376705169677734,0.006481349468231201,1,1954,2022-08-20,4284,1375,Bantamweight,-170.0,-100.0,0.5573770491803278,9,19,0.6263427449155207,True,0.5731997067016293,True
6648,2,0.48356229066848755,0.03872025012969971,1,1955,2022-08-20,2319,1265,Bantamweight,-155.0,110.0,0.5607235142118863,7,5,0.4753382572176947,True,0.5532170886782137,True
6649,2,0.751376748085022,0.04611539840698242,1,1956,2022-08-20,1935,3759,Light Heavyweight,-1000.0,500.0,0.8450704225352113,7,2,0.7395746251397624,True,0.8766317027114378,True
6650,2,0.6124688386917114,0.0014481544494628906,0,1957,2022-08-20,3047,3156,Heavyweight,-400.0,260.0,0.7422680412371133,5,15,0.6014903185153851,True,0.7635725325553298,True
6651,2,0.41772958636283875,0.02994626760482788,0,1958,2022-08-20,4428,1823,Lightweight,210.0,-295.0,0.3016418480336006,10,10,0.41134612497049855,True,0.2694265429980501,True
6652,2,0.36955153942108154,0.014036297798156738,1,1960,2022-08-20,4384,1480,Welterweight,130.0,-175.0,0.4059040590405904,1,1,0.36461267414155524,True,0.36986544162512336,True
6653,2,0.5362348556518555,0.005099058151245117,0,1961,2022-08-20,3860,2023,Flyweight,350.0,-560.0,0.20754716981132074,3,2,0.5267179686704692,True,0.18762605685098332,True
6654,2,0.5599038600921631,0.03143590688705444,1,1962,2022-08-20,630,907,Bantamweight,-152.0,105.0,0.5528743789921929,3,1,0.5498748931139004,True,0.5562364527151913,True
6655,2,0.48666679859161377,0.005951881408691406,1,1963,2022-08-20,3425,80,Flyweight,,,,1,2,0.47836143998386865,True,0.47836143998386865,False
6656,2,0.5526982545852661,0.0455780029296875,1,1944,2022-09-03,1551,2229,Featherweight,-240.0,175.0,0.66,0,0,0.5428201137315244,True,0.670122283310427,True
6657,2,0.4364587664604187,0.01512289047241211,0,1940,2022-09-03,4548,3477,Heavyweight,375.0,-560.0,0.19879518072289157,11,8,0.4295320206988569,True,0.17011241979006883,True
6658,2,0.45278438925743103,0.025863170623779297,0,1941,2022-09-03,3725,1970,Middleweight,170.0,-230.0,0.34700315457413244,12,18,0.44539566446677203,True,0.320401091935724,True
6659,2,0.4505913257598877,5.841255187988281e-05,1,1942,2022-09-03,437,3557,Middleweight,-275.0,200.0,0.6875,4,7,0.4432639649374829,True,0.6860411238752051,True
6660,2,0.45998603105545044,0.05411374568939209,1,1943,2022-09-03,4920,3429,Middleweight,-125.0,-112.0,0.5125725338491296,2,10,0.4523974191570743,True,0.4974781927041171,True
6661,2,0.47528254985809326,0.007237076759338379,0,1945,2022-09-03,3703,2806,Featherweight,-155.0,120.0,0.5721476510067114,9,7,0.4672781755206645,True,0.5643650687760831,True
6662,2,0.545513927936554,0.0164719820022583,1,1946,2022-09-03,736,3330,Middleweight,-305.0,225.0,0.7099373321396598,0,4,0.5357906486612758,True,0.7220702522535591,True
6663,2,0.41196510195732117,0.0055084228515625,0,1948,2022-09-03,5089,1829,Lightweight,-225.0,154.0,0.637479085331846,0,4,0.40575132586761464,True,0.6261404139945951,True
6664,2,0.6167536377906799,0.0040520429611206055,1,1949,2022-09-03,41,885,Lightweight,,,,2,0,0.605710512105024,True,0.605710512105024,False
6665,2,0.42736178636550903,0.01923501491546631,0,1950,2022-09-03,162,423,Bantamweight,-125.0,-110.0,0.5147058823529411,5,0,0.42069729478814877,True,0.49476105742151666,True
6666,2,0.49372607469558716,0.058135390281677246,1,1951,2022-09-03,302,3358,Featherweight,-295.0,200.0,0.69140625,4,0,0.4852379828839426,True,0.6958701591248253,True
6667,2,0.5600402355194092,0.04412198066711426,1,1947,2022-09-03,4065,4032,Lightweight,-275.0,180.0,0.6724890829694323,9,18,0.5500084583461025,True,0.6843740273416975,True
6668,2,0.5003536939620972,0.03408694267272949,1,1929,2022-09-10,4230,4109,Catch Weight,-180.0,130.0,0.5965417867435159,7,16,0.49169691104794666,True,0.5945209841903812,True
6669,2,0.35301411151885986,0.03647017478942871,1,1930,2022-09-10,3777,4202,Catch Weight,-195.0,145.0,0.6182465221611129,10,8,0.348580471637428,True,0.5959830880857068,True
6670,2,0.5517847537994385,0.026960372924804688,1,1933,2022-09-10,4558,4729,Catch Weight,-770.0,450.0,0.8295788442703232,2,0,0.541926058754273,True,0.8457257981875164,True
6671,2,0.4186055660247803,0.0412755012512207,1,1928,2022-09-10,3456,1889,Catch Weight,-580.0,400.0,0.8100558659217877,5,15,0.4121964138683327,True,0.8141239963541824,True
6672,2,0.35365408658981323,0.10456728935241699,1,1927,2022-09-10,1768,3525,Welterweight,110.0,-160.0,0.43624161073825496,26,20,0.3492008537962793,True,0.39921061956678094,True
6673,2,0.6329790353775024,0.005846500396728516,0,1932,2022-09-10,1674,3697,Featherweight,-227.0,175.0,0.6562417871222076,8,10,0.6217105481812187,True,0.6772950008673043,True
6674,2,0.3098374009132385,0.10623300075531006,1,1935,2022-09-10,1453,2445,Heavyweight,333.0,-565.0,0.21372671905381732,3,11,0.3067245298500543,True,0.17233915344170797,True
6675,2,0.3489533066749573,0.024387836456298828,1,1934,2022-09-10,2659,4692,Middleweight,-104.0,-139.0,0.4671126813500714,1,5,0.34464403670580984,True,0.43114711402353045,True
6676,2,0.5689200162887573,0.028018951416015625,1,1939,2022-09-10,469,4218,Welterweight,-105.0,-125.0,0.4796954314720812,1,2,0.5587088973985365,True,0.4785913847910466,True
6677,2,0.45438286662101746,0.020105838775634766,1,1938,2022-09-10,825,5048,Strawweight,140.0,-177.0,0.39469934454260475,3,0,0.4469495579698335,True,0.3705508943751442,True
6678,2,0.5134867429733276,0.056349217891693115,1,1931,2022-09-10,189,673,Light Heavyweight,155.0,-213.0,0.36559014191438416,8,12,0.5045043479606844,True,0.34810851037970447,True
6679,2,0.35254940390586853,0.044622957706451416,0,1936,2022-09-10,1969,949,Featherweight,295.0,-420.0,0.23864157870582836,0,5,0.3481299925320446,True,0.20006626322840965,True
6680,2,0.6610666513442993,0.050418853759765625,1,1937,2022-09-10,894,2324,Bantamweight,-190.0,140.0,0.6112600536193029,5,1,0.6494849111359491,True,0.634248846269019,True
6681,2,0.5446591973304749,0.042266011238098145,1,1919,2022-09-17,5061,1147,Middleweight,-225.0,163.0,0.6454867739296428,5,8,0.5349546329193338,True,0.653536102378898,True
6682,3,0.40943723917007446,0.016829848289489746,0,1915,2022-09-17,852,1733,Middleweight,-139.0,-100.0,0.5377176015473888,2,4,0.41735537190082644,True,0.5249565365977608,True
6683,3,0.519138753414154,0.07186561822891235,1,1916,2022-09-17,692,1705,Featherweight,-135.0,-100.0,0.5346534653465347,18,5,0.46794871794871795,True,0.5269496262502523,True
6684,3,0.6314677000045776,0.0033779144287109375,1,1917,2022-09-17,1330,3345,Middleweight,-625.0,375.0,0.8037225042301185,0,3,0.6428571428571429,True,0.8412658431382343,True
6685,3,0.38200241327285767,0.08513391017913818,1,1918,2022-09-17,1168,5071,Heavyweight,140.0,-180.0,0.39325842696629215,3,7,0.3522727272727273,True,0.35162163698366156,True
6686,3,0.4746024012565613,0.059630513191223145,0,1925,2022-09-17,2131,1167,Bantamweight,136.0,-188.0,0.39361469494861134,6,1,0.46060606060606063,True,0.3633087565872613,True
6687,3,0.6117477416992188,0.018013358116149902,0,1914,2022-09-17,1200,939,Bantamweight,160.0,-213.0,0.3610982925703738,10,10,0.6428571428571429,True,0.34496802516014724,True
6688,3,0.40076544880867004,0.13293218612670898,0,1921,2022-09-17,4948,3838,Welterweight,172.0,-230.0,0.34533277521975725,1,9,0.38461538461538464,True,0.3021816463667451,True
6689,3,0.5359091758728027,0.009198248386383057,1,1922,2022-09-17,3984,3320,Strawweight,-230.0,170.0,0.6529968454258674,5,0,0.46794871794871795,True,0.6644463912370125,True
6690,3,0.6277132034301758,0.1027367115020752,0,1923,2022-09-17,461,572,Lightweight,-500.0,275.0,0.7575757575757576,0,1,0.6428571428571429,True,0.7945443810138046,True
6691,3,0.4976123869419098,0.07553505897521973,0,1924,2022-09-17,639,1335,Flyweight,120.0,-155.0,0.4278523489932886,4,12,0.46060606060606063,True,0.40226767415238746,True
6692,3,0.4902212619781494,0.017935991287231445,0,1926,2022-09-17,124,2176,Lightweight,112.0,-175.0,0.4256965944272446,1,1,0.46060606060606063,True,0.399799767777135,True
6693,3,0.4167511463165283,0.04384124279022217,1,1920,2022-09-17,112,602,Featherweight,155.0,-215.0,0.3649000868809731,8,4,0.41735537190082644,True,0.32685671918573356,True
6694,3,0.46161550283432007,0.0422741174697876,1,1903,2022-10-01,155,2431,Strawweight,200.0,-290.0,0.30952380952380953,8,9,0.46060606060606063,True,0.27038681651404695,True
6695,3,0.37483400106430054,0.11241579055786133,1,1908,2022-10-01,4346,2683,Catch Weight,150.0,-195.0,0.37699680511182115,1,3,0.3522727272727273,True,0.3335898279378055,True
6696,3,0.5458009243011475,0.06483620405197144,1,1904,2022-10-01,1933,1776,Welterweight,-350.0,250.0,0.7313432835820896,13,25,0.5384615384615384,True,0.7584903383190027,True
6697,3,0.5200839042663574,0.06540489196777344,1,1905,2022-10-01,3499,4408,Bantamweight,-260.0,200.0,0.6842105263157895,7,4,0.46794871794871795,True,0.7000448015240592,True
6698,3,0.6775454878807068,0.011617302894592285,1,1906,2022-10-01,4489,3253,Featherweight,-1250.0,600.0,0.8663366336633663,6,0,0.6575342465753424,True,0.9011553540830196,True
6699,3,0.3973219394683838,0.06081044673919678,0,1909,2022-10-01,1346,1644,Heavyweight,143.0,-210.0,0.3779105205412654,16,14,0.38461538461538464,True,0.3379795016613865,True
6700,3,0.4428732097148895,0.057105302810668945,0,1910,2022-10-01,4535,1169,Lightweight,103.0,-143.0,0.45566202253933136,5,7,0.41735537190082644,True,0.42955852232562997,True
6701,3,0.516339123249054,0.057036757469177246,0,1911,2022-10-01,4910,2789,Middleweight,-125.0,-100.0,0.5263157894736842,16,9,0.46794871794871795,True,0.5172113659847294,True
6702,3,0.49223393201828003,0.018471837043762207,0,1912,2022-10-01,1024,4124,Catch Weight,-133.0,-100.0,0.533066132264529,5,0,0.46060606060606063,True,0.5242934110671036,True
6703,3,0.3806259036064148,0.007976651191711426,0,1907,2022-10-01,1269,4379,Lightweight,150.0,-190.0,0.3790849673202614,2,3,0.3522727272727273,True,0.33589569547945264,True
6704,3,0.33964207768440247,0.03040379285812378,1,1913,2022-10-01,856,1793,Bantamweight,235.0,-333.0,0.279616415356301,8,5,0.3333333333333333,True,0.22813334215903444,True
6705,3,0.5720049142837524,0.0843813419342041,1,1897,2022-10-15,1980,4924,Bantamweight,-167.0,122.0,0.5813340859911562,2,8,0.6145454545454545,True,0.5971359143104151,True
6706,3,0.4982672333717346,0.003172755241394043,1,1895,2022-10-15,645,3717,Bantamweight,300.0,-455.0,0.23368421052631577,17,1,0.46060606060606063,True,0.19125671082652054,True
6707,3,0.3932797312736511,0.08618307113647461,0,1892,2022-10-15,978,2289,Flyweight,175.0,-250.0,0.3373493975903614,7,9,0.38461538461538464,True,0.29352341315951946,True
6708,3,0.3958098888397217,0.03966045379638672,0,1893,2022-10-15,2154,735,Bantamweight,165.0,-225.0,0.35278154681139756,21,10,0.38461538461538464,True,0.31030212264577367,True
6709,3,0.6169167757034302,0.043436646461486816,1,1894,2022-10-15,2777,2443,Middleweight,-227.0,170.0,0.6520906479412704,5,5,0.6428571428571429,True,0.6805991943996672,True
6710,3,0.5590471029281616,0.030232608318328857,1,1899,2022-10-15,977,2937,Featherweight,-465.0,290.0,0.7624553289888585,2,0,0.6145454545454545,True,0.7974634039657879,True
6711,3,0.3613107204437256,0.03903341293334961,0,1900,2022-10-15,3248,3821,Strawweight,135.0,-180.0,0.3982930298719772,5,1,0.3389830508474576,True,0.355769503424944,True
6712,3,0.3294842839241028,0.05839204788208008,0,1901,2022-10-15,3659,17,Flyweight,198.0,-305.0,0.3082426364259076,2,1,0.3333333333333333,True,0.2576987246619078,True
6713,3,0.4266549050807953,0.051096439361572266,1,1898,2022-10-15,3195,2991,Middleweight,110.0,-140.0,0.449438202247191,4,3,0.41735537190082644,True,0.4223966008157746,True
6714,3,0.4940084218978882,0.048043906688690186,0,1902,2022-10-15,413,3805,Welterweight,475.0,-800.0,0.16363636363636366,3,1,0.46060606060606063,True,0.12354344784541062,True
6715,3,0.424800843000412,0.04940372705459595,0,1896,2022-10-15,4685,2559,Light Heavyweight,160.0,-225.0,0.3571428571428572,12,8,0.41735537190082644,True,0.3182894630091942,True
6716,3,0.39669644832611084,0.0013117790222167969,0,1880,2022-10-22,4242,4117,Lightweight,140.0,-245.0,0.3697749196141479,30,12,0.38461538461538464,True,0.32897289138783997,True
6717,3,0.6126793026924133,0.015912652015686035,1,1881,2022-10-22,1738,3449,Bantamweight,-190.0,130.0,0.6011004126547456,16,17,0.6428571428571429,True,0.6229608258820185,True
6718,3,0.4635884165763855,0.039040327072143555,0,1882,2022-10-22,362,252,Bantamweight,-435.0,200.0,0.7092391304347826,10,9,0.46060606060606063,True,0.7275959236094807,True
6719,3,0.5274763107299805,0.06796306371688843,1,1883,2022-10-22,4002,102,Lightweight,170.0,-275.0,0.33557046979865773,20,5,0.46794871794871795,True,0.29934707405525546,True
6720,3,0.58837890625,0.009615898132324219,1,1884,2022-10-22,2872,2802,Flyweight,,,,4,15,0.6145454545454545,True,0.6145454545454545,False
6721,3,0.46594130992889404,0.058129072189331055,1,1885,2022-10-22,2843,2792,Welterweight,-100.0,-152.0,0.4532374100719424,16,5,0.46060606060606063,True,0.43145643054208704,True
6722,3,0.6099833250045776,0.0627894401550293,1,1886,2022-10-22,973,640,Middleweight,-232.0,170.0,0.6535893155258764,2,4,0.6428571428571429,True,0.6822728294437785,True
6723,3,0.5813901424407959,0.00210648775100708,1,1887,2022-10-22,3146,589,Light Heavyweight,-195.0,143.0,0.6163100734863758,16,11,0.6145454545454545,True,0.6372337069431576,True
6724,3,0.49336326122283936,0.010590791702270508,0,1888,2022-10-22,4423,1173,Welterweight,115.0,-175.0,0.4222648752399232,1,2,0.46060606060606063,True,0.3958749676990879,True
6725,3,0.3992014527320862,0.017426609992980957,0,1889,2022-10-22,2199,1724,Middleweight,160.0,-225.0,0.3571428571428572,1,2,0.38461538461538464,True,0.3150750348099478,True
6726,3,0.6814571022987366,0.02976095676422119,1,1890,2022-10-22,2922,1449,Flyweight,-1500.0,700.0,0.8823529411764706,2,4,0.6575342465753424,True,0.9153126533842086,True
6727,3,0.6880841255187988,0.021702468395233154,1,1891,2022-10-22,3698,495,Bantamweight,-430.0,250.0,0.7395577395577396,5,9,0.6575342465753424,True,0.7769390116174142,True
6728,3,0.5360553860664368,0.03232467174530029,1,1874,2022-10-29,3243,3668,Middleweight,130.0,-188.0,0.39977790116601886,5,5,0.46794871794871795,True,0.37103238391496046,True
6729,3,0.24856695532798767,0.06284856796264648,0,1869,2022-10-29,781,1034,Featherweight,-109.0,-135.0,0.47584989782649073,11,9,0.2631578947368421,True,0.43416919316752434,True
6730,3,0.4574097692966461,0.02362346649169922,1,1870,2022-10-29,3728,4115,Welterweight,-200.0,150.0,0.625,13,25,0.46060606060606063,True,0.6314397700868745,True
6731,3,0.443270206451416,0.03615283966064453,0,1871,2022-10-29,376,4755,Heavyweight,,,,6,0,0.41735537190082644,True,0.41735537190082644,False
6732,3,0.47513964772224426,0.12277603149414062,1,1872,2022-10-29,4561,1945,Middleweight,134.0,-175.0,0.4017531044558072,2,1,0.46060606060606063,True,0.37252099006466466,True
6733,3,0.6203588247299194,0.14684522151947021,1,1875,2022-10-29,2134,1289,Heavyweight,-275.0,200.0,0.6875,14,38,0.6428571428571429,True,0.719771055625519,True
6734,3,0.4422508478164673,0.03938090801239014,1,1876,2022-10-29,4748,3321,Middleweight,-235.0,170.0,0.6544610624033007,6,2,0.41735537190082644,True,0.6611346404213615,True
6735,3,0.4626418352127075,0.028975486755371094,1,1877,2022-10-29,3846,1993,Featherweight,240.0,-357.0,0.2735216662676562,3,5,0.46060606060606063,True,0.23217098322223167,True
6736,3,0.4758567810058594,0.04690563678741455,0,1878,2022-10-29,3183,2844,Flyweight,-175.0,130.0,0.5940959409594095,0,5,0.46060606060606063,True,0.5955465602108018,True
6737,3,0.48348212242126465,0.027861595153808594,0,1879,2022-10-29,4563,4157,Bantamweight,300.0,-455.0,0.23368421052631577,0,1,0.46060606060606063,True,0.19125671082652054,True
6738,3,0.5740532875061035,0.018010616302490234,0,1873,2022-10-29,146,4279,Light Heavyweight,-189.0,138.0,0.6088357109986194,9,12,0.6145454545454545,True,0.6287031422876596,True
6739,3,0.46305736899375916,0.08823871612548828,0,1861,2022-11-05,3160,280,Flyweight,180.0,-260.0,0.3308823529411765,4,3,0.46060606060606063,True,0.2935455137291593,True
6740,3,0.4010407626628876,0.03990894556045532,1,1858,2022-11-05,811,2206,Strawweight,180.0,-262.0,0.33041255932822194,8,9,0.38461538461538464,True,0.28603923154576283,True
6741,3,0.6654671430587769,0.08950591087341309,1,1863,2022-11-05,3874,1589,Flyweight,-1100.0,500.0,0.8461538461538461,5,3,0.6428571428571429,True,0.8820150392167702,True
6742,3,0.6180146932601929,0.03209185600280762,1,1860,2022-11-05,1327,4618,Featherweight,-450.0,240.0,0.7355769230769231,3,5,0.6428571428571429,True,0.7715188421184356,True
6743,3,0.6268373131752014,0.052371978759765625,1,1862,2022-11-05,1092,258,Lightweight,-227.0,170.0,0.6520906479412704,7,4,0.6428571428571429,True,0.6805991943996672,True
6744,3,0.3579487204551697,0.041420936584472656,0,1868,2022-11-05,3459,955,Bantamweight,-115.0,-139.0,0.47908314450061,2,0,0.3389830508474576,True,0.44760794991900016,True
6745,3,0.6619293689727783,0.024813413619995117,1,1864,2022-11-05,777,4012,Bantamweight,-458.0,250.0,0.7417862100879222,6,3,0.6428571428571429,True,0.7780628949449464,True
6746,3,0.2955441474914551,0.0005501508712768555,0,1866,2022-11-05,3462,1315,Bantamweight,200.0,-270.0,0.3135593220338983,1,3,0.2631578947368421,True,0.2562250224027682,True
6747,3,0.3906738758087158,0.02245628833770752,0,1867,2022-11-05,862,129,Flyweight,210.0,-280.0,0.30448717948717946,1,1,0.38461538461538464,True,0.25840769946620074,True
6748,3,0.5524656772613525,0.050479888916015625,1,1859,2022-11-05,1143,4230,Welterweight,-125.0,-110.0,0.5147058823529411,27,8,0.5833333333333334,True,0.5163121448294439,True
6749,3,0.41422176361083984,0.0037598609924316406,0,1865,2022-11-05,2544,1884,Strawweight,110.0,-150.0,0.4424778761061947,5,7,0.41735537190082644,True,0.41440421582329756,True
6750,3,0.429965078830719,0.025900721549987793,1,1844,2022-11-12,2749,553,Middleweight,175.0,-715.0,0.2930337078651686,3,13,0.41735537190082644,True,0.24914953358515293,True
6751,3,0.39807868003845215,0.002895355224609375,1,1845,2022-11-12,82,940,Strawweight,,,,8,14,0.38461538461538464,True,0.38461538461538464,False
6752,3,0.7024838924407959,0.01894521713256836,1,1846,2022-11-12,1820,646,Lightweight,,,,27,4,0.6575342465753424,True,0.6575342465753424,False
6753,3,0.6497573256492615,0.021998286247253418,1,1847,2022-11-12,4736,370,Bantamweight,-255.0,175.0,0.663905325443787,8,29,0.6428571428571429,True,0.6937571878184591,True
6754,3,0.5770580768585205,0.0622706413269043,0,1848,2022-11-12,641,656,Lightweight,128.0,-163.0,0.4144081684104374,6,19,0.6145454545454545,True,0.4031600263529931,True
6755,3,0.48739221692085266,0.012809932231903076,0,1849,2022-11-12,2467,1285,Lightweight,-105.0,-152.0,0.45921555015619575,6,13,0.46060606060606063,True,0.4383612533658681,True
6756,3,0.5689979791641235,0.04713153839111328,1,1850,2022-11-12,1191,3786,Light Heavyweight,165.0,-230.0,0.351250665247472,8,9,0.6145454545454545,True,0.33081074194508553,True
6757,3,0.32165616750717163,0.02979743480682373,0,1851,2022-11-12,2701,1224,Flyweight,300.0,-450.0,0.23404255319148934,9,3,0.3333333333333333,True,0.18274806525299506,True
6758,3,0.577115535736084,0.06519448757171631,1,1852,2022-11-12,4822,1577,Middleweight,-205.0,145.0,0.6221740476927841,3,6,0.6145454545454545,True,0.6439099187968591,True
6759,3,0.6117738485336304,0.09079384803771973,0,1853,2022-11-12,1300,868,Lightweight,-180.0,130.0,0.5965417867435159,2,7,0.6428571428571429,True,0.6177502547858211,True
6760,3,0.5007359981536865,0.0005850791931152344,1,1854,2022-11-12,2827,2951,Strawweight,-110.0,-125.0,0.48529411764705876,13,3,0.46060606060606063,True,0.4685941015242711,True
6761,3,0.455295205116272,0.027930498123168945,1,1855,2022-11-12,787,1258,Featherweight,140.0,-200.0,0.38461538461538464,6,7,0.46060606060606063,True,0.35316078887050917,True
6762,3,0.43061453104019165,0.03557467460632324,0,1856,2022-11-12,1615,497,Bantamweight,162.0,-210.0,0.3603813066728668,8,7,0.41735537190082644,True,0.3218613166977368,True
6763,3,0.5147775411605835,0.036615610122680664,0,1857,2022-11-12,3804,357,Light Heavyweight,-100.0,-140.0,0.46153846153846145,5,3,0.46794871794871795,True,0.4418400209000597,True
6764,3,0.358343243598938,0.06812930107116699,0,1837,2022-11-19,663,3787,Flyweight,130.0,-180.0,0.4034582132564841,5,1,0.3389830508474576,True,0.3615370990824884,True
6765,3,0.5428835153579712,0.05062568187713623,1,1833,2022-11-19,1366,673,Light Heavyweight,-200.0,140.0,0.6153846153846154,7,13,0.5,True,0.6243384287540995,True
6766,3,0.33382248878479004,0.03062140941619873,0,1834,2022-11-19,4209,4755,Heavyweight,,,,13,1,0.3333333333333333,True,0.3333333333333333,False
6767,3,0.4376659393310547,0.04993414878845215,0,1835,2022-11-19,2041,3136,Welterweight,-115.0,-118.0,0.4970261697065821,4,7,0.41735537190082644,True,0.47746569521347504,True
6768,3,0.3624168634414673,0.038168907165527344,0,1836,2022-11-19,2552,1001,Welterweight,440.0,-1430.0,0.16536964980544747,12,2,0.3389830508474576,True,0.11918839180964438,True
6769,3,0.6253583431243896,0.013141751289367676,0,1838,2022-11-19,3303,697,Flyweight,-200.0,130.0,0.6052631578947368,9,9,0.6428571428571429,True,0.6277115997069523,True
6770,3,0.421236515045166,0.07659661769866943,0,1840,2022-11-19,2177,2119,Bantamweight,130.0,-201.0,0.394340364208044,2,2,0.41735537190082644,True,0.35970801910032296,True
6771,3,0.5566815137863159,0.050307512283325195,0,1841,2022-11-19,3468,2745,Strawweight,-115.0,-120.0,0.4951076320939334,2,3,0.6145454545454545,True,0.4970027453222956,True
6772,3,0.4316445589065552,0.09886324405670166,0,1842,2022-11-19,3741,3996,Bantamweight,143.0,-200.0,0.3816793893129771,1,1,0.41735537190082644,True,0.3455175091300543,True
6773,3,0.5420058965682983,0.01815342903137207,1,1843,2022-11-19,2840,3584,Flyweight,-175.0,130.0,0.5940959409594095,1,0,0.5,True,0.5996828448558598,True
6774,3,0.6739779710769653,0.01126331090927124,1,1839,2022-11-19,4393,1342,Bantamweight,-175.0,138.0,0.6023138105567607,5,7,0.6575342465753424,True,0.6259938026092029,True
6775,3,0.44930678606033325,0.07212972640991211,1,1824,2022-12-03,1141,3882,Middleweight,175.0,-260.0,0.33488372093023255,14,6,0.42105263157894735,True,0.29427578935360776,True
6776,3,0.45684611797332764,0.03977370262145996,0,1825,2022-12-03,2863,1636,Welterweight,-139.0,-125.0,0.5114472608340147,14,3,0.46060606060606063,True,0.49905256851500635,True
6777,3,0.5837163925170898,0.09136354923248291,1,1820,2022-12-03,4507,3318,Welterweight,-500.0,310.0,0.7735849056603774,32,15,0.6145454545454545,True,0.8089742777288493,True
6778,3,0.6180214285850525,0.07012784481048584,1,1821,2022-12-03,844,814,Flyweight,-410.0,300.0,0.7627906976744186,7,11,0.6428571428571429,True,0.799935587121608,True
6779,3,0.47209542989730835,0.0028009414672851562,0,1822,2022-12-03,4548,1488,Heavyweight,145.0,-220.0,0.37252619324796277,12,5,0.46060606060606063,True,0.33959663559939574,True
6780,3,0.5139045119285583,0.07903397083282471,1,1823,2022-12-03,3243,4468,Middleweight,160.0,-230.0,0.3556034482758621,6,15,0.46794871794871795,True,0.32145144498049627,True
6781,3,0.7029566764831543,0.06792378425598145,0,1819,2022-12-03,1889,3732,Welterweight,-200.0,140.0,0.6153846153846154,16,18,0.6575342465753424,True,0.6408519281116974,True
6782,3,0.4263078570365906,0.03995490074157715,1,1827,2022-12-03,2215,1472,Lightweight,143.0,-233.0,0.370333299969973,33,12,0.41735537190082644,True,0.3328802242896118,True
6783,3,0.40065088868141174,0.07968717813491821,1,1828,2022-12-03,4421,785,Lightweight,220.0,-405.0,0.280399777901166,26,12,0.38461538461538464,True,0.2332511680293436,True
6784,3,0.37139126658439636,0.11964529752731323,0,1829,2022-12-03,4399,2639,Featherweight,350.0,-625.0,0.2049469964664311,26,5,0.3522727272727273,True,0.1561805373132568,True
6785,3,0.6883593797683716,0.007307827472686768,1,1830,2022-12-03,2944,168,Lightweight,-260.0,160.0,0.6525096525096524,2,1,0.6575342465753424,True,0.6825924009414605,True
6786,3,0.6372071504592896,0.03318202495574951,1,1831,2022-12-03,4537,3566,Featherweight,-200.0,135.0,0.6103896103896104,0,2,0.6428571428571429,True,0.6335522689511606,True
6787,3,0.6410085558891296,0.035910964012145996,1,1832,2022-12-03,712,4942,Strawweight,-360.0,260.0,0.7380410022779044,1,2,0.6428571428571429,True,0.7741198821543236,True
6788,3,0.3138161301612854,0.08517444133758545,1,1826,2022-12-03,1021,3573,Strawweight,110.0,-160.0,0.43624161073825496,21,1,0.33146065481784415,True,0.3976208617957656,True
6789,3,0.5070751905441284,0.10413169860839844,0,1811,2022-12-10,4747,1809,Featherweight,,,,6,4,0.46060606060606063,True,0.46060606060606063,False
6790,3,0.4761916697025299,0.004132270812988281,1,1808,2022-12-10,1943,1823,Lightweight,-275.0,200.0,0.6875,3,11,0.46060606060606063,True,0.7030983873043074,True
6791,3,0.37750688195228577,0.05218404531478882,1,1809,2022-12-10,1392,4709,Catch Weight,-175.0,122.0,0.5855312735493595,15,16,0.3522727272727273,True,0.5735917396045279,True
6792,3,0.49288704991340637,0.017815828323364258,1,1810,2022-12-10,1534,4375,Middleweight,-220.0,145.0,0.6274738067520372,3,11,0.46060606060606063,True,0.6343028557476862,True
6793,3,0.6375749111175537,0.03244650363922119,1,1812,2022-12-10,3285,907,Bantamweight,-300.0,195.0,0.688715953307393,0,2,0.6428571428571429,True,0.7211015179565605,True
6794,3,0.5343108773231506,0.025258183479309082,0,1813,2022-12-10,2720,1045,Heavyweight,140.0,-186.0,0.39049699617695255,6,10,0.46794871794871795,True,0.36052948799354473,True
6795,3,0.33512353897094727,0.03161048889160156,1,1815,2022-12-10,1918,3557,Middleweight,130.0,-190.0,0.3988995873452545,4,8,0.3333333333333333,True,0.355813555822699,True
6796,3,0.3511675000190735,0.06737709045410156,1,1816,2022-12-10,32,1205,Featherweight,-185.0,138.0,0.6070591479387839,6,9,0.3389830508474576,True,0.5973427427042576,True
6797,3,0.5203582048416138,0.012325525283813477,1,1817,2022-12-10,3369,2697,Featherweight,-120.0,-125.0,0.4954128440366972,5,0,0.46794871794871795,True,0.4811680563435914,True
6798,3,0.4449566602706909,0.045107245445251465,0,1818,2022-12-10,4256,274,Bantamweight,238.0,-351.0,0.27544003224663793,0,0,0.41735537190082644,True,0.23076354186171313,True
6799,3,0.5870410203933716,0.12231385707855225,1,1814,2022-12-10,3888,4053,Middleweight,-351.0,245.0,0.7286320286410543,7,6,0.6145454545454545,True,0.7617691787124634,True
6800,3,0.4969449043273926,0.0501173734664917,0,1798,2022-12-17,681,4219,Lightweight,,,,19,19,0.46060606060606063,True,0.46060606060606063,False
6801,3,0.5567396283149719,0.043819308280944824,1,1799,2022-12-17,1800,1064,Middleweight,-290.0,195.0,0.6868727418707347,9,3,0.6145454545454545,True,0.7164068435144609,True
6802,3,0.4748573303222656,0.03994441032409668,0,1795,2022-12-17,3004,1482,Lightweight,155.0,-220.0,0.36322360953461974,5,7,0.46060606060606063,True,0.3292154819188992,True
6803,3,0.5826383233070374,0.025745749473571777,1,1796,2022-12-17,2023,3596,Flyweight,-525.0,333.0,0.7843526265850083,3,0,0.6145454545454545,True,0.819990942912525,True
6804,3,0.3586641550064087,0.03188371658325195,0,1797,2022-12-17,3697,16,Featherweight,-180.0,140.0,0.6067415730337079,11,26,0.3389830508474576,True,0.5969693883819795,True
6805,3,0.5844299793243408,0.055979371070861816,0,1805,2022-12-17,1196,153,Flyweight,172.0,-250.0,0.3398058252427184,4,4,0.6145454545454545,True,0.31787996177193123,True
6806,3,0.6892352104187012,0.08502793312072754,0,1794,2022-12-17,2975,774,Middleweight,-110.0,-125.0,0.48529411764705876,16,14,0.6575342465753424,True,0.4906189548235304,True
6807,3,0.4768284559249878,0.04703199863433838,1,1802,2022-12-17,4228,465,Bantamweight,-112.0,-118.0,0.4939310568053083,6,2,0.46060606060606063,True,0.47864032584892013,True
6808,3,0.42782101035118103,0.11828607320785522,1,1803,2022-12-17,4756,5027,Lightweight,-165.0,110.0,0.5666394112837285,5,1,0.41735537190082644,True,0.5588058314606846,True
6809,3,0.4811343252658844,0.10082817077636719,0,1804,2022-12-17,3533,180,Welterweight,120.0,-160.0,0.4248366013071895,3,1,0.46060606060606063,True,0.39881576264142266,True
6810,3,0.5412851572036743,0.021799325942993164,1,1806,2022-12-17,2677,1497,Bantamweight,-350.0,235.0,0.7226502311248075,4,4,0.5,True,0.7458420523807126,True
6811,3,0.658567488193512,0.06934154033660889,0,1801,2022-12-17,2938,1056,Welterweight,-333.0,225.0,0.714238574492658,16,6,0.6428571428571429,True,0.7487771470917698,True
6812,3,0.4815604090690613,0.056677937507629395,0,1800,2022-12-17,1126,3487,Strawweight,-200.0,154.0,0.6287128712871286,3,3,0.46060606060606063,True,0.6357362403698664,True
6813,3,0.4439725875854492,0.0005608797073364258,1,1783,2023-01-14,2975,437,Light Heavyweight,108.0,-140.0,0.45180722891566266,17,5,0.41735537190082644,True,0.42512105330701444,True
6814,3,0.5684968829154968,0.06604254245758057,0,1784,2023-01-14,112,123,Featherweight,108.0,-140.0,0.45180722891566266,9,12,0.6145454545454545,True,0.44654795105171063,True
6815,3,0.43930819630622864,0.01120901107788086,1,1785,2023-01-14,4920,626,Middleweight,117.0,-162.0,0.427030022492421,3,5,0.41735537190082644,True,0.3967353895760792,True
6816,3,0.4590958058834076,0.05443549156188965,0,1786,2023-01-14,3102,4933,Bantamweight,-155.0,102.0,0.5511353634923428,9,16,0.46060606060606063,True,0.5454072854824031,True
6817,3,0.3305090665817261,0.030449867248535156,0,1787,2023-01-14,3499,3465,Bantamweight,550.0,-1050.0,0.14420062695924765,8,3,0.3333333333333333,True,0.10048882666025252,True
6818,3,0.553898811340332,0.01504051685333252,1,1788,2023-01-14,1167,5058,Bantamweight,-410.0,265.0,0.7458260652878146,2,0,0.6058489474901688,True,0.7793585032362248,True
6819,3,0.5704248547554016,0.030757904052734375,0,1789,2023-01-14,2333,4237,Middleweight,-114.0,-120.0,0.4940898345153664,0,10,0.6145454545454545,True,0.49581599318769304,True
6820,3,0.5735585689544678,0.07345151901245117,0,1790,2023-01-14,1411,4506,Lightweight,,,,0,0,0.6145454545454545,True,0.6145454545454545,False
6821,3,0.4991377890110016,0.06455540657043457,1,1791,2023-01-14,4856,3045,Flyweight,-425.0,250.0,0.7391304347826086,2,1,0.46060606060606063,True,0.7608000604758397,True
6822,3,0.427706241607666,0.05794084072113037,1,1792,2023-01-14,1866,2077,Featherweight,-560.0,400.0,0.8092485549132947,1,0,0.41735537190082644,True,0.8332153712954363,True
6823,3,0.6322895288467407,0.06583666801452637,1,1793,2023-01-14,3787,3619,Flyweight,-375.0,250.0,0.7342657342657342,2,1,0.6428571428571429,True,0.7701325917156521,True
6824,3,0.4959310293197632,0.06503033638000488,0,1768,2023-01-21,1552,3975,Light Heavyweight,-100.0,-145.0,0.45794392523364486,22,7,0.46060606060606063,True,0.4368916220683608,True
6825,3,0.6178874373435974,0.013127326965332031,1,1775,2023-01-21,3519,2583,Lightweight,-460.0,300.0,0.7666666666666666,9,0,0.6428571428571429,True,0.8039251438326863,True
6826,3,0.39833539724349976,0.051206231117248535,1,1770,2023-01-21,3148,1143,Welterweight,-600.0,275.0,0.7627118644067796,18,28,0.38461538461538464,True,0.7807693856391356,True
6827,3,0.30120450258255005,0.02689337730407715,0,1771,2023-01-21,2548,1518,Flyweight,350.0,-660.0,0.2037533512064343,13,21,0.2631578947368421,True,0.14914816126661362,True
6828,3,0.5413080453872681,0.003509044647216797,1,1772,2023-01-21,189,1741,Light Heavyweight,-200.0,145.0,0.6202531645569621,9,14,0.5,True,0.62995981942635,True
6829,3,0.5025217533111572,0.1700063943862915,0,1773,2023-01-21,2597,4368,Light Heavyweight,163.0,-225.0,0.35451322607035723,23,1,0.46060606060606063,True,0.3195422205519565,True
6830,3,0.6353394985198975,0.010957062244415283,0,1774,2023-01-21,1733,5029,Middleweight,-350.0,245.0,0.7285067873303167,5,0,0.6428571428571429,True,0.7640262687828864,True
6831,3,0.5521986484527588,0.045516014099121094,1,1782,2023-01-21,1706,4675,Bantamweight,-100.0,-150.0,0.45454545454545453,0,1,0.5833333333333334,True,0.44623245873313605,True
6832,3,0.5290497541427612,0.010760724544525146,0,1776,2023-01-21,2368,3427,Welterweight,140.0,-190.0,0.38873994638069703,3,0,0.46794871794871795,True,0.35854590093877065,True
6833,3,0.3174961805343628,0.08222723007202148,0,1777,2023-01-21,232,4558,Heavyweight,650.0,-1350.0,0.12526997840172785,10,3,0.3333333333333333,True,0.0846020681511718,True
6834,3,0.558664083480835,0.011767148971557617,1,1778,2023-01-21,1086,186,Bantamweight,-400.0,250.0,0.7368421052631579,11,0,0.6145454545454545,True,0.7705264925347598,True
6835,3,0.3808050751686096,0.01574230194091797,1,1779,2023-01-21,4164,3074,Lightweight,-110.0,-125.0,0.48529411764705876,0,4,0.3522727272727273,True,0.45637730741668625,True
6836,3,0.35809606313705444,0.021364808082580566,1,1780,2023-01-21,531,4071,Welterweight,-150.0,-140.0,0.5070422535211268,9,13,0.3389830508474576,True,0.48003853298325855,True
6837,3,0.28052133321762085,0.05309772491455078,0,1781,2023-01-21,311,2740,Featherweight,390.0,-700.0,0.18912529550827423,2,2,0.2631578947368421,True,0.13594513740351788,True
6838,3,0.3950297236442566,0.08858275413513184,0,1769,2023-01-21,4866,3403,Flyweight,,,,13,13,0.38461538461538464,True,0.38461538461538464,False
6839,3,0.5,0.033704519271850586,1,1762,2023-02-04,1036,2537,Road To UFC 1 Lightweight Tournament,114.0,-170.0,0.4260018933417482,0,0,0.46060606060606063,True,0.40014916207081513,True
6840,3,0.6739518642425537,0.10087352991104126,1,1757,2023-02-04,3278,3901,Heavyweight,-310.0,230.0,0.7138869504535938,9,25,0.6575342465753424,True,0.7497207439537775,True
6841,3,0.6464637517929077,0.014429211616516113,0,1758,2023-02-04,4874,2595,Light Heavyweight,-275.0,200.0,0.6875,6,14,0.6428571428571429,True,0.719771055625519,True
6842,3,0.6453107595443726,0.018904685974121094,1,1759,2023-02-04,3156,1898,Heavyweight,-152.0,115.0,0.5646164478230822,16,6,0.6428571428571429,True,0.5810513622449633,True
6843,3,0.38921329379081726,0.07802271842956543,1,1761,2023-02-04,2690,1708,Welterweight,250.0,-360.0,0.26744186046511625,1,0,0.38461538461538464,True,0.21993995797903507,True
6844,3,0.5370237827301025,0.03293728828430176,0,1764,2023-02-04,2233,438,Road To UFC 1 Bantamweight Tournament,350.0,-625.0,0.2049469964664311,0,0,0.5,True,0.1651250695179783,True
6845,3,0.4912755489349365,0.022062301635742188,1,1763,2023-02-04,4339,4355,Road To UFC 1 Featherweight Tournament,,,,0,0,0.46060606060606063,True,0.46060606060606063,False
6846,3,0.5087244510650635,0.022062301635742188,0,1765,2023-02-04,4078,1152,Road to UFC 1 Flyweight Tournament,,,,0,0,0.46060606060606063,True,0.46060606060606063,False
6847,3,0.3313349485397339,0.03544306755065918,0,1766,2023-02-04,2659,4748,Middleweight,164.0,-235.0,0.35063847603098175,2,7,0.3333333333333333,True,0.30280555020739924,True
6848,3,0.3332374095916748,0.010973095893859863,0,1767,2023-02-04,4967,17,Flyweight,700.0,-1800.0,0.11656441717791413,0,2,0.3333333333333333,True,0.07749176379424566,True
6849,3,0.6213706731796265,0.024569272994995117,0,1749,2023-02-11,1935,979,Light Heavyweight,-250.0,175.0,0.6626506024096386,8,4,0.6428571428571429,True,0.6923637907512126,True
6850,3,0.46100476384162903,0.07842063903808594,0,1745,2023-02-11,4245,1951,Featherweight,150.0,-195.0,0.37699680511182115,11,12,0.46060606060606063,True,0.3446032909589579,True
6851,3,0.5474271774291992,0.03572338819503784,1,1746,2023-02-11,1001,1933,Welterweight,-350.0,250.0,0.7313432835820896,3,14,0.5517241379310345,True,0.7595560781583219,True
6852,3,0.45444685220718384,0.044704318046569824,0,1747,2023-02-11,1539,409,Heavyweight,-105.0,-128.0,0.47708250298923877,5,5,0.46060606060606063,True,0.4590566752462951,True
6853,3,0.547948956489563,0.06750702857971191,0,1755,2023-02-11,4033,1468,Featherweight,-157.0,120.0,0.5733731739707836,5,0,0.5517241379310345,True,0.5811054041082769,True
6854,3,0.6421763896942139,0.04859638214111328,1,1744,2023-02-11,4117,1106,Lightweight,-400.0,275.0,0.75,13,12,0.6428571428571429,True,0.7866657806592856,True
6855,3,0.4912016987800598,0.04005539417266846,0,1751,2023-02-11,783,2842,Flyweight,260.0,-400.0,0.25773195876288657,0,1,0.46060606060606063,True,0.21577003790498706,True
6856,3,0.4683705270290375,0.0402410626411438,0,1752,2023-02-11,1433,3646,Lightweight,210.0,-333.0,0.2955026274483041,0,6,0.46060606060606063,True,0.2553748025614909,True
6857,3,0.5435992479324341,0.01146996021270752,1,1753,2023-02-11,3322,3253,Featherweight,-500.0,310.0,0.7735849056603774,0,1,0.5,True,0.8009984141796499,True
6858,3,0.31985312700271606,0.029089927673339844,0,1754,2023-02-11,825,3984,Strawweight,255.0,-400.0,0.26041666666666663,4,6,0.3333333333333333,True,0.2087481254050689,True
6859,3,0.5381077527999878,0.024544596672058105,0,1756,2023-02-11,2608,2110,Lightweight,-704.0,400.0,0.8140610545790935,8,0,0.5,True,0.843121435017701,True
6860,3,0.5800633430480957,0.06314706802368164,1,1750,2023-02-11,3313,395,Featherweight,-115.0,-115.0,0.5,4,2,0.6145454545454545,True,0.5027069959468927,True
6861,3,0.511815071105957,0.029530763626098633,0,1738,2023-02-18,896,519,Lightweight,163.0,-250.0,0.347394540942928,1,0,0.46794871794871795,True,0.3123622584071425,True
6862,3,0.5912221074104309,0.05511128902435303,1,1733,2023-02-18,1224,1518,Flyweight,-108.0,-130.0,0.47879722436391675,4,22,0.6145454545454545,True,0.4779855976323427,True
6863,3,0.5349123477935791,0.1024099588394165,1,1734,2023-02-18,1632,2443,Light Heavyweight,-295.0,210.0,0.6983581519663994,1,6,0.46794871794871795,True,0.7160219976922346,True
6864,3,0.5455605387687683,0.06979978084564209,1,1735,2023-02-18,5087,4188,Heavyweight,-300.0,195.0,0.688715953307393,0,4,0.5384615384615384,True,0.7115029694179703,True
6865,3,0.5142421722412109,0.03704094886779785,1,1736,2023-02-18,3621,4877,Light Heavyweight,110.0,-142.0,0.4479822288041465,6,6,0.46794871794871795,True,0.42618199080237384,True
6866,3,0.3322319984436035,0.05079960823059082,0,1739,2023-02-18,495,4058,Bantamweight,380.0,-552.0,0.19748000969227045,10,7,0.3333333333333333,True,0.1480148419132913,True
6867,3,0.44501060247421265,0.044951677322387695,1,1740,2023-02-18,1876,2441,Featherweight,130.0,-190.0,0.3988995873452545,3,0,0.41735537190082644,True,0.36483976532659,True
6868,3,0.49462318420410156,0.04350018501281738,0,1741,2023-02-18,172,3669,Light Heavyweight,170.0,-230.0,0.34700315457413244,25,3,0.46060606060606063,True,0.31124016160000606,True
6869,3,0.5081173777580261,0.031247973442077637,1,1742,2023-02-18,1480,3172,Welterweight,-410.0,230.0,0.7262479871175523,2,0,0.46060606060606063,True,0.7465640943242997,True
6870,3,0.5426238775253296,0.018811464309692383,1,1743,2023-02-18,2629,2327,Flyweight,-425.0,250.0,0.7391304347826086,0,1,0.5,True,0.7639162731270158,True
6871,3,0.4909783601760864,0.14852213859558105,1,1737,2023-02-18,1205,2795,Lightweight,-235.0,170.0,0.6544610624033007,10,40,0.46060606060606063,True,0.6654101454096899,True
6872,3,0.4254736304283142,0.030901432037353516,0,1727,2023-02-25,3822,3513,Lightweight,160.0,-290.0,0.34090909090909094,2,0,0.41735537190082644,True,0.3004912531984112,True
6873,3,0.49763667583465576,0.09999477863311768,0,1723,2023-02-25,1732,2789,Middleweight,-250.0,175.0,0.6626506024096386,5,10,0.46060606060606063,True,0.6747972292731134,True
6874,3,0.42850756645202637,0.0321277379989624,1,1724,2023-02-25,482,3906,Heavyweight,-135.0,-115.0,0.5178412132024979,8,5,0.41735537190082644,True,0.5017280549700823,True
6875,3,0.6163511276245117,0.14342904090881348,1,1725,2023-02-25,2250,3739,Flyweight,-950.0,500.0,0.8444444444444444,5,9,0.6428571428571429,True,0.8804197284321087,True
6876,3,0.4830905795097351,0.0341181755065918,1,1726,2023-02-25,5072,469,Welterweight,-250.0,170.0,0.6585365853658537,1,2,0.46060606060606063,True,0.6700850253555436,True
6877,3,0.6422984600067139,0.0185391902923584,1,1729,2023-02-25,3578,2941,Lightweight,-145.0,-115.0,0.525273799494524,5,0,0.6428571428571429,True,0.5354440768487374,True
6878,3,0.4110774099826813,0.010251820087432861,1,1730,2023-02-25,2781,3787,Catch Weight,130.0,-185.0,0.40112596762843067,6,3,0.41735537190082644,True,0.3673497513185509,True
6879,3,0.33593305945396423,0.023940622806549072,0,1731,2023-02-25,695,3463,Lightweight,400.0,-950.0,0.1810344827586207,0,5,0.3333333333333333,True,0.13293144353173805,True
6880,3,0.40753310918807983,0.036467790603637695,0,1732,2023-02-25,2096,2302,Lightweight,150.0,-200.0,0.375,3,0,0.41735537190082644,True,0.3380685863577598,True
6881,3,0.5586023330688477,0.010062456130981445,0,1728,2023-02-25,3529,1209,Flyweight,-132.0,-103.0,0.528604118993135,0,2,0.6145454545454545,True,0.5360311511812351,True
6882,3,0.6123775839805603,0.050954461097717285,1,1715,2023-03-04,1534,3998,Middleweight,-250.0,175.0,0.6626506024096386,4,20,0.6428571428571429,True,0.6923637907512126,True
6883,3,0.5377110242843628,0.10028457641601562,1,1709,2023-03-04,3839,3477,Heavyweight,-186.0,123.0,0.5918833300037101,22,9,0.5,True,0.5971141745317172,True
6884,3,0.4152172803878784,0.07918083667755127,1,1710,2023-03-04,2289,5097,Flyweight,450.0,-1200.0,0.16455696202531644,10,14,0.41735537190082644,True,0.1223230919077954,True
6885,3,0.4056427478790283,0.07588684558868408,0,1711,2023-03-04,3080,245,Welterweight,333.0,-560.0,0.21395228215767634,9,4,0.38461538461538464,True,0.16681647855149334,True
6886,3,0.5764185190200806,0.002362668514251709,0,1712,2023-03-04,3931,102,Lightweight,150.0,-225.0,0.3661971830985915,8,6,0.6145454545454545,True,0.3477921388839005,True
6887,3,0.5895735621452332,0.05095565319061279,1,1713,2023-03-04,4720,4692,Middleweight,-2500.0,850.0,0.9013282732447818,0,6,0.6145454545454545,True,0.9302110401698342,True
6888,3,0.3578502833843231,0.08769208192825317,0,1714,2023-03-04,4408,4633,Bantamweight,140.0,-195.0,0.38663171690694625,5,12,0.3389830508474576,True,0.3428094391296441,True
6889,3,0.48592042922973633,0.05960798263549805,0,1717,2023-03-04,4434,1147,Middleweight,105.0,-165.0,0.4392871943638624,5,9,0.46060606060606063,True,0.41538789065312914,True
6890,3,0.318617045879364,0.021525263786315918,0,1718,2023-03-04,3484,240,Welterweight,,,,6,3,0.3333333333333333,True,0.3333333333333333,False
6891,3,0.6881616115570068,0.09076797962188721,1,1719,2023-03-04,274,1980,Bantamweight,-300.0,205.0,0.6958174904942966,1,3,0.6575342465753424,True,0.7302379563056248,True
6892,3,0.6950797438621521,0.09697902202606201,1,1720,2023-03-04,3825,3526,Strawweight,-380.0,195.0,0.7001873828856965,3,7,0.6575342465753424,True,0.7349727443353059,True
6893,3,0.4584031105041504,0.0074651241302490234,0,1721,2023-03-04,2143,1683,Bantamweight,330.0,-500.0,0.21818181818181814,1,0,0.46060606060606063,True,0.175773770965786,True
6894,3,0.5644037127494812,0.010100483894348145,0,1722,2023-03-04,3871,579,Lightweight,165.0,-250.0,0.34567901234567905,0,0,0.6145454545454545,True,0.3245074665816047,True
6895,3,0.3627297282218933,0.05787086486816406,0,1716,2023-03-04,978,1693,Flyweight,-115.0,-138.0,0.4798387096774193,8,7,0.3389830508474576,True,0.4484808427344274,True
6896,3,0.30381935834884644,0.10458111763000488,0,1700,2023-03-11,856,777,Bantamweight,600.0,-1200.0,0.13402061855670103,9,7,0.32142857142857145,True,0.09138489322462837,True
6897,3,0.6123546957969666,0.003362298011779785,1,1696,2023-03-11,4284,362,Bantamweight,200.0,-286.0,0.3102893890675241,10,11,0.6428571428571429,True,0.28756147218963723,True
6898,3,0.49125510454177856,0.0119704008102417,0,1697,2023-03-11,3047,2905,Heavyweight,-163.0,130.0,0.5877096723624392,6,13,0.46060606060606063,True,0.5881058944636327,True
6899,3,0.5203133225440979,0.007935404777526855,1,1698,2023-03-11,3146,1191,Catch Weight,-175.0,131.0,0.5951417004048584,17,9,0.46794871794871795,True,0.5975379770267265,True
6900,3,0.4913371205329895,0.007290244102478027,0,1699,2023-03-11,4228,735,Bantamweight,-260.0,180.0,0.6691176470588236,7,11,0.46060606060606063,True,0.6821900744061984,True
6901,3,0.5163747072219849,0.12096428871154785,0,1708,2023-03-11,4263,2694,Welterweight,240.0,-400.0,0.26881720430107525,4,3,0.46794871794871795,True,0.22782546015891947,True
6902,3,0.5267802476882935,0.018432140350341797,1,1701,2023-03-11,1207,4729,Light Heavyweight,-120.0,-115.0,0.5048923679060665,0,1,0.46794871794871795,True,0.4922125136641902,True
6903,3,0.5736702680587769,0.01832747459411621,0,1704,2023-03-11,2673,1945,Middleweight,-250.0,160.0,0.6499999999999999,0,2,0.6145454545454545,True,0.6753713958400477,True
6904,3,0.6353906393051147,0.046648621559143066,0,1705,2023-03-11,2131,3717,Bantamweight,120.0,-155.0,0.4278523489932886,7,2,0.6428571428571429,True,0.42194474748859045,True
6905,3,0.6556759476661682,0.04759347438812256,0,1706,2023-03-11,3534,510,Flyweight,,,,11,8,0.6428571428571429,True,0.6428571428571429,False
6906,3,0.527238130569458,0.02635478973388672,1,1707,2023-03-11,1276,136,Flyweight,-195.0,145.0,0.6182465221611129,5,6,0.46794871794871795,True,0.624369565786534,True
6907,3,0.4148380756378174,0.03787541389465332,1,1703,2023-03-11,2649,645,Bantamweight,-150.0,110.0,0.5575221238938053,10,18,0.41735537190082644,True,0.5481329015430841,True
6908,3,0.4981781244277954,0.00201261043548584,0,1702,2023-03-11,707,1331,Heavyweight,175.0,-260.0,0.33488372093023255,1,0,0.46060606060606063,True,0.29792094103167294,True
6909,3,0.5527646541595459,0.06993317604064941,1,1687,2023-03-18,1133,1275,Lightweight,-115.0,-115.0,0.5,0,6,0.5833333333333334,True,0.4991670434450175,True
6910,3,0.5533373951911926,0.05339515209197998,0,1681,2023-03-18,392,169,Welterweight,-280.0,195.0,0.6849087893864012,16,15,0.5833333333333334,True,0.7113437530809519,True
6911,3,0.3671170473098755,0.14479565620422363,1,1682,2023-03-18,415,4050,Lightweight,175.0,-262.0,0.33441108545034637,10,7,0.3522727272727273,True,0.2872374521930021,True
6912,3,0.30425214767456055,0.031099796295166016,1,1684,2023-03-18,697,208,Flyweight,120.0,-190.0,0.4096045197740113,10,4,0.32142857142857145,True,0.366411276789921,True
6913,3,0.5700781941413879,0.02116549015045166,1,1685,2023-03-18,3725,3243,Middleweight,-715.0,188.0,0.7164428362674832,13,7,0.6145454545454545,True,0.7486651239947675,True
6914,3,0.6671984791755676,0.07424318790435791,1,1686,2023-03-18,4168,4172,Featherweight,-660.0,350.0,0.7962466487935658,6,13,0.6428571428571429,True,0.8338549292816309,True
6915,3,0.39514386653900146,0.03387928009033203,0,1692,2023-03-18,1449,129,Flyweight,255.0,-550.0,0.24975984630163306,5,2,0.38461538461538464,True,0.20204265056360082,True
6916,3,0.3552975058555603,0.09390914440155029,0,1683,2023-03-18,3318,3373,Welterweight,300.0,-420.0,0.23636363636363636,16,14,0.3389830508474576,True,0.18542189690774188,True
6917,3,0.333410382270813,0.021123170852661133,0,1689,2023-03-18,2497,2922,Flyweight,550.0,-1000.0,0.14473684210526316,0,3,0.3333333333333333,True,0.10094697071978544,True
6918,3,0.5776418447494507,0.022824764251708984,1,1690,2023-03-18,3562,1932,Featherweight,-210.0,140.0,0.6191646191646192,4,0,0.6145454545454545,True,0.6404854968072308,True
6919,3,0.5191015005111694,0.0331454873085022,1,1691,2023-03-18,3287,2777,Middleweight,-270.0,165.0,0.6591432519576232,0,6,0.46794871794871795,True,0.6714901315368422,True
6920,3,0.5833092927932739,0.03748166561126709,0,1693,2023-03-18,3433,4391,Flyweight,143.0,-245.0,0.36688467060137187,5,15,0.6145454545454545,True,0.34857561879459176,True
6921,3,0.672827959060669,0.036382436752319336,0,1695,2023-03-18,1645,2432,Flyweight,,,,1,5,0.6575342465753424,True,0.6575342465753424,False
6922,3,0.47185808420181274,0.010411500930786133,1,1688,2023-03-18,2748,3434,Lightweight,210.0,-300.0,0.3007518796992481,0,0,0.46060606060606063,True,0.26097649720881,True
6923,3,0.49787408113479614,0.006210446357727051,0,1675,2023-03-25,852,4412,Middleweight,-185.0,120.0,0.588150289017341,3,2,0.46060606060606063,True,0.5886194583888775,True
6924,3,0.4823927879333496,0.013482332229614258,1,1671,2023-03-25,939,900,Bantamweight,-162.0,116.0,0.5718394561380572,11,20,0.46060606060606063,True,0.5695919004453595,True
6925,3,0.5042390823364258,0.032178401947021484,0,1672,2023-03-25,3480,4417,Bantamweight,188.0,-250.0,0.32710280373831774,7,13,0.46060606060606063,True,0.2894230231657445,True
6926,3,0.48542875051498413,0.06571304798126221,0,1673,2023-03-25,2910,480,Featherweight,165.0,-225.0,0.35278154681139756,3,5,0.46060606060606063,True,0.3176247290661261,True
6927,3,0.6037450432777405,0.08953046798706055,1,1674,2023-03-25,2636,3467,Flyweight,-300.0,210.0,0.6992481203007519,8,9,0.6428571428571429,True,0.7325812273856501,True
6928,3,0.537026047706604,0.08036279678344727,1,1677,2023-03-25,2937,3018,Featherweight,125.0,-170.0,0.41379310344827586,1,7,0.5,True,0.3902922259407576,True
6929,3,0.5238094329833984,0.05415058135986328,1,1678,2023-03-25,3838,1853,Welterweight,-112.0,-130.0,0.4831207801950488,10,2,0.46794871794871795,True,0.4668688141352602,True
6930,3,0.4312533140182495,0.07462811470031738,0,1679,2023-03-25,80,3659,Flyweight,,,,3,3,0.41735537190082644,True,0.41735537190082644,False
6931,3,0.4439545273780823,0.027936339378356934,1,1680,2023-03-25,3425,1144,Flyweight,-111.0,-125.0,0.4863680623174294,2,0,0.41735537190082644,True,0.4650769308884586,True
6932,3,0.6437743902206421,0.007230699062347412,0,1676,2023-03-25,3000,2797,Featherweight,-310.0,180.0,0.679186228482003,2,10,0.6428571428571429,True,0.7106469473797087,True
6933,3,0.42727774381637573,0.017972469329833984,0,1662,2023-04-08,1392,1889,Welterweight,195.0,-260.0,0.31943212067435667,16,17,0.41735537190082644,True,0.2772358819229642,True
6934,3,0.6093862056732178,0.06774508953094482,1,1659,2023-04-08,553,2749,Middleweight,,,,14,4,0.6428571428571429,True,0.6428571428571429,False
6935,3,0.5581010580062866,0.00575709342956543,1,1664,2023-04-08,717,1918,Middleweight,-138.0,110.0,0.5490716180371353,20,5,0.6145454545454545,True,0.5598177232548353,True
6936,3,0.6404561400413513,0.04479479789733887,0,1661,2023-04-08,84,1172,Bantamweight,-210.0,133.0,0.6121606405604904,5,14,0.6428571428571429,True,0.635567412004121,True
6937,3,0.42958003282546997,0.008957505226135254,1,1663,2023-04-08,4157,3285,Bantamweight,,,,2,1,0.41735537190082644,True,0.41735537190082644,False
6938,3,0.6154192686080933,0.07304549217224121,1,1660,2023-04-08,3148,3927,Welterweight,-490.0,310.0,0.7729896113889958,19,21,0.6428571428571429,True,0.810400797398001,True
6939,3,0.33460092544555664,0.12703382968902588,0,1665,2023-04-08,3600,1362,Strawweight,121.0,-170.0,0.41815084404522224,12,2,0.3333333333333333,True,0.3773816681003144,True
6940,3,0.44749099016189575,0.0233994722366333,0,1667,2023-04-08,101,3681,Strawweight,,,,12,6,0.41735537190082644,True,0.41735537190082644,False
6941,3,0.4146275520324707,0.011330842971801758,1,1670,2023-04-08,3248,2549,Strawweight,200.0,-280.0,0.31147540983606553,6,0,0.41735537190082644,True,0.2687102607544517,True
6942,3,0.4776899218559265,0.08837032318115234,0,1669,2023-04-08,1327,3846,Featherweight,-200.0,144.0,0.6192893401015228,4,4,0.46060606060606063,True,0.6248240501437404,True
6943,3,0.4594298303127289,0.00758671760559082,0,1666,2023-04-08,1227,1330,Middleweight,160.0,-210.0,0.3621495327102804,17,1,0.46060606060606063,True,0.3280201679878773,True
6944,3,0.3617331087589264,0.016989946365356445,0,1668,2023-04-08,572,145,Catch Weight,260.0,-480.0,0.2512998266897747,2,3,0.3389830508474576,True,0.2001169540004101,True
6945,3,0.45331868529319763,0.05266660451889038,0,1651,2023-04-15,3369,1705,Featherweight,160.0,-230.0,0.3556034482758621,6,6,0.42857142857142855,True,0.31767815895643,True
6946,3,0.311843603849411,0.1286485195159912,1,1645,2023-04-15,827,1034,Featherweight,-175.0,140.0,0.60431654676259,26,10,0.32142857142857145,True,0.59203123238457,True
6947,3,0.4821089804172516,0.06374216079711914,0,1647,2023-04-15,146,3672,Light Heavyweight,-175.0,120.0,0.5833333333333334,10,2,0.46060606060606063,True,0.5830035471743623,True
6948,3,0.5119019150733948,0.07472527027130127,1,1648,2023-04-15,673,5071,Light Heavyweight,-138.0,103.0,0.5406646852202108,14,8,0.46794871794871795,True,0.5339720483184937,True
6949,3,0.7139465808868408,0.0005168914794921875,0,1649,2023-04-15,4736,4529,Bantamweight,-240.0,163.0,0.6499176276771005,9,18,0.6575342465753424,True,0.6797026741202464,True
6950,3,0.38696467876434326,0.08323824405670166,0,1650,2023-04-15,2215,4756,Lightweight,210.0,-340.0,0.29451137884872824,34,6,0.3522727272727273,True,0.2451123964066244,True
6951,3,0.522599995136261,0.05889153480529785,0,1646,2023-04-15,32,3479,Featherweight,-182.0,135.0,0.6026490066225165,7,27,0.46794871794871795,True,0.6062688465059639,True
6952,3,0.3419833779335022,0.056409239768981934,1,1652,2023-04-15,1629,844,Flyweight,160.0,-211.0,0.3617961842717543,6,8,0.3333333333333333,True,0.3149144193477841,True
6953,3,0.631446361541748,0.003507375717163086,1,1653,2023-04-15,1881,2831,Light Heavyweight,-225.0,170.0,0.6514745308310992,13,25,0.6428571428571429,True,0.6799107705846824,True
6954,3,0.4876044988632202,0.02340853214263916,1,1654,2023-04-15,1335,3821,Strawweight,-137.0,-100.0,0.5362035225048923,13,2,0.46060606060606063,True,0.5279589674918452,True
6955,3,0.46358704566955566,0.067718505859375,0,1655,2023-04-15,4496,461,Lightweight,-100.0,-134.0,0.4661354581673307,12,1,0.46060606060606063,True,0.44636669588982203,True
6956,3,0.5672963857650757,0.00862729549407959,1,1657,2023-04-15,2819,4409,Bantamweight,-190.0,140.0,0.6112600536193029,0,3,0.6145454545454545,True,0.631472559624403,True
6957,3,0.5848320722579956,0.032584428787231445,1,1658,2023-04-15,85,2319,Bantamweight,110.0,-143.0,0.44726670347874103,5,8,0.6145454545454545,True,0.4412668890455892,True
6958,3,0.4861924350261688,0.008514940738677979,0,1656,2023-04-15,2322,3320,Strawweight,-163.0,115.0,0.571277202706007,0,1,0.46060606060606063,True,0.5689354904628187,True
6959,3,0.5647252798080444,0.03889131546020508,0,1639,2023-04-22,3606,1369,Lightweight,-180.0,124.0,0.5901639344262295,8,11,0.6145454545454545,True,0.6072993888817352,True
6960,3,0.5906658172607422,0.024188995361328125,0,1634,2023-04-22,4325,1488,Heavyweight,-160.0,-100.0,0.5517241379310345,16,6,0.6145454545454545,True,0.5628950527236619,True
6961,3,0.38224324584007263,0.10218006372451782,1,1635,2023-04-22,858,3081,Middleweight,130.0,-175.0,0.4059040590405904,5,21,0.3522727272727273,True,0.3657575694635522,True
6962,3,0.3596213459968567,0.021535754203796387,0,1637,2023-04-22,285,4014,Flyweight,265.0,-445.0,0.2512389074564942,1,1,0.3389830508474576,True,0.2000565284154873,True
6963,3,0.29959729313850403,0.03026580810546875,0,1640,2023-04-22,575,497,Bantamweight,400.0,-725.0,0.1853932584269663,19,8,0.2631578947368421,True,0.13262151713346665,True
6964,3,0.5853869915008545,0.0026842355728149414,0,1641,2023-04-22,3698,949,Featherweight,-105.0,-125.0,0.4796954314720812,6,6,0.6145454545454545,True,0.47903270840263834,True
6965,3,0.5363675355911255,0.0006718635559082031,1,1642,2023-04-22,10,60,Heavyweight,-112.0,-132.0,0.48147050103765193,1,0,0.46794871794871795,True,0.46495125411041777,True
6966,3,0.38014936447143555,0.04557228088378906,0,1643,2023-04-22,4537,1551,Featherweight,-212.0,155.0,0.6340605207600282,1,1,0.3522727272727273,True,0.6305435144446415,True
6967,3,0.3552546501159668,0.012239217758178711,0,1644,2023-04-22,295,3996,Bantamweight,-158.0,115.0,0.5683453237410072,6,2,0.3389830508474576,True,0.5518173335201448,True
6968,3,0.5696859359741211,0.05347943305969238,0,1638,2023-04-22,1056,3608,Welterweight,-143.0,-110.0,0.5290697674418604,7,3,0.6145454545454545,True,0.5365730025040996,True
6969,3,0.45433712005615234,0.03042769432067871,1,1628,2023-04-29,5050,167,Welterweight,163.0,-260.0,0.3448936577888484,0,1,0.46060606060606063,True,0.30891477097536457,True
6970,3,0.5538177490234375,0.057857394218444824,0,1623,2023-04-29,1387,1200,Bantamweight,-144.0,110.0,0.5534407027818449,10,11,0.5942762962228612,True,0.5626142715181581,True
6971,3,0.5089138746261597,0.04224896430969238,0,1624,2023-04-29,1800,973,Middleweight,265.0,-390.0,0.2560752547687484,10,3,0.46060606060606063,True,0.2140628363683791,True
6972,3,0.5797240734100342,0.02377927303314209,0,1625,2023-04-29,1064,3444,Middleweight,188.0,-250.0,0.32710280373831774,4,5,0.6145454545454545,True,0.30360823653263286,True
6973,3,0.5034689903259277,0.07885706424713135,0,1627,2023-04-29,4755,2134,Heavyweight,,,,2,15,0.46060606060606063,True,0.46060606060606063,False
6974,3,0.5886508226394653,0.0569000244140625,1,1630,2023-04-29,2844,3787,Flyweight,110.0,-155.0,0.4392764857881137,6,4,0.6145454545454545,True,0.4319811176297742,True
6975,3,0.3845732808113098,0.026970863342285156,0,1629,2023-04-29,2445,3687,Heavyweight,107.0,-150.0,0.44603033006244425,12,2,0.3522727272727273,True,0.4111981330798996,True
6976,3,0.3925014138221741,0.0076503753662109375,1,1631,2023-04-29,1176,302,Bantamweight,250.0,-590.0,0.25045372050816694,0,5,0.38461538461538464,True,0.20273896761474597,True
6977,3,0.5584134459495544,0.0328141450881958,1,1632,2023-04-29,4586,1497,Catch Weight,118.0,-175.0,0.4188880426504189,0,5,0.6145454545454545,True,0.4083416143590857,True
6978,3,0.5358229875564575,0.0321347713470459,0,1633,2023-04-29,3474,4019,Bantamweight,130.0,-170.0,0.40847201210287437,0,0,0.46794871794871795,True,0.38090830494514144,True
6979,3,0.5175009369850159,0.04601466655731201,0,1626,2023-04-29,3697,546,Featherweight,-161.0,117.0,0.5723905172272555,12,0,0.46794871794871795,True,0.571023150366925,True
6980,3,0.3273774981498718,0.05324399471282959,0,1611,2023-05-06,2451,1738,Bantamweight,-135.0,-120.0,0.5129533678756477,12,17,0.3333333333333333,True,0.4862366585281123,True
6981,3,0.4270046651363373,0.013889849185943604,0,1612,2023-05-06,3148,2843,Welterweight,-160.0,123.0,0.5784695201037614,20,17,0.41735537190082644,True,0.572651791940747,True
6982,3,0.6025948524475098,0.005916953086853027,0,1613,2023-05-06,1518,155,Strawweight,-188.0,144.0,0.6143132633383329,23,9,0.6145454545454545,True,0.6349569718822957,True
6983,3,0.6373019814491272,0.04218924045562744,1,1614,2023-05-06,4085,4704,Featherweight,-1100.0,550.0,0.8562874251497006,6,0,0.6428571428571429,True,0.8913858492035186,True
6984,3,0.3028627038002014,0.04076266288757324,0,1615,2023-05-06,2826,3703,Featherweight,135.0,-186.0,0.39551929193749136,2,10,0.2631578947368421,True,0.34373476887721316,True
6985,3,0.49325862526893616,0.01002877950668335,0,1616,2023-05-06,4219,868,Lightweight,-250.0,175.0,0.6626506024096386,20,8,0.46060606060606063,True,0.6747972292731134,True
6986,3,0.6053744554519653,0.026942133903503418,1,1617,2023-05-06,1366,2595,Light Heavyweight,-188.0,145.0,0.6152818594710127,8,15,0.6428571428571429,True,0.6391154798195595,True
6987,3,0.5762487649917603,0.008231163024902344,1,1618,2023-05-06,3346,3185,Welterweight,-450.0,290.0,0.7613882863340563,6,0,0.6145454545454545,True,0.7963534059829364,True
6988,3,0.4274464249610901,0.026821374893188477,1,1619,2023-05-06,358,2206,Strawweight,-115.0,-138.0,0.4798387096774193,7,10,0.41735537190082644,True,0.45750122105328855,True
6989,3,0.5344151258468628,0.03323400020599365,0,1620,2023-05-06,5079,1539,Heavyweight,140.0,-195.0,0.38663171690694625,0,6,0.46794871794871795,True,0.35616793481005643,True
6990,3,0.4441125988960266,0.026790380477905273,1,1621,2023-05-06,3265,3668,Middleweight,-200.0,148.0,0.6231155778894473,0,6,0.41735537190082644,True,0.6247806924100646,True
6991,3,0.6168221235275269,0.00586545467376709,0,1622,2023-05-06,3321,2333,Middleweight,130.0,-175.0,0.4059040590405904,3,1,0.6428571428571429,True,0.39649665966586695,True
6992,3,0.564494252204895,0.06990671157836914,0,1605,2023-05-13,1371,3613,Welterweight,-235.0,170.0,0.6544610624033007,20,29,0.6145454545454545,True,0.6803785168536687,True
6993,3,0.641365647315979,0.042256832122802734,1,1600,2023-05-13,4558,1045,Heavyweight,-549.0,360.0,0.7955519153225806,4,11,0.6428571428571429,True,0.8331629598022037,True
6994,3,0.3888331353664398,0.015496015548706055,0,1601,2023-05-13,3269,189,Light Heavyweight,-107.0,-130.0,0.47767857142857145,18,10,0.375,True,0.4502154627384283,True
6995,3,0.4560670852661133,0.09172970056533813,0,1602,2023-05-13,4230,240,Welterweight,210.0,-305.0,0.2998889300259163,9,4,0.46060606060606063,True,0.26005406580789264,True
6996,3,0.4195111393928528,0.07990896701812744,0,1603,2023-05-13,4368,357,Light Heavyweight,320.0,-490.0,0.222809667673716,2,4,0.41735537190082644,True,0.1775556153131337,True
6997,3,0.5813624858856201,0.03730344772338867,1,1606,2023-05-13,1331,4209,Heavyweight,-450.0,300.0,0.7659574468085105,1,14,0.6145454545454545,True,0.801098726426521,True
6998,3,0.32000675797462463,0.005183219909667969,1,1607,2023-05-13,3454,1086,Catch Weight,130.0,-175.0,0.4059040590405904,11,12,0.3333333333333333,True,0.36363539895626246,True
6999,3,0.5857947468757629,0.031273841857910156,1,1608,2023-05-13,1004,3213,Flyweight,188.0,-265.0,0.32352419783726294,2,9,0.6145454545454545,True,0.2996040049135867,True
7000,3,0.5589269399642944,0.03187084197998047,1,1609,2023-05-13,3533,2127,Welterweight,108.0,-144.0,0.44892552251987045,4,4,0.6145454545454545,True,0.443195915758687,True
7001,3,0.5318924188613892,0.01129978895187378,1,1610,2023-05-13,4020,2577,Bantamweight,-127.0,-110.0,0.5164601084430673,0,8,0.46794871794871795,True,0.5057055019508382,True
7002,3,0.5842011570930481,0.0751105546951294,1,1604,2023-05-13,4709,4115,Welterweight,-230.0,170.0,0.6529968454258674,17,26,0.6145454545454545,True,0.6787362713376965,True
7003,3,0.3192911744117737,0.08364605903625488,0,1591,2023-05-20,2041,3557,Welterweight,175.0,-235.0,0.3414012738853503,5,9,0.3333333333333333,True,0.2928527781373049,True
7004,3,0.4408968389034271,0.05279803276062012,0,1588,2023-05-20,1021,2431,Strawweight,135.0,-175.0,0.4007285974499089,22,10,0.41735537190082644,True,0.3669015710719145,True
7005,3,0.4953886866569519,0.005483269691467285,1,1589,2023-05-20,5061,3888,Middleweight,-220.0,160.0,0.641255605381166,6,8,0.46060606060606063,True,0.6502195102221033,True
7006,3,0.6621705293655396,0.015375256538391113,1,1590,2023-05-20,3681,3573,Catch Weight,-159.0,115.0,0.5689439960056586,7,2,0.6428571428571429,True,0.5860451445701529,True
7007,3,0.4721149206161499,0.023432016372680664,1,1592,2023-05-20,3476,4421,Lightweight,-160.0,115.0,0.5695364238410596,13,27,0.46060606060606063,True,0.5669030247529981,True
7008,3,0.41070055961608887,0.06432437896728516,1,1593,2023-05-20,1269,5027,Lightweight,,,,3,2,0.41735537190082644,True,0.41735537190082644,False
7009,3,0.5357241630554199,0.09757280349731445,0,1594,2023-05-20,2745,2827,Strawweight,105.0,-144.0,0.45252225519287836,4,14,0.46794871794871795,True,0.4314198202359498,True
7010,3,0.6206361055374146,0.07838034629821777,1,1597,2023-05-20,1993,1411,Lightweight,-100.0,-138.0,0.4630350194552528,6,1,0.6428571428571429,True,0.4629023024488317,True
7011,3,0.5356464385986328,0.04309678077697754,1,1596,2023-05-20,1168,1644,Heavyweight,-200.0,150.0,0.625,4,15,0.46794871794871795,True,0.6321878703541115,True
7012,3,0.2837161421775818,0.0377277135848999,0,1598,2023-05-20,1368,2840,Flyweight,600.0,-1200.0,0.13402061855670103,3,2,0.2631578947368421,True,0.08886241566751726,True
7013,3,0.350845605134964,0.057382822036743164,0,1599,2023-05-20,4638,3172,Welterweight,-100.0,-142.0,0.4600760456273764,6,1,0.3389830508474576,True,0.4257227675754273,True
7014,3,0.5489240884780884,0.06500053405761719,0,1595,2023-05-20,972,562,Welterweight,-115.0,-130.0,0.48621323529411764,2,1,0.5517241379310345,True,0.4795914487607124,True
7015,3,0.39613282680511475,0.06320703029632568,1,1580,2023-06-03,13,1173,Welterweight,-140.0,-133.0,0.5054229934924078,12,3,0.38461538461538464,True,0.4835330844828039,True
7016,3,0.6738033294677734,0.022364556789398193,1,1576,2023-06-03,16,2797,Featherweight,-220.0,145.0,0.6274738067520372,27,11,0.6575342465753424,True,0.6545232191937931,True
7017,3,0.5140002965927124,0.1026563048362732,1,1577,2023-06-03,2795,805,Lightweight,-275.0,195.0,0.6838777660695469,41,0,0.46794871794871795,True,0.6996677250802478,True
7018,3,0.6565911769866943,0.01753222942352295,0,1578,2023-06-03,3425,1600,Flyweight,130.0,-190.0,0.3988995873452545,3,17,0.6428571428571429,True,0.38839938610425034,True
7019,3,0.6026483774185181,0.04920768737792969,1,1579,2023-06-03,3571,3179,Flyweight,-225.0,146.0,0.6300512236767217,1,0,0.6145454545454545,True,0.6528541760993408,True
7020,3,0.5392259955406189,0.004563450813293457,1,1586,2023-06-03,2143,186,Bantamweight,111.0,-163.0,0.43332839042393695,2,1,0.5,True,0.412707531075836,True
7021,3,0.455940842628479,0.07218062877655029,0,1575,2023-06-03,398,2023,Flyweight,-105.0,-135.0,0.4713467048710602,10,4,0.46060606060606063,True,0.4524039281116468,True
7022,3,0.4319819211959839,0.061543822288513184,0,1582,2023-06-03,1289,3906,Heavyweight,-113.0,-148.0,0.47061194330624034,39,6,0.41735537190082644,True,0.4468158829240043,True
7023,3,0.5269746780395508,0.03539705276489258,1,1583,2023-06-03,2683,439,Bantamweight,-130.0,-100.0,0.5306122448979592,4,0,0.46794871794871795,True,0.52222916638599,True
7024,3,0.6458964347839355,0.013517141342163086,0,1584,2023-06-03,3646,504,Lightweight,-500.0,340.0,0.7857142857142858,7,0,0.6428571428571429,True,0.8233062582888789,True
7025,3,0.5640690326690674,0.07613378763198853,1,1585,2023-06-03,825,2544,Strawweight,-150.0,-105.0,0.5394736842105262,5,6,0.6145454545454545,True,0.5486717143871407,True
7026,3,0.5144268274307251,0.00019866228103637695,1,1587,2023-06-03,3669,1979,Light Heavyweight,-100.0,-150.0,0.45454545454545453,4,4,0.46794871794871795,True,0.4337560136744228,True
7027,3,0.4109269976615906,0.11461925506591797,1,1581,2023-06-03,4346,1315,Bantamweight,-240.0,170.0,0.6558704453441295,2,4,0.41735537190082644,True,0.6627622294139958,True
7028,3,0.6316831111907959,0.008766651153564453,1,1564,2023-06-10,2923,3777,Bantamweight,-425.0,250.0,0.7391304347826086,17,11,0.6428571428571429,True,0.7752681498744503,True
7029,3,0.5868024230003357,0.028352856636047363,0,1565,2023-06-10,4002,4242,Lightweight,,,,21,31,0.6145454545454545,True,0.6145454545454545,False
7030,3,0.4185575246810913,0.08044838905334473,0,1566,2023-06-10,2690,5072,Welterweight,170.0,-230.0,0.34700315457413244,2,2,0.41735537190082644,True,0.30715127678139154,True
7031,3,0.5140469074249268,0.005197286605834961,1,1567,2023-06-10,123,480,Featherweight,-286.0,195.0,0.6861023013743189,13,6,0.46794871794871795,True,0.7021874322008792,True
7032,3,0.3141852617263794,0.006460785865783691,1,1570,2023-06-10,1209,3874,Flyweight,194.0,-275.0,0.3168567807351077,3,6,0.3333333333333333,True,0.26674151437713045,True
7033,3,0.5242969989776611,0.06227242946624756,1,1571,2023-06-10,55,630,Bantamweight,-105.0,-145.0,0.46393146979260597,5,4,0.46794871794871795,True,0.44460949478456635,True
7034,3,0.41663503646850586,0.033356666564941406,1,1572,2023-06-10,2332,1468,Featherweight,170.0,-295.0,0.331514897188418,6,1,0.41735537190082644,True,0.29027679761629005,True
7035,3,0.5406085848808289,0.008129239082336426,0,1573,2023-06-10,1196,3349,Flyweight,-315.0,210.0,0.7017606899029823,5,0,0.5,True,0.7226595298719466,True
7036,3,0.5222378373146057,0.056128740310668945,0,1574,2023-06-10,3468,3853,Strawweight,-104.0,-146.0,0.46207195491980924,3,4,0.46794871794871795,True,0.442457308955589,True
7037,3,0.47083425521850586,0.0032835006713867188,1,1568,2023-06-10,1147,1141,Middleweight,-167.0,118.0,0.5769023547681679,10,15,0.46060606060606063,True,0.5755013089538561,True
7038,3,0.5444513559341431,0.053197622299194336,0,1554,2023-06-17,3287,1724,Middleweight,-190.0,125.0,0.5958188153310104,1,3,0.5,True,0.6016822486899107,True
7039,3,0.43511536717414856,0.0746316909790039,1,1557,2023-06-17,531,3136,Welterweight,,,,10,8,0.41735537190082644,True,0.41735537190082644,False
7040,3,0.3966682255268097,0.0914188027381897,1,1552,2023-06-17,774,3725,Middleweight,-100.0,-140.0,0.46153846153846145,15,14,0.38461538461538464,True,0.43268328346667706,True
7041,3,0.6720590591430664,0.06687164306640625,1,1553,2023-06-17,1482,1169,Lightweight,-1667.0,600.0,0.8684876451324799,8,8,0.6428571428571429,True,0.9024637760971264,True
7042,3,0.6268664598464966,0.03456854820251465,1,1555,2023-06-17,602,3742,Featherweight,-200.0,150.0,0.625,5,1,0.6428571428571429,True,0.6501340862108062,True
7043,3,0.566899299621582,0.05063295364379883,1,1556,2023-06-17,2155,2176,Lightweight,-210.0,150.0,0.6287425149700598,1,2,0.6145454545454545,True,0.6513701515036047,True
7044,3,0.3970431387424469,0.007077395915985107,1,1559,2023-06-17,71,423,Bantamweight,,,,11,1,0.38461538461538464,True,0.38461538461538464,False
7045,3,0.41028475761413574,0.10495710372924805,0,1561,2023-06-17,3529,3584,Flyweight,180.0,-260.0,0.3308823529411765,1,1,0.41735537190082644,True,0.28959135124568375,True
7046,3,0.4688323140144348,0.09929859638214111,1,1563,2023-06-17,979,1632,Light Heavyweight,-210.0,150.0,0.6287425149700598,5,2,0.46060606060606063,True,0.635770527536328,True
7047,3,0.49738025665283203,0.047944068908691406,1,1560,2023-06-17,3045,3064,Flyweight,110.0,-165.0,0.4333605887162715,2,1,0.46060606060606063,True,0.40858168244035115,True
7048,3,0.3747103810310364,0.03866243362426758,0,1558,2023-06-17,3619,3596,Flyweight,220.0,-330.0,0.2893674293405114,2,1,0.3522727272727273,True,0.23978359160358467,True
7049,3,0.5037530660629272,0.073691725730896,0,1544,2023-06-24,1636,1143,Welterweight,140.0,-180.0,0.39325842696629215,4,29,0.46060606060606063,True,0.3629062272247548,True
7050,3,0.6412997245788574,0.01884007453918457,1,1539,2023-06-24,1809,4245,Featherweight,-400.0,250.0,0.7368421052631579,5,12,0.6428571428571429,True,0.772855018004581,True
7051,3,0.49975764751434326,0.05929434299468994,1,1542,2023-06-24,3835,1932,Featherweight,175.0,-235.0,0.3414012738853503,4,1,0.46060606060606063,True,0.3050714346134819,True
7052,3,0.3564140796661377,0.014429330825805664,0,1543,2023-06-24,858,2789,Middleweight,150.0,-230.0,0.3646408839779005,6,11,0.3389830508474576,True,0.3186148135715958,True
7053,3,0.3903977870941162,0.029451489448547363,1,1549,2023-06-24,3168,3513,Lightweight,,,,0,1,0.38461538461538464,True,0.38461538461538464,False
7054,3,0.5347762107849121,0.0063664913177490234,1,1540,2023-06-24,2636,1693,Flyweight,160.0,-210.0,0.3621495327102804,9,8,0.46794871794871795,True,0.3287294190452496,True
7055,3,0.40969860553741455,0.03694272041320801,0,1546,2023-06-24,579,4506,Lightweight,-100.0,-150.0,0.45454545454545453,1,1,0.41735537190082644,True,0.4282726336340824,True
7056,3,0.5119730830192566,0.04772907495498657,0,1547,2023-06-24,1335,3825,Strawweight,-100.0,-140.0,0.46153846153846145,14,4,0.46794871794871795,True,0.4418400209000597,True
7057,3,0.6505309343338013,0.03474855422973633,1,1548,2023-06-24,509,663,Flyweight,160.0,-230.0,0.3556034482758621,0,6,0.6428571428571429,True,0.3386994690371289,True
7058,3,0.45633208751678467,0.010641098022460938,0,1550,2023-06-24,1876,3322,Featherweight,-210.0,155.0,0.6333530455351862,4,1,0.46060606060606063,True,0.6411000730194412,True
7059,3,0.6283688545227051,0.12037670612335205,0,1551,2023-06-24,1064,2673,Middleweight,-175.0,116.0,0.5788667687595712,5,1,0.6428571428571429,True,0.5974742414621455,True
7060,3,0.4565455913543701,0.05099499225616455,0,1545,2023-06-24,1577,1933,Welterweight,185.0,-275.0,0.3236245954692557,7,15,0.46060606060606063,True,0.28563828504655037,True
7061,3,0.5935674905776978,0.013900041580200195,0,1532,2023-07-01,5029,4654,Middleweight,-250.0,180.0,0.6666666666666667,1,0,0.6145454545454545,True,0.6940208993398437,True
7062,3,0.5812460780143738,0.0332719087600708,0,1527,2023-07-01,736,2975,Middleweight,123.0,-162.0,0.4203703109456728,1,18,0.6145454545454545,True,0.4100571578000708,True
7063,3,0.40125852823257446,0.061919331550598145,0,1528,2023-07-01,3004,1092,Lightweight,-140.0,-105.0,0.5324675324675324,6,8,0.38461538461538464,True,0.5151075065388068,True
7064,3,0.38632309436798096,0.06438577175140381,0,1529,2023-07-01,3728,2658,Welterweight,200.0,-270.0,0.3135593220338983,14,2,0.3522727272727273,True,0.2650527001849334,True
7065,3,0.39830923080444336,0.001854538917541504,1,1531,2023-07-01,41,4164,Lightweight,,,,3,1,0.38461538461538464,True,0.38461538461538464,False
7066,3,0.4344361126422882,0.00634312629699707,1,1530,2023-07-01,510,3297,Flyweight,,,,9,3,0.41735537190082644,True,0.41735537190082644,False
7067,3,0.36932510137557983,0.017663121223449707,0,1535,2023-07-01,3480,3698,Featherweight,140.0,-200.0,0.38461538461538464,8,7,0.3522727272727273,True,0.3420165527202165,True
7068,3,0.6612327098846436,0.04134553670883179,1,1534,2023-07-01,977,4108,Featherweight,-1613.0,700.0,0.8828076896764042,3,0,0.6428571428571429,True,0.9151641567542256,True
7069,3,0.6457837820053101,0.0205610990524292,1,1536,2023-07-01,2110,2987,Lightweight,450.0,-800.0,0.16981132075471697,1,2,0.6428571428571429,True,0.13868721087912786,True
7070,3,0.4921001195907593,0.04460573196411133,1,1537,2023-07-01,3433,4648,Flyweight,155.0,-200.0,0.37037037037037035,6,0,0.46060606060606063,True,0.3371863741577419,True
7071,3,0.3825637102127075,0.045964956283569336,0,1538,2023-07-01,1898,3047,Heavyweight,105.0,-150.0,0.44843049327354256,7,7,0.3522727272727273,True,0.4139415323102642,True
7072,3,0.3656010329723358,0.02649599313735962,0,1533,2023-07-01,3043,180,Welterweight,170.0,-220.0,0.35010940919037203,18,2,0.3389830508474576,True,0.3028156505872481,True
7073,3,0.4850330054759979,0.0029820799827575684,0,1517,2023-07-08,3931,656,Lightweight,-315.0,230.0,0.7146785837057408,9,20,0.46060606060606063,True,0.7336821673956376,True
7074,3,0.517887532711029,0.08707165718078613,1,1516,2023-07-08,1534,1970,Middleweight,260.0,-375.0,0.2602739726027397,5,19,0.46794871794871795,True,0.218944103302091,True
7075,3,0.6213191151618958,0.0483250617980957,1,1518,2023-07-08,4720,901,Middleweight,-2200.0,750.0,0.8904761904761904,1,0,0.6428571428571429,True,0.9218226215483523,True
7076,3,0.4279215335845947,0.07330560684204102,0,1514,2023-07-08,1951,1106,Featherweight,285.0,-425.0,0.24291497975708504,13,13,0.41735537190082644,True,0.19754489765469352,True
7077,3,0.35047486424446106,0.017930328845977783,0,1520,2023-07-08,679,17,Catch Weight,550.0,-2000.0,0.1390728476821192,0,3,0.3389830508474576,True,0.09636978033199743,True
7078,3,0.4397023320198059,0.003719329833984375,1,1519,2023-07-08,4069,2863,Welterweight,170.0,-235.0,0.34553893759669935,24,15,0.41735537190082644,True,0.3055486960391465,True
7079,3,0.6783837080001831,0.02416825294494629,1,1524,2023-07-08,274,4165,Bantamweight,-650.0,400.0,0.8125,2,0,0.6575342465753424,True,0.8507776195004099,True
7080,3,0.5607354044914246,0.018538594245910645,0,1521,2023-07-08,712,3320,Strawweight,-400.0,285.0,0.7549019607843138,2,2,0.6145454545454545,True,0.7895825396797088,True
7081,3,0.4063193202018738,0.06420159339904785,0,1525,2023-07-08,783,4967,Flyweight,120.0,-152.0,0.4297407912687586,1,1,0.38461538461538464,True,0.39626936410930735,True
7082,3,0.513369619846344,0.121604323387146,0,1526,2023-07-08,5086,3871,Lightweight,125.0,-180.0,0.4087591240875912,2,1,0.46794871794871795,True,0.38123503111329893,True
7083,3,0.48934078216552734,0.03213357925415039,0,1522,2023-07-08,2058,2559,Light Heavyweight,-160.0,115.0,0.5695364238410596,8,10,0.46060606060606063,True,0.5669030247529981,True
7084,3,0.37778156995773315,0.007134079933166504,1,1515,2023-07-08,3958,3403,Flyweight,160.0,-200.0,0.36585365853658536,12,14,0.3522727272727273,True,0.32133479467961035,True
7085,3,0.6071764826774597,0.028409242630004883,1,1523,2023-07-08,1207,3621,Light Heavyweight,-275.0,190.0,0.6801705756929638,1,7,0.6428571428571429,True,0.7117296974897784,True
7086,3,0.3280385732650757,0.03972959518432617,0,1502,2023-07-15,324,1001,Welterweight,400.0,-700.0,0.186046511627907,0,4,0.3333333333333333,True,0.13749104395709097,True
7087,3,0.47882795333862305,0.010264754295349121,1,1503,2023-07-15,1433,1300,Lightweight,-120.0,-110.0,0.5101214574898786,1,3,0.46060606060606063,True,0.49750608128843044,True
7088,3,0.5978962182998657,0.043718576431274414,1,1504,2023-07-15,4748,4412,Middleweight,-163.0,120.0,0.5768983268983269,8,3,0.6145454545454545,True,0.592021156405796,True
7089,3,0.3486330509185791,0.0053250789642333984,0,1505,2023-07-15,4124,949,Featherweight,110.0,-160.0,0.43624161073825496,1,7,0.3333333333333333,True,0.3978410673199843,True
7090,3,0.4836384654045105,0.009854555130004883,1,1506,2023-07-15,519,3074,Lightweight,-170.0,120.0,0.5807453416149069,1,5,0.46060606060606063,True,0.5799850417747335,True
7091,3,0.5549867153167725,0.009256124496459961,1,1507,2023-07-15,395,3000,Featherweight,-175.0,125.0,0.5887850467289719,3,3,0.6145454545454545,True,0.6057138863266134,True
7092,3,0.5868743658065796,0.0477832555770874,1,1508,2023-07-15,2187,4942,Strawweight,-220.0,155.0,0.6367763904653803,0,3,0.6145454545454545,True,0.6604674270072476,True
7093,3,0.4858512580394745,0.0069942474365234375,1,1509,2023-07-15,2583,2910,Featherweight,-250.0,180.0,0.6666666666666667,1,4,0.46060606060606063,True,0.6793903606936554,True
7094,3,0.42609894275665283,0.03636670112609863,0,1510,2023-07-15,168,896,Lightweight,240.0,-333.0,0.27664196268847435,2,2,0.41735537190082644,True,0.23201066305648305,True
7095,3,0.59367436170578,0.023134827613830566,1,1511,2023-07-15,696,136,Flyweight,-450.0,300.0,0.7659574468085105,0,7,0.6145454545454545,True,0.801098726426521,True
7096,3,0.5886641144752502,0.055652499198913574,0,1512,2023-07-15,695,2945,Lightweight,170.0,-240.0,0.3441295546558704,1,2,0.6145454545454545,True,0.32275729237310136,True
7097,3,0.339618444442749,0.05590939521789551,0,1513,2023-07-15,4552,3358,Bantamweight,180.0,-275.0,0.3275109170305677,8,1,0.3333333333333333,True,0.27801434425856436,True
7098,3,0.423112690448761,0.02794349193572998,0,1486,2023-07-22,3156,2691,Heavyweight,350.0,-590.0,0.2062780269058296,17,6,0.41735537190082644,True,0.16145769036683447,True
7099,3,0.6415801644325256,0.03835320472717285,1,1492,2023-07-22,1706,2649,Bantamweight,-162.0,115.0,0.5707029329837785,1,11,0.6428571428571429,True,0.5880733086953694,True
7100,3,0.4033992290496826,0.03022456169128418,0,1488,2023-07-22,692,2806,Featherweight,164.0,-240.0,0.34921939194741164,19,8,0.38461538461538464,True,0.3064137659602808,True
7101,3,0.6429393291473389,0.09686517715454102,0,1489,2023-07-22,1732,1741,Middleweight,-240.0,175.0,0.66,6,15,0.6428571428571429,True,0.6894170774368482,True
7102,3,0.3049696683883667,0.022874116897583008,0,1490,2023-07-22,1844,1829,Lightweight,120.0,-185.0,0.41184971098265893,6,5,0.32142857142857145,True,0.36892579454935576,True
7103,3,0.4797864258289337,0.06675410270690918,1,1491,2023-07-22,3562,3313,Featherweight,-162.0,120.0,0.5763260025873221,5,5,0.46060606060606063,True,0.5748287205018703,True
7104,3,0.6496769189834595,0.08514750003814697,0,1498,2023-07-22,2748,1133,Lightweight,110.0,-150.0,0.4424778761061947,1,1,0.6428571428571429,True,0.43895254709223736,True
7105,3,0.5511178970336914,0.053071022033691406,0,1487,2023-07-22,2701,1024,Flyweight,-240.0,165.0,0.6516393442622951,10,6,0.5517241379310345,True,0.6710190282154931,True
7106,3,0.4143577814102173,0.05390942096710205,1,1494,2023-07-22,4835,785,Lightweight,-225.0,160.0,0.6428571428571429,6,13,0.41735537190082644,True,0.647709386840826,True
7107,3,0.4046573340892792,0.01800704002380371,1,1495,2023-07-22,1802,5087,Heavyweight,115.0,-160.0,0.4304635761589404,0,1,0.38461538461538464,True,0.3970921731958535,True
7108,3,0.5525981187820435,0.028361797332763672,1,1496,2023-07-22,640,3318,Middleweight,-400.0,270.0,0.7474747474747474,5,17,0.5833333333333334,True,0.7793558934580279,True
7109,3,0.48068660497665405,0.040137410163879395,0,1497,2023-07-22,4591,3102,Bantamweight,124.0,-165.0,0.4175858808698393,8,10,0.46060606060606063,True,0.3905314693399601,True
7110,3,0.5329957604408264,0.005094170570373535,1,1500,2023-07-22,2497,4539,Flyweight,-125.0,-115.0,0.5094786729857821,1,0,0.46794871794871795,True,0.49756033018321116,True
7111,3,0.5476722717285156,0.0005590915679931641,0,1499,2023-07-22,4438,2322,Strawweight,116.0,-150.0,0.4355400696864112,0,1,0.5517241379310345,True,0.42075620248441586,True
7112,3,0.4570935368537903,0.003533482551574707,1,1493,2023-07-22,2985,2552,Welterweight,110.0,-155.0,0.4392764857881137,0,13,0.46060606060606063,True,0.41537558133505426,True
7113,3,0.5688720941543579,0.08379071950912476,0,1475,2023-07-29,1820,415,Lightweight,-165.0,105.0,0.5607128056361376,28,11,0.6145454545454545,True,0.5733123105860635,True
7114,3,0.48999524116516113,0.10531008243560791,0,1476,2023-07-29,3942,2749,Light Heavyweight,-110.0,-120.0,0.48987854251012153,19,5,0.46060606060606063,True,0.47392480552650085,True
7115,3,0.49983513355255127,0.020406126976013184,0,1477,2023-07-29,2134,3901,Heavyweight,-225.0,170.0,0.6514745308310992,16,26,0.46060606060606063,True,0.6619802816475842,True
7116,3,0.37176817655563354,0.024068832397460938,0,1478,2023-07-29,3525,681,Lightweight,,,,21,21,0.3522727272727273,True,0.3522727272727273,False
7117,3,0.6875478029251099,0.009580135345458984,1,1485,2023-07-29,3874,576,Flyweight,-333.0,210.0,0.7044973725516959,7,8,0.6575342465753424,True,0.739628405800825,True
7118,3,0.47838297486305237,0.07318115234375,0,1479,2023-07-29,3611,1889,Welterweight,115.0,-157.0,0.43225969220418803,17,18,0.46060606060606063,True,0.407318819227375,True
7119,3,0.5044006705284119,0.04760479927062988,1,1481,2023-07-29,3659,1144,Flyweight,-180.0,120.0,0.5857988165680474,4,1,0.46060606060606063,True,0.5858783620379776,True
7120,3,0.5584278106689453,0.012763142585754395,1,1482,2023-07-29,4920,2333,Middleweight,-240.0,170.0,0.6558704453441295,4,2,0.6145454545454545,True,0.6819581400349718,True
7121,3,0.6159795522689819,0.08658885955810547,1,1483,2023-07-29,2938,3877,Welterweight,-300.0,190.0,0.6850393700787402,17,0,0.6428571428571429,True,0.7170755412657902,True
7122,3,0.5860744118690491,0.05489301681518555,0,1484,2023-07-29,1056,3490,Welterweight,-225.0,170.0,0.6514745308310992,8,3,0.6145454545454545,True,0.6770276174090903,True
7123,3,0.5738993883132935,0.07380270957946777,0,1480,2023-07-29,3838,3427,Welterweight,250.0,-375.0,0.2657342657342657,11,1,0.6145454545454545,True,0.23609893722839598,True
7124,3,0.4024777412414551,0.008090019226074219,1,1468,2023-08-05,4061,145,Lightweight,175.0,-250.0,0.3373493975903614,6,4,0.38461538461538464,True,0.29352341315951946,True
7125,3,0.6087560653686523,0.03688812255859375,1,1463,2023-08-05,939,1172,Catch Weight,-400.0,275.0,0.75,12,15,0.6428571428571429,True,0.7866657806592856,True
7126,3,0.3784814774990082,0.24843978881835938,0,1464,2023-08-05,1518,2250,Strawweight,290.0,-400.0,0.24271844660194172,24,6,0.3522727272727273,True,0.19263802937038219,True
7127,3,0.614426851272583,0.16613101959228516,0,1465,2023-08-05,1366,146,Light Heavyweight,-174.0,128.0,0.5914837786259541,9,11,0.6428571428571429,True,0.6119594768209893,True
7128,3,0.4327741861343384,0.12565898895263672,1,1466,2023-08-05,4704,4641,Featherweight,-188.0,142.0,0.6123613653494131,1,6,0.41735537190082644,True,0.6122520813887914,True
7129,3,0.45068374276161194,0.011943280696868896,1,1467,2023-08-05,5071,4320,Light Heavyweight,-163.0,108.0,0.5631519500365424,9,3,0.42105263157894735,True,0.5551319202555376,True
7130,3,0.5191685557365417,0.07188749313354492,0,1470,2023-08-05,3608,2694,Welterweight,-134.0,-105.0,0.5278631821675633,4,4,0.46794871794871795,True,0.5190184446195912,True
7131,3,0.5911377668380737,0.1513829231262207,0,1471,2023-08-05,112,32,Featherweight,132.0,-175.0,0.40381791483113066,10,8,0.6145454545454545,True,0.3909322764453903,True
7132,3,0.5463021993637085,0.021703243255615234,1,1472,2023-08-05,2844,129,Flyweight,165.0,-225.0,0.35278154681139756,7,3,0.5432387054124233,True,0.32549749031461295,True
7133,3,0.4187333583831787,0.05498027801513672,0,1473,2023-08-05,3495,2664,Featherweight,140.0,-190.0,0.38873994638069703,0,5,0.41735537190082644,True,0.3534198729729124,True
7134,3,0.4009571075439453,0.02102196216583252,1,1474,2023-08-05,2575,2781,Flyweight,-210.0,160.0,0.6378504672897196,0,7,0.38461538461538464,True,0.6384825253965518,True
7135,3,0.6595836877822876,0.02218019962310791,1,1469,2023-08-05,1099,3499,Bantamweight,-218.0,150.0,0.6315179606025492,5,9,0.6428571428571429,True,0.6574988920635618,True
7136,3,0.4086189866065979,0.026100873947143555,0,1453,2023-08-12,1884,4014,Strawweight,158.0,-200.0,0.3676470588235294,8,2,0.41735537190082644,True,0.3298998144799445,True
7137,3,0.4256562888622284,0.044834911823272705,0,1455,2023-08-12,4692,1945,Middleweight,250.0,-360.0,0.26744186046511625,7,3,0.41735537190082644,True,0.22249910223093297,True
7138,3,0.4654289186000824,0.08228892087936401,1,1450,2023-08-12,886,4507,Welterweight,-110.0,-130.0,0.4809885931558936,19,33,0.46060606060606063,True,0.46359159558933977,True
7139,3,0.4494544565677643,0.04288870096206665,1,1451,2023-08-12,2154,1674,Featherweight,175.0,-320.0,0.32307692307692304,22,9,0.42105263157894735,True,0.28149238689385225,True
7140,3,0.4973306357860565,0.0141068696975708,0,1452,2023-08-12,2720,4279,Light Heavyweight,140.0,-200.0,0.38461538461538464,7,13,0.46060606060606063,True,0.35316078887050917,True
7141,3,0.26011839509010315,0.08561992645263672,0,1457,2023-08-12,4762,3074,Lightweight,210.0,-351.0,0.293028393216815,2,6,0.2631578947368421,True,0.23523233641378583,True
7142,3,0.30586668848991394,0.024171531200408936,1,1454,2023-08-12,2199,1131,Middleweight,-100.0,-150.0,0.45454545454545453,2,5,0.32142857142857145,True,0.4172788086142803,True
7143,3,0.3607670068740845,0.0222475528717041,0,1459,2023-08-12,4188,3687,Heavyweight,164.0,-225.0,0.3536452665941241,5,3,0.3389830508474576,True,0.3066455222737861,True
7144,3,0.5022929906845093,0.028282999992370605,0,1460,2023-08-12,1804,2549,Strawweight,194.0,-265.0,0.31902805698802555,2,1,0.46060606060606063,True,0.2806502383846118,True
7145,3,0.5077775120735168,0.07596051692962646,1,1461,2023-08-12,2143,4921,Bantamweight,-286.0,195.0,0.6861023013743189,3,0,0.46060606060606063,True,0.7015144842197817,True
7146,3,0.45868200063705444,0.008022904396057129,0,1462,2023-08-12,1645,1344,Flyweight,123.0,-160.0,0.42153047989623865,2,0,0.46060606060606063,True,0.3950356734819889,True
7147,3,0.5293601751327515,0.04360169172286987,0,1458,2023-08-12,4537,3083,Featherweight,-177.0,110.0,0.5729921381223987,2,0,0.46794871794871795,True,0.5717251387137583,True
7148,3,0.3456520438194275,0.025180459022521973,0,1456,2023-08-12,2719,4586,Bantamweight,260.0,-450.0,0.2534562211981567,3,1,0.3333333333333333,True,0.20181378454977952,True
7149,3,0.4457516074180603,0.009228825569152832,0,1439,2023-08-19,811,82,Strawweight,250.0,-350.0,0.26865671641791045,9,9,0.41735537190082644,True,0.2237505059457347,True
7150,3,0.44424349069595337,0.1630568504333496,1,1438,2023-08-19,252,1738,Bantamweight,190.0,-275.0,0.3198294243070363,10,18,0.41735537190082644,True,0.2776629053405064,True
7151,3,0.514685332775116,0.10741758346557617,1,1440,2023-08-19,240,1143,Welterweight,-500.0,350.0,0.7894736842105263,5,30,0.46794871794871795,True,0.815642241067871,True
7152,3,0.3352615237236023,0.049744486808776855,0,1441,2023-08-19,2143,777,Bantamweight,170.0,-230.0,0.34700315457413244,4,8,0.3333333333333333,True,0.29888069788714194,True
7153,3,0.6413542032241821,0.09151434898376465,1,1442,2023-08-19,900,4529,Bantamweight,-200.0,140.0,0.6153846153846154,21,19,0.6428571428571429,True,0.6392322143037782,True
7154,3,0.4767611622810364,0.009360551834106445,0,1443,2023-08-19,1664,3081,Middleweight,170.0,-275.0,0.33557046979865773,17,22,0.46060606060606063,True,0.29867301064902807,True
7155,3,0.2921393811702728,0.05136364698410034,0,1444,2023-08-19,2659,1733,Middleweight,250.0,-400.0,0.26315789473684204,3,6,0.2631578947368421,True,0.20544519024182226,True
7156,3,0.2541673183441162,0.024299263954162598,1,1445,2023-08-19,2751,3497,Lightweight,135.0,-188.0,0.39462866538777747,4,7,0.2631578947368421,True,0.34275529497367363,True
7157,3,0.3965330421924591,0.03520900011062622,0,1446,2023-08-19,2547,686,Bantamweight,140.0,-192.0,0.38788522848034007,4,4,0.38461538461538464,True,0.34907891596550866,True
7158,3,0.34290018677711487,0.056556880474090576,0,1447,2023-08-19,1227,4822,Middleweight,185.0,-250.0,0.32941176470588235,18,4,0.3333333333333333,True,0.2800356182006819,True
7159,3,0.4473177492618561,0.0341649055480957,0,1449,2023-08-19,3303,3571,Flyweight,107.0,-138.0,0.45449337356299885,10,2,0.41735537190082644,True,0.4282126656455052,True
7160,3,0.34454527497291565,0.05420643091201782,0,1448,2023-08-19,3467,2840,Flyweight,250.0,-351.0,0.2685323012801429,10,3,0.3333333333333333,True,0.21689676496305194,True
7161,3,0.4360145628452301,0.013773202896118164,0,1431,2023-08-26,707,4755,Heavyweight,,,,2,3,0.41735537190082644,True,0.41735537190082644,False
7162,3,0.39995524287223816,0.04670768976211548,1,1426,2023-08-26,3269,1191,Light Heavyweight,105.0,-138.0,0.45690151660587436,19,10,0.38461538461538464,True,0.4273473956019251,True
7163,3,0.4645196199417114,0.029202699661254883,1,1427,2023-08-26,3770,16,Featherweight,-270.0,188.0,0.6775880097594981,8,28,0.46060606060606063,True,0.6918446042599411,True
7164,3,0.5902833938598633,0.1258399486541748,1,1428,2023-08-26,438,3741,Bantamweight,-1600.0,500.0,0.8495575221238938,1,2,0.6145454545454545,True,0.8838290019657925,True
7165,3,0.3336837887763977,0.06754839420318604,0,1429,2023-08-26,807,1224,Flyweight,120.0,-170.0,0.4192546583850932,6,5,0.3333333333333333,True,0.37862488209329687,True
7166,3,0.593066394329071,0.030811190605163574,1,1430,2023-08-26,60,1539,Heavyweight,,,,1,7,0.6145454545454545,True,0.6145454545454545,False
7167,3,0.44627290964126587,0.011858701705932617,1,1437,2023-08-26,1258,2229,Featherweight,-175.0,124.0,0.5877061469265367,8,1,0.41735537190082644,True,0.5834568104794785,True
7168,3,0.5510627627372742,0.09747231006622314,1,1432,2023-08-26,1401,2233,Bantamweight,-175.0,130.0,0.5940959409594095,1,1,0.5517241379310345,True,0.6051003396486629,True
7169,3,0.3489500880241394,0.025258779525756836,0,1433,2023-08-26,852,1800,Middleweight,-110.0,-135.0,0.47693726937269365,4,11,0.3387522756993769,True,0.4451023011674626,True
7170,3,0.4708024263381958,0.02870810031890869,1,1434,2023-08-26,3484,3185,Welterweight,225.0,-400.0,0.2777777777777778,7,1,0.46060606060606063,True,0.23663097698651697,True
7171,3,0.4925128221511841,0.0002028942108154297,0,1435,2023-08-26,1708,4994,Welterweight,-152.0,110.0,0.5588235294117647,1,0,0.46060606060606063,True,0.5543903786332431,True
7172,3,0.4767438769340515,0.013776898384094238,0,1436,2023-08-26,4442,3534,Flyweight,380.0,-602.0,0.19545606414968258,2,12,0.46060606060606063,True,0.1535664157158744,True
7173,3,0.2662865221500397,0.025825202465057373,0,1425,2023-08-26,3632,827,Featherweight,500.0,-800.0,0.15789473684210525,11,27,0.2631578947368421,True,0.10872083657522447,True
7174,3,0.4340447783470154,0.015494227409362793,0,1417,2023-09-02,3802,589,Light Heavyweight,145.0,-186.0,0.38560064716192527,0,12,0.41735537190082644,True,0.34990275540694277,True
7175,3,0.4882470965385437,0.008963942527770996,1,1415,2023-09-02,2872,141,Flyweight,-200.0,150.0,0.625,5,13,0.46060606060606063,True,0.6314397700868745,True
7176,3,0.3567030429840088,0.03347313404083252,0,1423,2023-09-02,2842,1683,Bantamweight,290.0,-400.0,0.24271844660194172,2,1,0.3389830508474576,True,0.1916443740634989,True
7177,3,0.5087244510650635,0.022062301635742188,0,1419,2023-09-02,78,4075,Featherweight,250.0,-375.0,0.2657342657342657,0,0,0.46060606060606063,True,0.22405309336310364,True
7178,3,0.504226803779602,0.03825640678405762,0,1414,2023-09-02,3278,3477,Heavyweight,140.0,-205.0,0.38268506900878296,10,10,0.46060606060606063,True,0.3509896095072975,True
7179,3,0.5536627769470215,0.050197482109069824,0,1416,2023-09-02,3519,41,Lightweight,,,,10,4,0.5833333333333334,True,0.5833333333333334,False
7180,3,0.34114784002304077,0.03503274917602539,0,1418,2023-09-02,765,1551,Featherweight,164.0,-270.0,0.3417066863686738,0,2,0.3333333333333333,True,0.2931807821967967,True
7181,3,0.3567146956920624,0.02985316514968872,0,1424,2023-09-02,311,842,Catch Weight,275.0,-400.0,0.25,3,0,0.3389830508474576,True,0.19882851842481747,True
7182,3,0.674122154712677,0.0193861722946167,0,1422,2023-09-02,85,3041,Bantamweight,-136.0,-100.0,0.5354330708661418,6,0,0.6575342465753424,True,0.5489926888588575,True
7183,3,0.36179590225219727,0.016539335250854492,0,1421,2023-09-02,4091,4384,Welterweight,110.0,-190.0,0.42089985486211906,2,2,0.3389830508474576,True,0.3811294217041735,True
7184,3,0.5704933404922485,0.017010629177093506,1,1420,2023-09-02,3413,3247,Bantamweight,-176.0,130.0,0.5945945945945946,4,0,0.6145454545454545,True,0.6123896277206192,True
7185,3,0.4917012155056,0.028908193111419678,1,1407,2023-09-09,357,4874,Light Heavyweight,-315.0,240.0,0.7207267833109018,5,7,0.46060606060606063,True,0.7404275167935539,True
7186,3,0.6117182374000549,0.09208190441131592,1,1403,2023-09-09,2905,4548,Heavyweight,-250.0,175.0,0.6626506024096386,14,13,0.6428571428571429,True,0.6923637907512126,True
7187,3,0.4422842562198639,0.034373939037323,0,1404,2023-09-09,3310,153,Flyweight,300.0,-455.0,0.23368421052631577,0,5,0.41735537190082644,True,0.1883131295794923,True
7188,3,0.4923466444015503,0.0008605718612670898,0,1405,2023-09-09,446,409,Heavyweight,160.0,-215.0,0.36041189931350115,1,7,0.46060606060606063,True,0.32608787444927084,True
7189,3,0.46898913383483887,0.012322425842285156,0,1406,2023-09-09,4729,1935,Light Heavyweight,-134.0,-110.0,0.5222717149220489,2,9,0.46060606060606063,True,0.5116857954503815,True
7190,3,0.4938476085662842,0.02724313735961914,1,1402,2023-09-09,2975,553,Middleweight,350.0,-770.0,0.20069204152249134,19,15,0.46060606060606063,True,0.1586291295158036,True
7191,3,0.53788161277771,0.09244346618652344,0,1408,2023-09-09,3322,3168,Featherweight,-225.0,165.0,0.6472184531886024,2,1,0.5,True,0.660951831700313,True
7192,3,0.641219437122345,0.005449652671813965,1,1409,2023-09-09,3646,4032,Lightweight,-300.0,210.0,0.6992481203007519,8,19,0.6428571428571429,True,0.7325812273856501,True
7193,3,0.37734031677246094,0.017152905464172363,0,1410,2023-09-09,407,4065,Lightweight,350.0,-520.0,0.20945945945945946,0,10,0.3522727272727273,True,0.16044817385014934,True
7194,3,0.4390130937099457,0.03456473350524902,0,1411,2023-09-09,1499,467,Welterweight,260.0,-325.0,0.26645768025078376,2,0,0.41735537190082644,True,0.22148634838782225,True
7195,3,0.42785120010375977,0.06415879726409912,0,1413,2023-09-09,4136,2351,Welterweight,130.0,-205.0,0.39278815196394073,0,0,0.41735537190082644,True,0.35796345942851804,True
7196,3,0.3555575907230377,0.05131411552429199,1,1412,2023-09-09,885,4033,Featherweight,-125.0,-105.0,0.5203045685279188,1,6,0.3389830508474576,True,0.49550337836670355,True
7197,3,0.3460004925727844,0.1032332181930542,0,1396,2023-09-16,825,3681,Strawweight,,,,6,8,0.3333333333333333,True,0.3333333333333333,False
7198,3,0.42523619532585144,0.09194439649581909,0,1392,2023-09-16,1889,1001,Welterweight,-115.0,-136.0,0.4813763746009223,19,5,0.41735537190082644,True,0.4592842892013038,True
7199,3,0.34555065631866455,0.06790018081665039,0,1393,2023-09-16,4165,3285,Bantamweight,,,,1,2,0.3333333333333333,True,0.3333333333333333,False
7200,3,0.5536025762557983,0.04639244079589844,0,1395,2023-09-16,546,2332,Featherweight,-275.0,200.0,0.6875,1,7,0.5833333333333334,True,0.7142161343034373,True
7201,3,0.594210147857666,0.007447957992553711,1,1397,2023-09-16,4920,1945,Middleweight,-590.0,255.0,0.752199676782187,5,4,0.6145454545454545,True,0.7867500223376308,True
7202,3,0.6462054252624512,0.07084280252456665,1,1399,2023-09-16,2284,1209,Flyweight,-130.0,-103.0,0.5269568690095846,4,4,0.6428571428571429,True,0.537401334366016,True
7203,3,0.6087490320205688,0.03339815139770508,1,1400,2023-09-16,2967,1352,Lightweight,-556.0,340.0,0.7885507993811244,0,1,0.6428571428571429,True,0.8261593073412298,True
7204,3,0.46291130781173706,0.046355485916137695,0,1401,2023-09-16,1432,925,Strawweight,450.0,-800.0,0.16981132075471697,0,0,0.46060606060606063,True,0.12926570683020466,True
7205,3,0.5359901189804077,0.05424308776855469,1,1394,2023-09-16,461,1369,Lightweight,-300.0,220.0,0.7058823529411765,2,12,0.46794871794871795,True,0.724473348389599,True
7206,3,0.5665148496627808,0.03262162208557129,1,1383,2023-09-23,3533,1480,Welterweight,-225.0,155.0,0.6383866481223922,5,3,0.6145454545454545,True,0.6622870643305844,True
7207,3,0.5166112184524536,0.05335956811904907,1,1380,2023-09-23,102,4050,Lightweight,110.0,-155.0,0.4392764857881137,7,8,0.46794871794871795,True,0.4161567396579417,True
7208,3,0.553838849067688,0.07994198799133301,1,1389,2023-09-23,4721,1267,Strawweight,-460.0,250.0,0.7419354838709676,2,4,0.5972885892733221,True,0.7745584169887124,True
7209,3,0.4414161145687103,0.028203248977661133,0,1381,2023-09-23,123,4747,Featherweight,165.0,-225.0,0.35278154681139756,14,7,0.41735537190082644,True,0.31349014422613936,True
7210,3,0.6317586898803711,0.08014309406280518,1,1382,2023-09-23,2206,3600,Strawweight,,,,11,13,0.6428571428571429,True,0.6428571428571429,False
7211,3,0.44990938901901245,0.023729801177978516,1,1384,2023-09-23,3703,222,Featherweight,-150.0,110.0,0.5575221238938053,11,10,0.42105263157894735,True,0.548542590865235,True
7212,3,0.3402230441570282,0.06415367126464844,1,1390,2023-09-23,4223,955,Bantamweight,180.0,-275.0,0.3275109170305677,0,1,0.3333333333333333,True,0.27801434425856436,True
7213,3,0.3963148295879364,0.11798304319381714,1,1387,2023-09-23,1064,3195,Middleweight,400.0,-650.0,0.1875,6,5,0.38461538461538464,True,0.14175105782947667,True
7214,3,0.44324609637260437,0.15883010625839233,0,1386,2023-09-23,2041,4115,Welterweight,-175.0,130.0,0.5940959409594095,6,27,0.41735537190082644,True,0.5909271427825701,True
7215,3,0.3694840669631958,0.09561264514923096,0,1388,2023-09-23,2445,10,Heavyweight,-105.0,-137.0,0.4697942231451765,13,2,0.3522727272727273,True,0.4384698759790529,True
7216,3,0.4632090926170349,0.07322907447814941,0,1376,2023-10-07,5058,3160,Flyweight,-300.0,200.0,0.6923076923076924,1,5,0.46060606060606063,True,0.7085387469594987,True
7217,3,0.38692110776901245,0.11788046360015869,1,1377,2023-10-07,2745,3190,Strawweight,290.0,-455.0,0.23824855119124272,5,2,0.3522727272727273,True,0.18823913086405156,True
7218,3,0.5708451271057129,0.06433683633804321,0,1370,2023-10-07,1092,681,Lightweight,,,,9,22,0.6145454545454545,True,0.6145454545454545,False
7219,3,0.35151150822639465,0.006560862064361572,0,1371,2023-10-07,4237,1330,Middleweight,280.0,-405.0,0.24706457925636008,11,2,0.3389830508474576,True,0.19592547665506885,True
7220,3,0.5701358914375305,0.027902960777282715,1,1372,2023-10-07,3557,4709,Welterweight,-195.0,140.0,0.6133682830930537,10,18,0.6145454545454545,True,0.6338789409830561,True
7221,3,0.5143471956253052,0.013823390007019043,1,1373,2023-10-07,4219,3606,Lightweight,-500.0,300.0,0.7692307692307692,21,9,0.46794871794871795,True,0.7940922697675011,True
7222,3,0.37415972352027893,0.013910055160522461,1,1374,2023-10-07,1705,1205,Featherweight,-110.0,-125.0,0.48529411764705876,7,11,0.3522727272727273,True,0.45637730741668625,True
7223,3,0.5187376737594604,0.03690582513809204,0,1375,2023-10-07,3853,2827,Strawweight,105.0,-163.0,0.440425353763711,5,15,0.46794871794871795,True,0.4174782839268586,True
7224,3,0.42447882890701294,0.07497072219848633,1,1378,2023-10-07,630,1315,Bantamweight,-116.0,-125.0,0.49152542372881364,5,5,0.41735537190082644,True,0.4710684144285629,True
7225,3,0.5347347855567932,0.01905834674835205,1,1379,2023-10-07,3534,3739,Flyweight,120.0,-180.0,0.41420118343195267,13,10,0.46794871794871795,True,0.38743480427911564,True
7226,3,0.47391822934150696,0.01729273796081543,0,1362,2023-10-14,4822,3905,Middleweight,158.0,-210.0,0.3639351960554121,5,8,0.46060606060606063,True,0.33000777075161225,True
7227,3,0.3947054147720337,0.005952715873718262,0,1369,2023-10-14,946,3573,Strawweight,280.0,-420.0,0.24574669187145556,10,3,0.38461538461538464,True,0.19802522966169128,True
7228,3,0.46267908811569214,0.11417055130004883,1,1364,2023-10-14,4399,3369,Featherweight,145.0,-200.0,0.37974683544303806,27,7,0.46060606060606063,True,0.34768859343785075,True
7229,3,0.5850228667259216,0.04939305782318115,0,1363,2023-10-14,274,4157,Bantamweight,-105.0,-155.0,0.45730145175064046,3,3,0.6145454545454545,True,0.452941882916654,True
7230,3,0.37263166904449463,0.09706330299377441,1,1359,2023-10-14,3479,4489,Featherweight,130.0,-210.0,0.39092055485498106,28,7,0.3522727272727273,True,0.3490188996167649,True
7231,3,0.43203210830688477,0.01090085506439209,1,1360,2023-10-14,978,697,Flyweight,120.0,-167.0,0.4208701134930643,9,11,0.41735537190082644,True,0.3897186287186996,True
7232,3,0.5961435437202454,0.011490464210510254,1,1361,2023-10-14,735,84,Bantamweight,-125.0,-112.0,0.5125725338491296,12,6,0.6145454545454545,True,0.5173617536204582,True
7233,3,0.6098829507827759,0.05015689134597778,1,1368,2023-10-14,4736,894,Bantamweight,-305.0,200.0,0.6931818181818182,10,6,0.6428571428571429,True,0.7259789522210512,True
7234,3,0.5814709067344666,0.013888001441955566,1,1366,2023-10-14,3074,1667,Lightweight,-769.0,360.0,0.8027868554829339,7,0,0.6145454545454545,True,0.8385606721795418,True
7235,3,0.3918294310569763,0.004783153533935547,1,1367,2023-10-14,3006,1176,Bantamweight,,,,0,1,0.38461538461538464,True,0.38461538461538464,False
7236,3,0.5310842394828796,0.0031735897064208984,1,1365,2023-10-14,4020,1744,Bantamweight,-360.0,230.0,0.720873786407767,1,0,0.46794871794871795,True,0.7412085164160916,True
7237,3,0.5582352876663208,0.028916120529174805,1,1350,2023-10-21,4228,439,Bantamweight,-360.0,225.0,0.7177914110429447,8,1,0.6145454545454545,True,0.7501207547836702,True
7238,3,0.684161365032196,0.13618946075439453,1,1346,2023-10-21,4117,1106,Lightweight,-286.0,190.0,0.6824090834293236,14,14,0.6575342465753424,True,0.715622442963956,True
7239,3,0.4421449303627014,0.006049513816833496,0,1347,2023-10-21,392,3456,Middleweight,145.0,-420.0,0.33570045190445447,17,6,0.41735537190082644,True,0.29481986777561636,True
7240,3,0.5531023740768433,0.02585148811340332,0,1349,2023-10-21,4071,3265,Middleweight,425.0,-700.0,0.17877094972067037,14,1,0.5833333333333334,True,0.1441781143540332,True
7241,3,0.27007925510406494,0.0439075231552124,0,1351,2023-10-21,1600,2922,Flyweight,320.0,-520.0,0.2211126961483595,18,4,0.2631578947368421,True,0.16516775858733304,True
7242,3,0.49331724643707275,0.031181931495666504,1,1352,2023-10-21,3513,388,Lightweight,-205.0,150.0,0.6269113149847094,2,0,0.46060606060606063,True,0.6336520030367276,True
7243,3,0.7022020816802979,0.05660426616668701,1,1354,2023-10-21,2673,739,Middleweight,-250.0,194.0,0.6774193548387096,2,2,0.6575342465753424,True,0.7101510589973172,True
7244,3,0.682410717010498,0.012676656246185303,0,1355,2023-10-21,1036,4762,Lightweight,-286.0,210.0,0.6966839541096967,1,3,0.6575342465753424,True,0.7311779112996928,True
7245,3,0.32492026686668396,0.05281549692153931,1,1356,2023-10-21,504,2806,Featherweight,240.0,-400.0,0.26881720430107525,1,9,0.3333333333333333,True,0.21718404796534074,True
7246,3,0.6940140724182129,0.14707869291305542,1,1357,2023-10-21,2187,2544,Strawweight,-600.0,350.0,0.7941176470588235,1,7,0.6575342465753424,True,0.8327142938380367,True
7247,3,0.5572552680969238,0.029526114463806152,0,1358,2023-10-21,858,3868,Middleweight,250.0,-400.0,0.26315789473684204,7,0,0.6145454545454545,True,0.23332506792158145,True
7248,3,0.6710126399993896,0.06625479459762573,1,1336,2023-11-04,4558,3901,Heavyweight,-530.0,330.0,0.7834307322103815,5,27,0.6428571428571429,True,0.8210030053165722,True
7249,3,0.5132092833518982,0.09861624240875244,0,1337,2023-11-04,3427,531,Welterweight,-654.0,380.0,0.8063289838693106,2,11,0.46794871794871795,True,0.8332758693148641,True
7250,3,0.4654006361961365,0.019353508949279785,0,1338,2023-11-04,3906,1168,Heavyweight,160.0,-222.0,0.3580960854092527,7,5,0.46060606060606063,True,0.3235154917859313,True
7251,3,0.310288667678833,0.05103158950805664,0,1339,2023-11-04,736,973,Middleweight,230.0,-333.0,0.2826555258176121,2,4,0.32142857142857145,True,0.2301900846775399,True
7252,3,0.3488657772541046,0.02617090940475464,0,1340,2023-11-04,2799,2110,Catch Weight,160.0,-260.0,0.34749034749034746,0,2,0.3333333333333333,True,0.29940610103468196,True
7253,3,0.4276288151741028,0.050223708152770996,0,1342,2023-11-04,979,1207,Light Heavyweight,200.0,-275.0,0.3125,6,2,0.41735537190082644,True,0.2698052734705491,True
7254,3,0.6128747463226318,0.08026760816574097,0,1343,2023-11-04,3320,1021,Strawweight,-150.0,110.0,0.5575221238938053,3,23,0.6428571428571429,True,0.5728536053754116,True
7255,3,0.5506851673126221,0.006684780120849609,1,1344,2023-11-04,3722,1804,Strawweight,-769.0,450.0,0.8295577130528587,0,3,0.5517241379310345,True,0.8614880498630544,True
7256,3,0.5325738191604614,0.06195235252380371,0,1345,2023-11-04,1851,785,Lightweight,150.0,-222.0,0.36716077537058156,0,14,0.46794871794871795,True,0.3343182642411893,True
7257,3,0.5058244466781616,0.0772404670715332,0,1329,2023-11-11,3825,3681,Strawweight,140.0,-230.0,0.37414965986394555,5,9,0.46060606060606063,True,0.3414134601652297,True
7258,3,0.5546355247497559,0.0036880970001220703,1,1323,2023-11-11,2749,3603,Light Heavyweight,-125.0,-108.0,0.5168986083499005,6,3,0.6145454545454545,True,0.5224020203901434,True
7259,3,0.526924192905426,0.0033391714096069336,1,1324,2023-11-11,2691,1488,Heavyweight,-130.0,-118.0,0.5108147080028839,7,7,0.46794871794871795,True,0.49911867020225464,True
7260,3,0.5270156860351562,0.03761768341064453,1,1325,2023-11-11,1518,2431,Strawweight,165.0,-250.0,0.34567901234567905,25,11,0.46794871794871795,True,0.31046819386675095,True
7261,3,0.38884836435317993,0.001662611961364746,0,1326,2023-11-11,868,41,Lightweight,,,,9,5,0.375,True,0.375,False
7262,3,0.43694186210632324,0.010814428329467773,1,1328,2023-11-11,3349,3596,Flyweight,-240.0,155.0,0.6428571428571428,1,2,0.41735537190082644,True,0.647709386840826,True
7263,3,0.3814694285392761,0.06418871879577637,0,1330,2023-11-11,2891,4506,Lightweight,450.0,-920.0,0.16776315789473686,8,2,0.3522727272727273,True,0.12199906543632831,True
7264,3,0.6035633087158203,0.04137289524078369,1,1332,2023-11-11,1823,258,Lightweight,-270.0,155.0,0.6504487482286254,13,5,0.6428571428571429,True,0.6787641206833122,True
7265,3,0.45959270000457764,0.03204381465911865,1,1333,2023-11-11,2683,71,Catch Weight,-145.0,-110.0,0.5304878048780488,5,12,0.46060606060606063,True,0.5212813566629453,True
7266,3,0.4117922782897949,0.005569815635681152,0,1334,2023-11-11,3401,509,Flyweight,180.0,-250.0,0.33333333333333337,0,1,0.41735537190082644,True,0.29224897124741483,True
7267,3,0.4048670530319214,0.08691012859344482,0,1335,2023-11-11,3495,1876,Featherweight,195.0,-260.0,0.31943212067435667,1,5,0.38461538461538464,True,0.2742692515776183,True
7268,3,0.29817742109298706,0.08619034290313721,1,1327,2023-11-11,4704,602,Featherweight,-105.0,-130.0,0.4753937007874017,2,6,0.2631578947368421,True,0.43364535040250013,True
7269,3,0.6089091897010803,0.031455397605895996,0,1315,2023-11-18,2639,977,Featherweight,-150.0,-100.0,0.5454545454545454,6,4,0.6428571428571429,True,0.5588799808379858,True
7270,3,0.4329136312007904,0.03832125663757324,0,1312,2023-11-18,2077,326,Bantamweight,460.0,-900.0,0.16556291390728478,1,0,0.41735537190082644,True,0.12323971413733888,True
7271,3,0.5635162591934204,0.020592689514160156,0,1314,2023-11-18,3490,3091,Welterweight,-110.0,-120.0,0.48987854251012153,4,0,0.6145454545454545,True,0.49090555936121427,True
7272,3,0.5621258020401001,0.04645109176635742,1,1310,2023-11-18,2658,2938,Welterweight,-375.0,230.0,0.7226277372262774,3,18,0.6145454545454545,True,0.7553291812734954,True
7273,3,0.3279874920845032,0.07258749008178711,0,1309,2023-11-18,1741,2789,Middleweight,310.0,-470.0,0.2282739287144573,16,12,0.3333333333333333,True,0.17716351369697325,True
7274,3,0.49727538228034973,0.05324959754943848,1,1311,2023-11-18,1993,3578,Lightweight,-225.0,150.0,0.6338028169014084,7,6,0.46060606060606063,True,0.6416196395578205,True
7275,3,0.39475417137145996,0.07484471797943115,0,1313,2023-11-18,1362,1693,Strawweight,185.0,-250.0,0.32941176470588235,3,9,0.38461538461538464,True,0.28496253259915405,True
7276,3,0.6868348121643066,0.0006123781204223633,0,1319,2023-11-18,2937,2537,Featherweight,-602.0,375.0,0.8028920398708409,2,1,0.6575342465753424,True,0.8413863013019923,True
7277,3,0.3341110944747925,0.07257533073425293,0,1320,2023-11-18,2319,3358,Bantamweight,145.0,-200.0,0.37974683544303806,9,2,0.3333333333333333,True,0.3345848556210311,True
7278,3,0.38281458616256714,0.02008998394012451,0,1317,2023-11-18,2659,3287,Middleweight,400.0,-720.0,0.18552036199095023,4,2,0.3522727272727273,True,0.13809743814562936,True
7279,3,0.3780239522457123,0.021366775035858154,0,1318,2023-11-18,379,1802,Heavyweight,260.0,-425.0,0.2554744525547445,0,1,0.3522727272727273,True,0.20530960123996667,True
7280,3,0.5662730932235718,0.015262722969055176,1,1322,2023-11-18,4608,3787,Flyweight,-158.0,110.0,0.5625635808748729,0,5,0.6145454545454545,True,0.5754549785792529,True
7281,3,0.6204091310501099,0.08844983577728271,1,1316,2023-11-18,4921,2324,Bantamweight,-225.0,160.0,0.6428571428571429,1,2,0.6428571428571429,True,0.6702595958833645,True
7282,3,0.5330214500427246,0.11834317445755005,1,1297,2023-12-02,1482,4002,Lightweight,-325.0,210.0,0.7033158813263526,9,22,0.46794871794871795,True,0.721594376989989,True
7283,3,0.5014887452125549,0.024912238121032715,0,1298,2023-12-02,681,3931,Lightweight,,,,23,10,0.46060606060606063,True,0.46060606060606063,False
7284,3,0.49605777859687805,0.08512353897094727,0,1299,2023-12-02,1172,4866,Bantamweight,-145.0,-100.0,0.5420560747663551,16,14,0.46060606060606063,True,0.5347975821420319,True
7285,3,0.394326388835907,0.09782803058624268,0,1300,2023-12-02,717,2792,Welterweight,-110.0,-125.0,0.48529411764705876,21,6,0.38461538461538464,True,0.46013796274453783,True
7286,3,0.5150636434555054,0.14681905508041382,0,1301,2023-12-02,2215,1169,Lightweight,250.0,-350.0,0.26865671641791045,35,9,0.46794871794871795,True,0.2276579979645587,True
7287,3,0.46199968457221985,0.06338673830032349,1,1302,2023-12-02,3330,626,Middleweight,210.0,-375.0,0.2900763358778626,5,6,0.46060606060606063,True,0.24960810830135816,True
7288,3,0.4041699767112732,0.03330790996551514,1,1303,2023-12-02,2263,4525,Bantamweight,115.0,-155.0,0.43348916277093075,12,4,0.38461538461538464,True,0.4005391057058948,True
7289,3,0.5158112049102783,0.013237714767456055,0,1304,2023-12-02,4467,1064,Middleweight,-345.0,180.0,0.6846208362863218,0,7,0.46794871794871795,True,0.7005096771710622,True
7290,3,0.40360021591186523,0.09392690658569336,1,1305,2023-12-02,2743,3463,Lightweight,-140.0,-115.0,0.5216637781629117,9,6,0.38461538461538464,True,0.5024782087671937,True
7291,3,0.497608482837677,0.027337193489074707,1,1306,2023-12-02,3391,4368,Light Heavyweight,-450.0,300.0,0.7659574468085105,0,3,0.46060606060606063,True,0.7900392290088601,True
7292,3,0.6287953853607178,0.08540624380111694,0,1307,2023-12-02,1577,4263,Welterweight,-225.0,155.0,0.6383866481223922,8,5,0.6428571428571429,True,0.665236740440629,True
7293,3,0.4672451615333557,0.013891458511352539,0,1308,2023-12-02,4019,2432,Flyweight,-215.0,143.0,0.6238581407845244,1,6,0.46060606060606063,True,0.6301176481213075,True
7294,3,0.46742525696754456,0.04008603096008301,1,1290,2023-12-09,1732,4748,Middleweight,150.0,-205.0,0.3730886850152905,7,9,0.46060606060606063,True,0.3402259518477665,True
7295,3,0.43362027406692505,0.04691886901855469,0,1286,2023-12-09,4736,1200,Bantamweight,275.0,-400.0,0.25,11,12,0.41735537190082644,True,0.20469120333106927,True
7296,3,0.4246385097503662,0.004921913146972656,1,1287,2023-12-09,4279,3269,Light Heavyweight,-230.0,155.0,0.6399345335515548,14,20,0.41735537190082644,True,0.6443215210043368,True
7297,3,0.4114704132080078,0.03872716426849365,0,1288,2023-12-09,3646,4065,Lightweight,150.0,-210.0,0.37125748502994016,9,11,0.41735537190082644,True,0.33390665501400163,True
7298,3,0.6205445528030396,0.018726885318756104,0,1289,2023-12-09,2363,1600,Bantamweight,,,,5,19,0.6428571428571429,True,0.6428571428571429,False
7299,3,0.4968036413192749,0.02720510959625244,0,1291,2023-12-09,3484,2351,Welterweight,114.0,-165.0,0.4287332146901796,8,1,0.46060606060606063,True,0.4032766135330458,True
7300,3,0.49324968457221985,0.08071446418762207,1,1293,2023-12-09,3846,2583,Lightweight,190.0,-810.0,0.27922675667382635,5,2,0.46060606060606063,True,0.23815305097283537,True
7301,3,0.6347528696060181,0.04674941301345825,1,1294,2023-12-09,1344,302,Bantamweight,-180.0,120.0,0.5857988165680474,1,6,0.6428571428571429,True,0.6054396272763484,True
7302,3,0.6503984928131104,0.15525710582733154,1,1295,2023-12-09,17,3045,Flyweight,-650.0,380.0,0.806201550387597,4,3,0.6428571428571429,True,0.8437089168565658,True
7303,3,0.41436338424682617,0.052454590797424316,1,1296,2023-12-09,722,3865,Strawweight,130.0,-167.0,0.4100752572569498,0,0,0.41735537190082644,True,0.3774648844643147,True
7304,3,0.3213224411010742,0.07553529739379883,0,1292,2023-12-09,783,1152,Flyweight,370.0,-700.0,0.19559902200488996,2,1,0.3333333333333333,True,0.14627200346462546,True
7305,3,0.33287739753723145,0.05725240707397461,1,1278,2023-12-16,4245,4747,Featherweight,180.0,-290.0,0.324459234608985,13,8,0.3333333333333333,True,0.274775628802262,True
7306,3,0.6250803470611572,0.11492753028869629,1,1274,2023-12-16,169,1005,Welterweight,-170.0,105.0,0.5634599838318513,16,15,0.6428571428571429,True,0.57971595716127,True
7307,3,0.5091732740402222,0.04039788246154785,0,1275,2023-12-16,1629,3958,Flyweight,155.0,-230.0,0.36006546644844517,7,13,0.46060606060606063,True,0.3257028514950004,True
7308,3,0.3104567527770996,0.07469058036804199,0,1276,2023-12-16,3732,245,Welterweight,425.0,-810.0,0.17627118644067796,19,5,0.32142857142857145,True,0.12797044944895772,True
7309,3,0.6371362209320068,0.13632571697235107,1,1277,2023-12-16,1943,3525,Lightweight,-375.0,240.0,0.7285714285714285,4,22,0.6428571428571429,True,0.764094967428232,True
7310,3,0.49674636125564575,0.04684317111968994,0,1279,2023-12-16,146,2559,Light Heavyweight,-300.0,210.0,0.6992481203007519,12,11,0.46060606060606063,True,0.7163703868410426,True
7311,3,0.599624514579773,0.026861071586608887,0,1280,2023-12-16,3698,3777,Bantamweight,145.0,-190.0,0.3838517538054269,8,12,0.6145454545454545,True,0.36797274057309093,True
7312,3,0.42519378662109375,0.002892732620239258,1,1282,2023-12-16,510,208,Flyweight,,,,10,5,0.41735537190082644,True,0.41735537190082644,False
7313,3,0.3402026891708374,0.024059176445007324,1,1283,2023-12-16,280,2844,Flyweight,-184.0,138.0,0.6066046099290779,4,8,0.3333333333333333,True,0.5961445508075648,True
7314,3,0.603819727897644,0.05911397933959961,1,1284,2023-12-16,692,3742,Featherweight,-190.0,140.0,0.6112600536193029,20,2,0.6428571428571429,True,0.6345428623765617,True
7315,3,0.6486914157867432,0.03641366958618164,0,1285,2023-12-16,3687,3305,Heavyweight,-145.0,-105.0,0.5360685302073941,4,0,0.6428571428571429,True,0.5479893267956615,True
7316,3,0.6168293356895447,0.007444977760314941,1,1281,2023-12-16,4633,3126,Bantamweight,-200.0,145.0,0.6202531645569621,13,15,0.6428571428571429,True,0.644757545717894,True
7317,3,0.5917432308197021,0.08635604381561279,1,1263,2024-01-13,2320,189,Light Heavyweight,-588.0,375.0,0.802355644929618,12,12,0.6145454545454545,True,0.8381306645517499,True
7318,3,0.4750099778175354,0.04709267616271973,0,1264,2024-01-13,4424,2795,Lightweight,120.0,-170.0,0.4192546583850932,13,42,0.46060606060606063,True,0.3924361956966851,True
7319,3,0.5639948844909668,0.021723628044128418,0,1265,2024-01-13,1387,777,Bantamweight,-200.0,140.0,0.6153846153846154,11,9,0.6145454545454545,True,0.6361787196854157,True
7320,3,0.3715195059776306,0.036174654960632324,1,1266,2024-01-13,5029,3668,Middleweight,-145.0,105.0,0.5481788842784694,2,7,0.3522727272727273,True,0.5297296621527037,True
7321,3,0.4083036184310913,0.14397048950195312,0,1267,2024-01-13,1289,4755,Heavyweight,,,,40,4,0.41735537190082644,True,0.41735537190082644,False
7322,3,0.5005995631217957,0.06861042976379395,1,1268,2024-01-13,1853,1056,Welterweight,-120.0,-130.0,0.4911032028469751,3,9,0.46060606060606063,True,0.4753495078676668,True
7323,3,0.517173171043396,0.054243505001068115,1,1269,2024-01-13,4586,2819,Bantamweight,-270.0,185.0,0.6752961825362002,2,1,0.46794871794871795,True,0.6899240699620116,True
7324,3,0.4900481104850769,0.04469764232635498,1,1270,2024-01-13,1683,3413,Bantamweight,-375.0,220.0,0.7164179104477612,2,5,0.46060606060606063,True,0.7356243930981864,True
7325,3,0.587922215461731,0.01622617244720459,1,1271,2024-01-13,4839,4108,Featherweight,-1205.0,550.0,0.8571819425444596,0,1,0.6145454545454545,True,0.8909280879498064,True
7326,3,0.5547477006912231,0.019778966903686523,0,1272,2024-01-13,1725,2176,Lightweight,-430.0,270.0,0.7501178689297502,0,4,0.6145454545454545,True,0.7845632745270932,True
7327,3,0.313590943813324,0.014307856559753418,0,1273,2024-01-13,3586,509,Flyweight,215.0,-300.0,0.29739776951672864,0,2,0.32820928559380086,True,0.2459404471754747,True
7328,3,0.36217957735061646,0.14363062381744385,0,1256,2024-01-20,686,1401,Bantamweight,-238.0,165.0,0.6510787653556311,5,2,0.3389830508474576,True,0.6489784761273684,True
7329,4,0.5418696403503418,0.0067141056060791016,1,1252,2024-01-20,4933,4058,Bantamweight,130.0,-182.0,0.4025121324578932,17,9,0.5531914893617021,True,0.38736826142162206,True
7330,4,0.6192107200622559,0.21089965105056763,0,1253,2024-01-20,5072,1143,Welterweight,-420.0,275.0,0.7517899761336516,3,31,0.6604361370716509,True,0.7964871255196272,True
7331,4,0.4389857053756714,0.031079530715942383,1,1254,2024-01-20,1918,1147,Middleweight,-200.0,145.0,0.6202531645569621,7,11,0.42857142857142855,True,0.6274773521616431,True
7332,4,0.5532547235488892,0.05719494819641113,1,1255,2024-01-20,4085,1034,Featherweight,-220.0,150.0,0.632183908045977,7,11,0.5531914893617021,True,0.6554006351495915,True
7333,4,0.5941494703292847,0.0737646222114563,1,1251,2024-01-20,1534,2975,Middleweight,-115.0,-110.0,0.5052301255230125,6,20,0.6083333333333334,True,0.5146173151933471,True
7334,4,0.39275604486465454,0.044769287109375,1,1262,2024-01-20,3619,1449,Flyweight,160.0,-220.0,0.3587443946188341,3,6,0.41025641025641024,True,0.32134176261815917,True
7335,4,0.5367041826248169,0.044558048248291016,0,1258,2024-01-20,3256,1052,Bantamweight,-220.0,145.0,0.6274738067520372,0,0,0.5348837209302325,True,0.647952455766926,True
7336,4,0.30705058574676514,0.004433155059814453,0,1259,2024-01-20,1884,1335,Strawweight,230.0,-320.0,0.28455284552845533,9,15,0.2987551867219917,True,0.2298894158660218,True
7337,4,0.3664724826812744,0.0036677122116088867,1,1260,2024-01-20,3434,469,Welterweight,115.0,-152.0,0.43538355217691777,1,3,0.36,True,0.40218290034035026,True
7338,4,0.35794365406036377,0.1058506965637207,0,1261,2024-01-20,576,1209,Bantamweight,290.0,-440.0,0.23936170212765953,9,5,0.2987551867219917,True,0.1847790981997173,True
7339,4,0.4777753949165344,0.018745899200439453,0,1257,2024-01-20,3703,2664,Featherweight,-218.0,155.0,0.636113971850326,12,6,0.44660194174757284,True,0.6479990227911772,True
7340,4,0.3824847340583801,0.09110832214355469,0,1238,2024-02-03,3243,437,Middleweight,135.0,-182.0,0.3973509933774834,8,7,0.36,True,0.35881718757653924,True
7341,4,0.4854430854320526,0.025595664978027344,1,1244,2024-02-03,2701,3853,Strawweight,-305.0,200.0,0.6931818181818182,11,6,0.44660194174757284,True,0.7133776476192837,True
7342,4,0.7271161079406738,0.10033023357391357,1,1240,2024-02-03,1933,3136,Welterweight,-280.0,210.0,0.6955128205128205,16,9,0.7272727272727273,True,0.7448728944655273,True
7343,4,0.7321935892105103,0.017420172691345215,1,1241,2024-02-03,2840,978,Flyweight,-360.0,260.0,0.7380410022779044,4,10,0.7272727272727273,True,0.7888690670919447,True
7344,4,0.5655132532119751,0.08166217803955078,0,1243,2024-02-03,562,467,Welterweight,-220.0,155.0,0.6367763904653803,2,1,0.6083333333333334,True,0.6668507233662548,True
7345,4,0.4999493956565857,0.032144904136657715,1,1250,2024-02-03,5087,1896,Heavyweight,140.0,-180.0,0.39325842696629215,2,0,0.44660194174757284,True,0.3643965139009058,True
7346,4,0.37353765964508057,0.1426299810409546,1,1245,2024-02-03,3787,696,Flyweight,185.0,-320.0,0.3153153153153153,6,1,0.36,True,0.268458445051271,True
7347,4,0.4066416919231415,0.04181480407714844,0,1247,2024-02-03,1468,4339,Featherweight,120.0,-222.0,0.39733464955577497,2,1,0.4111111111111111,True,0.3649198889011474,True
7348,4,0.3868602514266968,0.02880275249481201,0,1248,2024-02-03,1024,3433,Flyweight,-165.0,120.0,0.5780254777070064,7,7,0.36,True,0.5693555309489428,True
7349,4,0.469974547624588,0.012164115905761719,0,1249,2024-02-03,407,3276,Lightweight,110.0,-150.0,0.4424778761061947,1,0,0.44660194174757284,True,0.42111296616986993,True
7350,4,0.5465767979621887,0.026025056838989258,1,1239,2024-02-03,1285,4219,Lightweight,-205.0,155.0,0.6315312594382362,14,22,0.5531914893617021,True,0.6546551860338194,True
7351,4,0.47505316138267517,0.17526674270629883,1,1246,2024-02-03,3172,3805,Welterweight,-250.0,160.0,0.6499999999999999,2,2,0.44660194174757284,True,0.6640495538885437,True
7352,4,0.68108069896698,0.06079399585723877,0,1224,2024-02-10,1330,4468,Middleweight,-275.0,200.0,0.6875,3,16,0.6666666666666666,True,0.729478453439398,True
7353,4,0.578898549079895,0.05383574962615967,1,1225,2024-02-10,123,692,Featherweight,-220.0,140.0,0.6226415094339622,15,21,0.6083333333333334,True,0.6508309402567941,True
7354,4,0.4739382266998291,0.03605973720550537,0,1226,2024-02-10,3837,4368,Middleweight,-230.0,125.0,0.6106194690265487,0,4,0.44660194174757284,True,0.6183476397908213,True
7355,4,0.5382859110832214,0.12988412380218506,1,1227,2024-02-10,1733,3081,Middleweight,-260.0,185.0,0.673024523160763,7,23,0.5348837209302325,True,0.6996852384028363,True
7356,4,0.4484611749649048,0.03488922119140625,1,1228,2024-02-10,4421,3877,Lightweight,-155.0,115.0,0.5665108372290693,28,1,0.4375,True,0.565540584492245,True
7357,4,0.45187294483184814,0.10748016834259033,1,1229,2024-02-10,3444,1724,Middleweight,-120.0,-130.0,0.4911032028469751,6,4,0.4375,True,0.4768056403407503,True
7358,4,0.40945079922676086,0.007568180561065674,1,1230,2024-02-10,2640,3838,Welterweight,-280.0,200.0,0.6885245901639344,0,12,0.4111111111111111,True,0.7044156272022135,True
7359,4,0.4505041837692261,0.03039240837097168,1,1231,2024-02-10,2079,1360,Lightweight,-200.0,143.0,0.6183206106870229,0,0,0.4375,True,0.6262670735385423,True
7360,4,0.6395497918128967,0.05685532093048096,1,1232,2024-02-10,3984,2322,Strawweight,-350.0,220.0,0.713375796178344,7,2,0.6604361370716509,True,0.7565064677311537,True
7361,4,0.4518316984176636,0.02771782875061035,1,1233,2024-02-10,3621,2595,Light Heavyweight,180.0,-238.0,0.33651931501393867,8,16,0.4375,True,0.29960592840630484,True
7362,4,0.580315887928009,0.033345818519592285,0,1234,2024-02-10,3608,3728,Welterweight,-186.0,120.0,0.5886075949367089,5,15,0.6083333333333334,True,0.6118438535468205,True
7363,4,0.5652569532394409,0.09831726551055908,0,1235,2024-02-10,1632,3802,Light Heavyweight,-142.0,105.0,0.5460513974864003,3,1,0.6083333333333334,True,0.5624446806534824,True
7364,4,0.4741819500923157,0.051075100898742676,0,1236,2024-02-10,3741,2070,Featherweight,175.0,-250.0,0.3373493975903614,3,0,0.44660194174757284,True,0.3014764231496679,True
7365,4,0.3834071457386017,0.017769157886505127,1,1217,2024-02-17,811,2431,Strawweight,-162.0,110.0,0.5649285951511126,10,12,0.36,True,0.5538741587864279,True
7366,4,0.6524457931518555,0.022945284843444824,1,1213,2024-02-17,1970,2159,Middleweight,-240.0,165.0,0.6516393442622951,20,8,0.6604361370716509,True,0.6895110538693658,True
7367,4,0.3545810282230377,0.06449270248413086,0,1214,2024-02-17,3080,240,Welterweight,195.0,-290.0,0.31312725812926534,10,6,0.2987551867219917,True,0.25951327888800446,True
7368,4,0.723028838634491,0.05976879596710205,1,1215,2024-02-17,4284,2451,Bantamweight,-333.0,210.0,0.7044973725516959,11,13,0.7272727272727273,True,0.7543149531009244,True
7369,4,0.5595322847366333,0.05012869834899902,1,1216,2024-02-17,5061,4920,Middleweight,-250.0,155.0,0.6455696202531646,7,6,0.6083333333333334,True,0.6767587012974227,True
7370,4,0.6170975565910339,0.11022889614105225,1,1212,2024-02-17,1809,1106,Featherweight,,,,6,15,0.6604361370716509,True,0.6604361370716509,False
7371,4,0.3504556715488434,0.09030604362487793,1,1218,2024-02-17,2134,60,Heavyweight,,,,17,2,0.2987551867219917,True,0.2987551867219917,False
7372,4,0.6649227142333984,0.02185368537902832,1,1219,2024-02-17,438,809,Bantamweight,-1600.0,700.0,0.8827586206896552,2,0,0.6604361370716509,True,0.9194722365474806,True
7373,4,0.5098110437393188,0.04683363437652588,1,1220,2024-02-17,35,2543,Light Heavyweight,-136.0,-110.0,0.5238444607483492,0,0,0.44660194174757284,True,0.5164346304576377,True
7374,4,0.4353412985801697,0.04168128967285156,0,1221,2024-02-17,167,2790,Welterweight,155.0,-205.0,0.3684687405617638,2,0,0.42857142857142855,True,0.3342631400303613,True
7375,4,0.35601356625556946,0.0383455753326416,0,1223,2024-02-17,3467,3874,Flyweight,150.0,-222.0,0.36716077537058156,11,8,0.2987551867219917,True,0.3175638731898485,True
7376,4,0.435440331697464,0.04628133773803711,0,1222,2024-02-17,901,2921,Welterweight,240.0,-400.0,0.26881720430107525,1,0,0.42857142857142855,True,0.22583272598905008,True
7377,4,0.31084883213043213,0.08506608009338379,1,1200,2024-02-24,1629,3403,Flyweight,210.0,-350.0,0.29315960912052114,8,15,0.2987551867219917,True,0.2387274619941879,True
7378,4,0.3415754735469818,0.0646563172340393,1,1201,2024-02-24,3223,1951,Featherweight,120.0,-175.0,0.4166666666666667,11,14,0.2987551867219917,True,0.37273742750082256,True
7379,4,0.41707220673561096,0.031407833099365234,0,1202,2024-02-24,1433,461,Lightweight,220.0,-350.0,0.2866242038216561,2,3,0.42857142857142855,True,0.24460641047035955,True
7380,4,0.4466504454612732,0.027492642402648926,0,1203,2024-02-24,3248,712,Strawweight,375.0,-800.0,0.19148936170212766,7,3,0.42857142857142855,True,0.14817042171891384,True
7381,4,0.538246214389801,0.132460355758667,0,1204,2024-02-24,1133,2155,Lightweight,130.0,-200.0,0.39473684210526316,2,2,0.5348837209302325,True,0.3762292481084973,True
7382,4,0.5356340408325195,0.027868151664733887,1,1205,2024-02-24,3499,423,Bantamweight,-192.0,133.0,0.6050638389958883,10,2,0.5072463768115942,True,0.6189299127405015,True
7383,4,0.5229390859603882,0.03086543083190918,0,1206,2024-02-24,5058,4967,Flyweight,-135.0,104.0,0.539576802507837,2,2,0.5072463768115942,True,0.5423808796284421,True
7384,4,0.5489091873168945,0.01738297939300537,1,1207,2024-02-24,679,80,Flyweight,-550.0,265.0,0.755409219190969,2,5,0.5531914893617021,True,0.7911657388496331,True
7385,4,0.48057103157043457,0.1355952024459839,0,1208,2024-02-24,641,1829,Lightweight,165.0,-220.0,0.35437430786268,7,6,0.44660194174757284,True,0.32043265534414866,True
7386,4,0.41507488489151,0.009099364280700684,0,1209,2024-02-24,3064,4498,Flyweight,,,,2,0,0.42857142857142855,True,0.42857142857142855,False
7387,4,0.43171602487564087,0.028661727905273438,1,1210,2024-02-24,3310,3425,Flyweight,-335.0,230.0,0.7176241480038947,1,4,0.42857142857142855,True,0.7390830127858087,True
7388,4,0.646757960319519,0.05875730514526367,1,1211,2024-02-24,504,2697,Featherweight,-600.0,375.0,0.8028169014084507,2,1,0.6604361370716509,True,0.8471337002860487,True
7389,4,0.6890112161636353,0.012426376342773438,1,1193,2024-03-02,3349,814,Flyweight,-500.0,350.0,0.7894736842105263,2,12,0.6666666666666666,True,0.8346606678760098,True
7390,4,0.6708611845970154,0.03680408000946045,0,1189,2024-03-02,3305,1045,Heavyweight,-210.0,140.0,0.6191646191646192,1,12,0.6666666666666666,True,0.6539293283288853,True
7391,4,0.45117634534835815,0.0850372314453125,0,1190,2024-03-02,1935,1207,Light Heavyweight,300.0,-500.0,0.23076923076923073,10,3,0.4375,True,0.1874574652921265,True
7392,4,0.7074188590049744,0.11066305637359619,1,1191,2024-03-02,2922,2586,Flyweight,-420.0,275.0,0.7517899761336516,5,9,0.6666666666666666,True,0.7970417794574133,True
7393,4,0.6456060409545898,0.004075765609741211,1,1192,2024-03-02,3465,1673,Bantamweight,-1667.0,750.0,0.8891224547422584,4,0,0.6604361370716509,True,0.9247886324111044,True
7394,4,0.5438635349273682,0.05266833305358887,1,1194,2024-03-02,1141,4692,Middleweight,-560.0,350.0,0.7924528301886793,16,8,0.5531914893617021,True,0.8293960766111189,True
7395,4,0.4124920964241028,0.01009821891784668,1,1196,2024-03-02,55,1167,Bantamweight,550.0,-2000.0,0.1390728476821192,6,4,0.42857142857142855,True,0.0998457097731106,True
7396,4,0.38781797885894775,0.00846552848815918,0,1197,2024-03-02,2333,3287,Middleweight,290.0,-450.0,0.23861171366594355,3,3,0.36,True,0.18922652934295575,True
7397,4,0.35384440422058105,0.0454709529876709,0,1198,2024-03-02,5014,4061,Lightweight,600.0,-1350.0,0.1330275229357798,0,7,0.2987551867219917,True,0.08876309466707515,True
7398,4,0.526444137096405,0.017037034034729004,0,1199,2024-03-02,1747,579,Lightweight,-150.0,105.0,0.5515695067264573,0,2,0.5072463768115942,True,0.5564607249527609,True
7399,4,0.5392559766769409,0.042317867279052734,0,1195,2024-03-02,3556,1202,Bantamweight,-108.0,-135.0,0.4747474747474747,0,0,0.5348837209302325,True,0.46957077180198226,True
7400,4,0.3731355667114258,0.013151764869689941,1,1179,2024-03-09,362,1200,Bantamweight,-175.0,120.0,0.5833333333333334,12,13,0.36,True,0.5756285756354883,True
7401,4,0.6596345901489258,0.026253581047058105,1,1175,2024-03-09,252,900,Bantamweight,-290.0,205.0,0.6939976461357396,11,22,0.6604361370716509,True,0.7358129386396124,True
7402,4,0.4389371871948242,0.1906590461730957,1,1176,2024-03-09,1820,41,Lightweight,,,,29,6,0.42857142857142855,True,0.42857142857142855,False
7403,4,0.6729621887207031,0.10825836658477783,1,1181,2024-03-09,2636,2802,Flyweight,-188.0,150.0,0.6200527704485488,10,16,0.6666666666666666,True,0.6549313283901442,True
7404,4,0.29427480697631836,0.07847452163696289,0,1178,2024-03-09,3148,1001,Welterweight,123.0,-170.0,0.4159605607764597,21,6,0.24390243902439024,True,0.36399935765050845,True
7405,4,0.5797531604766846,0.21404457092285156,0,1180,2024-03-09,4558,4325,Heavyweight,-145.0,105.0,0.5481788842784694,6,17,0.6083333333333334,True,0.5649276213288688,True
7406,4,0.3319318890571594,0.0792531967163086,1,1177,2024-03-09,524,1889,Welterweight,-100.0,-142.0,0.4600760456273764,0,20,0.2987551867219917,True,0.4223729890869576,True
7407,4,0.36629295349121094,0.10480952262878418,0,1182,2024-03-09,4507,102,Lightweight,350.0,-500.0,0.21052631578947367,34,8,0.36,True,0.16180278787512398,True
7408,4,0.6361403465270996,0.02150559425354004,0,1184,2024-03-09,673,3669,Light Heavyweight,-155.0,114.0,0.5653656042270325,15,5,0.6604361370716509,True,0.5916249127994501,True
7409,4,0.4551433026790619,0.048155248165130615,1,1188,2024-03-09,4391,3303,Flyweight,180.0,-250.0,0.33333333333333337,16,11,0.4375,True,0.29608888177825965,True
7410,4,0.4487612247467041,0.020350337028503418,0,1186,2024-03-09,4188,4981,Heavyweight,285.0,-420.0,0.24333177351427235,6,0,0.4375,True,0.2002184324839834,True
7411,4,0.6453471183776855,0.007615089416503906,1,1187,2024-03-09,2575,3659,Flyweight,-600.0,410.0,0.8138297872340425,1,5,0.6604361370716509,True,0.8576477389972684,True
7412,4,0.189974844455719,0.020311594009399414,0,1183,2024-03-09,4529,1099,Bantamweight,170.0,-238.0,0.34468692637160914,20,6,0.1111111111111111,True,0.26293273498098413,True
7413,4,0.5489225387573242,0.010233402252197266,1,1185,2024-03-09,3905,1800,Middleweight,-160.0,120.0,0.5751633986928104,9,12,0.5531914893617021,True,0.5895884938473914,True
7414,4,0.5857040882110596,0.040193796157836914,1,1168,2024-03-16,4379,2944,Lightweight,-500.0,360.0,0.7931034482758621,4,3,0.6083333333333334,True,0.8339434737376,True
7415,4,0.5623467564582825,0.19884705543518066,1,1162,2024-03-16,3156,4548,Heavyweight,-108.0,-120.0,0.4876847290640395,18,14,0.6083333333333334,True,0.49398890825174185,True
7416,4,0.22786766290664673,0.053452372550964355,1,1164,2024-03-16,172,1366,Light Heavyweight,455.0,-720.0,0.170265780730897,26,10,0.24390243902439024,True,0.11699889279134196,True
7417,4,0.45270484685897827,0.08335471153259277,1,1165,2024-03-16,4157,3083,Featherweight,150.0,-215.0,0.3695014662756598,4,1,0.4375,True,0.33642036598115554,True
7418,4,0.5425457954406738,0.1636807918548584,1,1166,2024-03-16,4202,4591,Bantamweight,-275.0,190.0,0.6801705756929638,9,9,0.5531914893617021,True,0.7095622213232687,True
7419,4,0.364115834236145,0.023993372917175293,1,1169,2024-03-16,4124,2740,Bantamweight,120.0,-177.0,0.4156662665066026,2,3,0.2987551867219917,True,0.3716062473629457,True
7420,4,0.5442417860031128,0.06845176219940186,0,1170,2024-03-16,2781,2497,Flyweight,132.0,-198.0,0.393472060842928,8,2,0.5531914893617021,True,0.37689389941007434,True
7421,4,0.4048079550266266,0.020493507385253906,1,1171,2024-03-16,2482,3313,Featherweight,150.0,-220.0,0.36781609195402304,0,6,0.4111111111111111,True,0.33157644068954994,True
7422,4,0.4903838336467743,0.10797762870788574,1,1172,2024-03-16,2549,3487,Strawweight,128.0,-175.0,0.40801186943620177,2,4,0.44660194174757284,True,0.3812879548387169,True
7423,4,0.3631725311279297,0.034583330154418945,0,1173,2024-03-16,354,3519,Lightweight,245.0,-380.0,0.26800670016750416,0,11,0.2987551867219917,True,0.21311391796904403,True
7424,4,0.5894249677658081,0.017401576042175293,0,1174,2024-03-16,1731,2324,Bantamweight,-180.0,135.0,0.6017069701280228,0,3,0.6083333333333334,True,0.626913330482733,True
7425,4,0.6012400388717651,0.0541151762008667,1,1167,2024-03-16,1227,3318,Middleweight,-280.0,195.0,0.6849087893864012,19,18,0.6083333333333334,True,0.7204708259189402,True
7426,4,0.4359865188598633,0.04508960247039795,0,1153,2024-03-23,32,91,Featherweight,-105.0,-139.0,0.46827766374323565,9,7,0.42857142857142855,True,0.448964370757683,True
7427,4,0.48754608631134033,0.03071349859237671,0,1149,2024-03-23,1693,141,Flyweight,170.0,-225.0,0.34852546916890076,10,14,0.44660194174757284,True,0.313898490821756,True
7428,4,0.5760370492935181,0.1221839189529419,1,1150,2024-03-23,1331,409,Heavyweight,-210.0,148.0,0.6268656716417911,2,8,0.6083333333333334,True,0.6556299415566819,True
7429,4,0.3857974410057068,0.041194796562194824,0,1151,2024-03-23,2199,3888,Middleweight,155.0,-200.0,0.37037037037037035,3,9,0.36,True,0.3285666782511691,True
7430,4,0.48261162638664246,0.014384686946868896,0,1152,2024-03-23,274,326,Bantamweight,130.0,-175.0,0.4059040590405904,4,1,0.44660194174757284,True,0.3788683973853853,True
7431,4,0.44413116574287415,0.020032405853271484,1,1160,2024-03-23,1975,2564,Flyweight,-165.0,125.0,0.5834970530451867,0,0,0.42857142857142855,True,0.5844219731331366,True
7432,4,0.56184983253479,0.03673958778381348,1,1154,2024-03-23,546,411,Featherweight,-185.0,135.0,0.6040291767974991,2,0,0.6083333333333334,True,0.6295768695244153,True
7433,4,0.7044892311096191,0.007495105266571045,1,1157,2024-03-23,4393,2547,Bantamweight,-150.0,110.0,0.5575221238938053,7,5,0.6666666666666666,True,0.5833780962534327,True
7434,4,0.5322988033294678,0.008701682090759277,0,1158,2024-03-23,1728,2229,Featherweight,-175.0,130.0,0.5940959409594095,0,2,0.5072463768115942,True,0.6061820850538735,True
7435,4,0.4637717604637146,0.0041158199310302734,1,1159,2024-03-23,5047,4223,Bantamweight,,,,0,1,0.44660194174757284,True,0.44660194174757284,False
7436,4,0.5816884636878967,0.01093602180480957,1,1161,2024-03-23,1802,10,Heavyweight,-145.0,114.0,0.558797046641455,2,3,0.6083333333333334,True,0.5773011991042571,True
7437,4,0.6511948108673096,0.04684317111968994,1,1155,2024-03-23,572,2751,Lightweight,-150.0,104.0,0.5503597122302158,4,5,0.6604361370716509,True,0.5742341969690562,True
7438,4,0.7210404872894287,0.0034636259078979492,0,1156,2024-03-23,222,3697,Featherweight,-185.0,140.0,0.6090534979423868,11,13,0.7272727272727273,True,0.6505583183019948,True
7439,4,0.3425712585449219,0.07231473922729492,1,1136,2024-03-30,2872,1224,Flyweight,-2000.0,-218.0,0.5814591332967636,6,6,0.2987551867219917,True,0.5650516704425109,True
7440,4,0.48794087767601013,0.052651405334472656,0,1137,2024-03-30,886,3557,Welterweight,-148.0,-103.0,0.540476361804706,20,11,0.44660194174757284,True,0.5360167831968473,True
7441,4,0.5220986008644104,0.06670176982879639,1,1138,2024-03-30,1664,858,Middleweight,130.0,-215.0,0.3891290920321186,18,8,0.5072463768115942,True,0.36659633933040575,True
7442,4,0.5308294296264648,0.13467496633529663,0,1139,2024-03-30,2673,4654,Middleweight,175.0,-667.0,0.29485824123017784,3,1,0.5072463768115942,True,0.26080830425610335,True
7443,4,0.5018775463104248,0.017390727996826172,1,1140,2024-03-30,2332,1705,Featherweight,155.0,-320.0,0.33980582524271846,8,8,0.44660194174757284,True,0.3041993751836702,True
7444,4,0.48938512802124023,0.004254460334777832,0,1148,2024-03-30,105,3247,Bantamweight,370.0,-550.0,0.2009273570324575,0,1,0.44660194174757284,True,0.1584700639810147,True
7445,4,0.5497525334358215,0.006438612937927246,1,1141,2024-03-30,852,4091,Welterweight,-1000.0,105.0,0.6507936507936507,5,3,0.5531914893617021,True,0.6765635395756852,True
7446,4,0.6885555982589722,0.033509254455566406,0,1143,2024-03-30,3681,358,Strawweight,,,,10,8,0.6666666666666666,True,0.6666666666666666,False
7447,4,0.31436699628829956,0.09442794322967529,0,1144,2024-03-30,1089,1615,Featherweight,270.0,-667.0,0.2371016105598318,4,9,0.2987551867219917,True,0.1825834814885909,True
7448,4,0.5004419684410095,0.010206103324890137,1,1145,2024-03-30,3495,3840,Featherweight,-357.0,-115.0,0.5935735828628877,2,0,0.44660194174757284,True,0.5984168808233752,True
7449,4,0.5379343032836914,0.04958587884902954,1,1146,2024-03-30,2179,4729,Light Heavyweight,-167.0,104.0,0.5606240126382306,0,3,0.5348837209302325,True,0.5704125489218694,True
7450,4,0.45444756746292114,0.0024999380111694336,0,1147,2024-03-30,4822,3195,Middleweight,190.0,-250.0,0.32558139534883723,6,6,0.4375,True,0.28756240013958323,True
7451,4,0.46893376111984253,0.002721071243286133,1,1142,2024-03-30,480,1876,Featherweight,140.0,-667.0,0.3239293859278655,7,6,0.44660194174757284,True,0.28667643749624266,True
7452,4,0.4184083938598633,0.14104855060577393,0,1128,2024-04-06,3513,2967,Lightweight,125.0,-175.0,0.41121495327102797,3,1,0.42857142857142855,True,0.3828416447979613,True
7453,4,0.25962501764297485,0.06231415271759033,0,1124,2024-04-06,1918,2789,Middleweight,175.0,-250.0,0.3373493975903614,8,13,0.24390243902439024,True,0.27831808515913725,True
7454,4,0.5869324207305908,0.027584075927734375,0,1125,2024-04-06,1205,112,Featherweight,-196.0,150.0,0.6234096692111959,12,11,0.6083333333333334,True,0.6517043447520604,True
7455,4,0.45407527685165405,0.030334115028381348,1,1126,2024-04-06,3168,4075,Featherweight,105.0,-148.0,0.44976423648893726,2,1,0.4375,True,0.42847805592771815,True
7456,4,0.5986694693565369,0.10711729526519775,1,1127,2024-04-06,145,1369,Lightweight,-360.0,240.0,0.7268408551068885,5,13,0.6083333333333334,True,0.765769890394399,True
7457,4,0.3822689354419708,0.21107083559036255,0,1129,2024-04-06,1371,4709,Welterweight,230.0,-370.0,0.2779420461265523,21,19,0.36,True,0.22912015874101524,True
7458,4,0.593982458114624,0.05241936445236206,0,1130,2024-04-06,275,707,Heavyweight,-260.0,180.0,0.6691176470588236,0,3,0.6083333333333334,True,0.703052251566059,True
7459,4,0.47280800342559814,0.016961336135864258,0,1132,2024-04-06,166,4035,Bantamweight,115.0,-160.0,0.4304635761589404,0,0,0.44660194174757284,True,0.40717851933935123,True
7460,4,0.5332255363464355,0.04838109016418457,0,1133,2024-04-06,1866,2148,Bantamweight,130.0,-180.0,0.4034582132564841,4,0,0.5072463768115942,True,0.38309810535580674,True
7461,4,0.620038628578186,0.043814897537231445,0,1134,2024-04-06,726,2321,Middleweight,-166.0,120.0,0.5785804816223068,0,0,0.6604361370716509,True,0.6068660308499857,True
7462,4,0.5260770320892334,0.06650108098983765,0,1135,2024-04-06,3006,3041,Bantamweight,-400.0,275.0,0.75,1,1,0.5072463768115942,True,0.7816218365113315,True
7463,4,0.6588134765625,0.060696184635162354,1,1131,2024-04-06,949,4542,Bantamweight,-125.0,-115.0,0.5094786729857821,8,9,0.6604361370716509,True,0.5264944796146391,True
7464,4,0.35151779651641846,0.038478970527648926,0,1115,2024-04-13,1064,4720,Middleweight,800.0,-1800.0,0.10497237569060774,8,2,0.2987551867219917,True,0.06631183664793333,True
7465,4,0.6712890863418579,0.030816853046417236,1,1113,2024-04-13,827,415,Lightweight,125.0,-195.0,0.4020442930153322,28,12,0.6666666666666666,True,0.40087568296364834,True
7466,4,0.38769394159317017,0.034289002418518066,1,1116,2024-04-13,3603,397,Light Heavyweight,-120.0,-130.0,0.4911032028469751,4,8,0.36,True,0.4668948067653641,True
7467,4,0.5729703903198242,0.07847762107849121,1,1112,2024-04-13,82,155,Strawweight,-590.0,350.0,0.7937219730941705,10,10,0.6083333333333334,True,0.8345570003481412,True
7468,4,0.4152454733848572,0.0719376802444458,1,1111,2024-04-13,2749,3975,Light Heavyweight,-155.0,110.0,0.5607235142118863,7,8,0.42857142857142855,True,0.5576300385052941,True
7469,4,0.6129534840583801,0.008793473243713379,1,1122,2024-04-13,681,2795,Lightweight,,,,24,43,0.6604361370716509,True,0.6604361370716509,False
7470,4,0.6417359113693237,0.07751047611236572,1,1114,2024-04-13,1482,4242,Lightweight,-220.0,155.0,0.6367763904653803,10,32,0.6604361370716509,True,0.6729550356582807,True
7471,4,0.38992631435394287,0.008985638618469238,1,1119,2024-04-13,4704,4489,Featherweight,-165.0,115.0,0.572408229124647,3,8,0.41025641025641024,True,0.5691211761569822,True
7472,4,0.474887877702713,0.08755934238433838,0,1118,2024-04-13,4417,1474,Bantamweight,340.0,-480.0,0.21545319465081725,15,0,0.44660194174757284,True,0.17278525633762587,True
7473,4,0.48181405663490295,0.06813430786132812,0,1123,2024-04-13,4633,4866,Bantamweight,250.0,-380.0,0.26519337016574585,14,15,0.44660194174757284,True,0.223606461810655,True
7474,4,0.24695056676864624,0.03116905689239502,0,1117,2024-04-13,781,1738,Featherweight,140.0,-200.0,0.38461538461538464,12,19,0.24390243902439024,True,0.32923749741751906,True
7475,4,0.5089517831802368,0.04993605613708496,0,1120,2024-04-13,3931,1285,Lightweight,-286.0,185.0,0.678627924402631,11,15,0.44660194174757284,True,0.6968631814909249,True
7476,4,0.5782840251922607,0.031248927116394043,1,1121,2024-04-13,1518,2206,Strawweight,-165.0,120.0,0.5780254777070064,26,12,0.6083333333333334,True,0.5996186538593993,True
7477,4,0.413917601108551,0.044606924057006836,1,1098,2024-04-27,2586,844,Flyweight,140.0,-190.0,0.38873994638069703,10,9,0.42857142857142855,True,0.3571772835714506,True
7478,4,0.6317379474639893,0.03030538558959961,0,1099,2024-04-27,1191,3802,Light Heavyweight,-195.0,148.0,0.6211148214744413,11,2,0.6604361370716509,True,0.6553556722905173,True
7479,4,0.5779494643211365,0.059282660484313965,1,1100,2024-04-27,3571,510,Flyweight,,,,3,11,0.6083333333333334,True,0.6083333333333334,False
7480,4,0.5787620544433594,0.011619091033935547,1,1101,2024-04-27,4732,446,Heavyweight,-375.0,250.0,0.7342657342657342,0,2,0.6083333333333334,True,0.7736312373803099,True
7481,4,0.3355395793914795,0.017671585083007812,1,1102,2024-04-27,3835,2639,Featherweight,120.0,-175.0,0.4166666666666667,5,7,0.2987551867219917,True,0.37273742750082256,True
7482,4,0.4648107588291168,0.15320348739624023,1,1110,2024-04-27,5027,4424,Lightweight,-265.0,175.0,0.6662857142857144,3,14,0.44660194174757284,True,0.6827662091606668,True
7483,4,0.4050630033016205,0.08100670576095581,0,1103,2024-04-27,4115,3490,Welterweight,210.0,-330.0,0.2959394356503785,28,5,0.4111111111111111,True,0.25287682066677947,True
7484,4,0.5608875751495361,0.007347524166107178,1,1105,2024-04-27,3497,5089,Lightweight,130.0,-190.0,0.3988995873452545,8,1,0.6083333333333334,True,0.38977724847433426,True
7485,4,0.6347121000289917,0.09712088108062744,0,1106,2024-04-27,379,3906,Heavyweight,-145.0,-105.0,0.5360685302073941,1,8,0.6604361370716509,True,0.5575990366240293,True
7486,4,0.36161819100379944,0.050136566162109375,0,1107,2024-04-27,1432,3179,Strawweight,250.0,-400.0,0.26315789473684204,1,1,0.2987551867219917,True,0.20825322687823034,True
7487,4,0.551815390586853,0.02598261833190918,0,1108,2024-04-27,2959,384,Lightweight,-500.0,300.0,0.7692307692307692,0,0,0.5531914893617021,True,0.8056015005788093,True
7488,4,0.5753411054611206,0.10567760467529297,1,1109,2024-04-27,4648,4442,Flyweight,-560.0,340.0,0.7887323943661972,1,3,0.6083333333333334,True,0.8295946788901285,True
7489,4,0.6100423336029053,0.08954036235809326,0,1104,2024-04-27,575,3717,Bantamweight,295.0,-500.0,0.23300970873786406,20,4,0.6604361370716509,True,0.2076190274260122,True
7490,4,0.25773561000823975,0.07109594345092773,1,1086,2024-05-04,1375,735,Bantamweight,120.0,-180.0,0.41420118343195267,20,13,0.24390243902439024,True,0.3620291433005707,True
7491,4,0.4184197783470154,0.013727426528930664,1,1090,2024-05-04,977,4168,Featherweight,-225.0,163.0,0.6454867739296428,5,7,0.42857142857142855,True,0.6568173337340469,True
7492,4,0.549100399017334,0.06185317039489746,0,1085,2024-05-04,3349,3958,Flyweight,150.0,-200.0,0.375,3,14,0.5531914893617021,True,0.3555882171655961,True
7493,4,0.6718533039093018,0.09320306777954102,0,1087,2024-05-04,1207,3269,Light Heavyweight,-550.0,310.0,0.7762478485370052,4,21,0.6666666666666666,True,0.8216434425472992,True
7494,4,0.6430109739303589,0.08252596855163574,1,1088,2024-05-04,3905,4368,Middleweight,-650.0,350.0,0.7959183673469387,10,5,0.6604361370716509,True,0.8404681437151966,True
7495,4,0.25956764817237854,0.044828832149505615,0,1089,2024-05-04,1741,973,Middleweight,390.0,-650.0,0.1905972045743329,17,5,0.24390243902439024,True,0.1347775563424637,True
7496,4,0.6878496408462524,0.013887166976928711,1,1091,2024-05-04,4014,2827,Strawweight,-435.0,280.0,0.7554844606946984,3,16,0.6666666666666666,True,0.8008002655386627,True
7497,4,0.5982412099838257,0.020573914051055908,1,1093,2024-05-04,2743,1169,Lightweight,-230.0,154.0,0.6390286589367754,10,10,0.6083333333333334,True,0.6693928904571328,True
7498,4,0.4299716651439667,0.037183940410614014,1,1094,2024-05-04,3968,3646,Lightweight,-275.0,175.0,0.6685082872928176,0,10,0.42857142857142855,True,0.6833680414895568,True
7499,4,0.5791216492652893,0.04992878437042236,0,1095,2024-05-04,3281,4739,Flyweight,180.0,-250.0,0.33333333333333337,0,0,0.6083333333333334,True,0.3140809363732483,True
7500,4,0.6083223819732666,0.07947468757629395,1,1097,2024-05-04,3596,3401,Flyweight,-141.0,105.0,0.5453259126497499,3,1,0.6604361370716509,True,0.5683823304090981,True
7501,4,0.4501071572303772,0.09712255001068115,0,1092,2024-05-04,2110,3091,Lightweight,205.0,-278.0,0.30834488946896155,3,1,0.4375,True,0.26876831009566743,True
7502,4,0.3534836769104004,0.14700078964233398,0,1096,2024-05-04,1014,4164,Lightweight,400.0,-600.0,0.1891891891891892,10,2,0.2987551867219917,True,0.13752707125508604,True
7503,4,0.5840898156166077,0.004624485969543457,1,1077,2024-05-11,2664,16,Featherweight,-298.0,175.0,0.673100616016427,7,29,0.6083333333333334,True,0.7074626745193477,True
7504,4,0.4778210520744324,0.03022456169128418,0,1078,2024-05-11,4981,4755,Heavyweight,,,,1,5,0.44660194174757284,True,0.44660194174757284,False
7505,4,0.6363193988800049,0.12332189083099365,0,1073,2024-05-11,1168,3901,Heavyweight,135.0,-175.0,0.4007285974499089,6,28,0.6604361370716509,True,0.39850902494311335,True
7506,4,0.5024172067642212,0.23575431108474731,1,1074,2024-05-11,3557,4654,Welterweight,-142.0,-100.0,0.5399239543726236,12,2,0.44660194174757284,True,0.5353663730978238,True
7507,4,0.43109816312789917,0.01796591281890869,0,1075,2024-05-11,2559,357,Light Heavyweight,210.0,-278.0,0.30488788514276494,12,6,0.42857142857142855,True,0.26415896910131165,True
7508,4,0.6893807053565979,0.1391761302947998,0,1076,2024-05-11,4506,3476,Lightweight,-480.0,320.0,0.7765793528505394,3,14,0.6666666666666666,True,0.8219722483060579,True
7509,4,0.5555944442749023,0.03290724754333496,0,1080,2024-05-11,3074,3871,Lightweight,120.0,-170.0,0.4192546583850932,8,2,0.6083333333333334,True,0.413570269857009,True
7510,4,0.49596747756004333,0.024129629135131836,1,1082,2024-05-11,5050,4994,Welterweight,-166.0,123.0,0.5818793423244993,1,1,0.44660194174757284,True,0.5847062083660169,True
7511,4,0.48466426134109497,0.023094892501831055,0,1083,2024-05-11,129,3787,Flyweight,-125.0,-122.0,0.5027173913043479,4,7,0.44660194174757284,True,0.4915790918003471,True
7512,4,0.6404790878295898,0.10071194171905518,1,1079,2024-05-11,1993,1269,Lightweight,-110.0,-130.0,0.4809885931558936,8,5,0.6604361370716509,True,0.4930092937492457,True
7513,4,0.5418433547019958,0.03288161754608154,0,1084,2024-05-11,3534,2432,Flyweight,-107.0,-125.0,0.481981981981982,14,7,0.5531914893617021,True,0.4803303945058407,True
7514,4,0.6128417253494263,0.07405084371566772,1,1081,2024-05-11,3825,3830,Strawweight,-160.0,120.0,0.5751633986928104,6,15,0.6604361370716509,True,0.6029321220040195,True
7515,4,0.6639226675033569,0.11011075973510742,1,1066,2024-05-18,1725,2941,Lightweight,-600.0,350.0,0.7941176470588235,1,1,0.6604361370716509,True,0.8387184031900639,True
7516,4,0.3261028528213501,0.10887455940246582,0,1061,2024-05-18,3479,3562,Featherweight,130.0,-175.0,0.4059040590405904,29,6,0.2987551867219917,True,0.3606009138579186,True
7517,4,0.510021448135376,0.03738737106323242,0,1062,2024-05-18,2694,3346,Welterweight,102.0,-140.0,0.45906656465187445,5,7,0.44660194174757284,True,0.4404303536015463,True
7518,4,0.6137937307357788,0.01616692543029785,1,1063,2024-05-18,3172,2553,Welterweight,-145.0,102.0,0.544525004647704,3,4,0.6604361370716509,True,0.5674504824258244,True
7519,4,0.5662004351615906,0.03408634662628174,1,1064,2024-05-18,84,1144,Bantamweight,-550.0,310.0,0.7762478485370052,7,2,0.6083333333333334,True,0.8170505831945586,True
7520,4,0.6488684415817261,0.029824256896972656,0,1065,2024-05-18,1362,1021,Strawweight,110.0,-152.0,0.4411764705882353,4,24,0.6604361370716509,True,0.4460974200251091,True
7521,4,0.5000522136688232,0.026789546012878418,1,1068,2024-05-18,3297,955,Bantamweight,-400.0,275.0,0.75,4,2,0.44660194174757284,True,0.7764800975283761,True
7522,4,0.524533748626709,0.026443839073181152,0,1069,2024-05-18,4071,736,Middleweight,205.0,-360.0,0.29525032092426184,15,3,0.5072463768115942,True,0.2612358231787573,True
7523,4,0.6524381637573242,0.15067028999328613,0,1070,2024-05-18,3821,3255,Strawweight,-250.0,180.0,0.6666666666666667,3,4,0.6604361370716509,True,0.7060939264041266,True
7524,4,0.5581642389297485,0.010688841342926025,0,1071,2024-05-18,2842,894,Bantamweight,-170.0,125.0,0.5862068965517242,3,7,0.6083333333333334,True,0.6090742612422442,True
7525,4,0.42170315980911255,0.035105109214782715,1,1072,2024-05-18,2745,3573,Strawweight,290.0,-420.0,0.24096385542168672,6,4,0.42857142857142855,True,0.19709274127447657,True
7526,4,0.5958137512207031,0.02891373634338379,1,1067,2024-05-18,1755,2893,Light Heavyweight,-600.0,350.0,0.7941176470588235,0,0,0.6083333333333334,True,0.8349492348347028,True
7527,4,0.6390184760093689,0.013804078102111816,1,1053,2024-06-01,1933,13,Welterweight,-195.0,148.0,0.6211148214744413,17,14,0.6604361370716509,True,0.6553556722905173,True
7528,4,0.5444008111953735,0.0579218864440918,1,1054,2024-06-01,4920,2321,Middleweight,-108.0,-127.0,0.4813476792586193,7,1,0.5531914893617021,True,0.47958478318965364,True
7529,4,0.6562393307685852,0.04712855815887451,1,1050,2024-06-01,2975,2159,Middleweight,-250.0,150.0,0.641025641025641,21,9,0.6604361370716509,True,0.6777033466642359,True
7530,4,0.470445454120636,0.03354537487030029,0,1051,2024-06-01,1800,1889,Middleweight,210.0,-330.0,0.2959394356503785,13,21,0.44660194174757284,True,0.25625292349385886,True
7531,4,0.6523332595825195,0.024082064628601074,0,1052,2024-06-01,4709,2863,Welterweight,-300.0,210.0,0.6992481203007519,20,16,0.6604361370716509,True,0.7414522099665978,True
7532,4,0.830259382724762,0.08863973617553711,1,1049,2024-06-01,4117,1820,Lightweight,-500.0,300.0,0.7692307692307692,15,30,0.9439288199547541,True,0.8509393041212906,True
7533,4,0.39086514711380005,0.006788372993469238,0,1056,2024-06-01,3463,1092,Lightweight,350.0,-600.0,0.20588235294117646,7,10,0.41025641025641024,True,0.1608492047153308,True
7534,4,0.3588028848171234,0.02916508913040161,0,1057,2024-06-01,1636,2938,Welterweight,130.0,-175.0,0.4059040590405904,5,19,0.2987551867219917,True,0.3606009138579186,True
7535,4,0.5608813166618347,0.08602917194366455,0,1058,2024-06-01,604,324,Welterweight,275.0,-450.0,0.24581005586592175,11,1,0.6083333333333334,True,0.21682352277058625,True
7536,4,0.5711054801940918,0.07556259632110596,1,1059,2024-06-01,3358,85,Bantamweight,-235.0,170.0,0.6544610624033007,3,7,0.6083333333333334,True,0.6867292334382871,True
7537,4,0.38696929812431335,0.013632059097290039,0,1060,2024-06-01,1072,1975,Flyweight,225.0,-330.0,0.28618968386023297,0,1,0.36,True,0.23768826014533928,True
7538,4,0.6405290365219116,0.02621173858642578,1,1055,2024-06-01,4558,3047,Heavyweight,-455.0,250.0,0.7415599534342259,7,8,0.6604361370716509,True,0.7859836909614267,True
7539,4,0.46152374148368835,0.06133061647415161,1,1040,2024-06-08,626,485,Welterweight,160.0,-225.0,0.3571428571428572,7,6,0.44660194174757284,True,0.3235332914003154,True
7540,4,0.30287832021713257,0.08659970760345459,0,1035,2024-06-08,774,437,Middleweight,-100.0,-130.0,0.4693877551020409,16,8,0.24390243902439024,True,0.42478404694545346,True
7541,4,0.5036585330963135,0.07390367984771729,0,1036,2024-06-08,146,3786,Light Heavyweight,-250.0,175.0,0.6626506024096386,13,10,0.44660194174757284,True,0.6785993824270353,True
7542,4,0.3945987820625305,0.036759138107299805,0,1041,2024-06-08,3519,4061,Lightweight,-102.0,-130.0,0.4718423169750604,12,8,0.41025641025641024,True,0.45084364999453735,True
7543,4,0.4380936622619629,0.10269951820373535,0,1038,2024-06-08,3330,5029,Middleweight,210.0,-300.0,0.3007518796992481,6,3,0.42857142857142855,True,0.2597058526883475,True
7544,4,0.4267321825027466,0.033040761947631836,0,1039,2024-06-08,4434,4467,Middleweight,-160.0,110.0,0.5637583892617449,6,1,0.42857142857142855,True,0.561203392536622,True
7545,4,0.3022536635398865,0.01699244976043701,0,1037,2024-06-08,2119,3285,Bantamweight,200.0,-320.0,0.30434782608695654,3,3,0.24390243902439024,True,0.24397461856848743,True
7546,4,0.3418390452861786,0.13925951719284058,1,1046,2024-06-08,3320,3722,Strawweight,163.0,-218.0,0.3567662171561918,4,1,0.2987551867219917,True,0.3062067631384417,True
7547,4,0.5660395622253418,0.0819404125213623,1,1044,2024-06-08,3739,3467,Flyweight,120.0,-175.0,0.4166666666666667,11,12,0.6083333333333334,True,0.4105398937314626,True
7548,4,0.5478610992431641,0.03586846590042114,1,1045,2024-06-08,1706,2683,Bantamweight,-145.0,-100.0,0.5420560747663551,3,6,0.5531914893617021,True,0.5509040985947214,True
7549,4,0.5269019603729248,0.04160809516906738,1,1048,2024-06-08,2430,3865,Strawweight,250.0,-375.0,0.2657342657342657,0,1,0.5072463768115942,True,0.2294113363236877,True
7550,4,0.5531848073005676,0.03140056133270264,1,1047,2024-06-08,3413,1086,Bantamweight,-290.0,210.0,0.6974398758727697,6,13,0.5531914893617021,True,0.728693611342346,True
7551,4,0.3843532204627991,0.0011794567108154297,0,1043,2024-06-08,805,686,Bantamweight,450.0,-750.0,0.1708542713567839,1,6,0.36,True,0.1247685246736255,True
7552,4,0.5525720119476318,0.09439051151275635,0,1042,2024-06-08,467,2640,Welterweight,175.0,-250.0,0.3373493975903614,2,1,0.5531914893617021,True,0.31265187924947047,True
7553,4,0.5841246843338013,0.057855844497680664,1,1024,2024-06-15,17,2586,Flyweight,-265.0,175.0,0.6662857142857144,5,11,0.6083333333333334,True,0.6999096514488304,True
7554,4,0.2519181966781616,0.06324779987335205,0,1025,2024-06-15,3454,4393,Bantamweight,130.0,-180.0,0.4034582132564841,12,8,0.24390243902439024,True,0.35004672145412563,True
7555,4,0.4519427418708801,0.10428416728973389,1,1026,2024-06-15,3742,1360,Featherweight,160.0,-200.0,0.36585365853658536,3,1,0.4375,True,0.3323144197817288,True
7556,4,0.5497294068336487,0.0219118595123291,1,1027,2024-06-15,3996,1401,Bantamweight,175.0,-285.0,0.32941176470588235,3,3,0.5531914893617021,True,0.3036984615136735,True
7557,4,0.4291023313999176,0.029838085174560547,0,1034,2024-06-15,1761,925,Strawweight,155.0,-225.0,0.3616133518776078,0,1,0.42857142857142855,True,0.32656942832774544,True
7558,4,0.523895263671875,0.05242300033569336,1,1028,2024-06-15,2575,4921,Flyweight,-500.0,300.0,0.7692307692307692,2,2,0.5072463768115942,True,0.8020290729332002,True
7559,4,0.2546098232269287,0.06597018241882324,0,1030,2024-06-15,3619,3160,Flyweight,425.0,-800.0,0.17647058823529413,4,6,0.24390243902439024,True,0.12236197880987051,True
7560,4,0.5972326993942261,0.002736806869506836,0,1031,2024-06-15,1217,3529,Flyweight,130.0,-167.0,0.4100752572569498,0,2,0.6083333333333334,True,0.40282828570702783,True
7561,4,0.32773470878601074,0.12428164482116699,1,1032,2024-06-15,4108,2537,Featherweight,260.0,-385.0,0.259219668626403,2,2,0.2987551867219917,True,0.2043242778049757,True
7562,4,0.5679498910903931,0.06908214092254639,1,1033,2024-06-15,2583,1327,Featherweight,-238.0,163.0,0.6493557690312676,3,5,0.6083333333333334,True,0.6810104077181626,True
7563,4,0.5812221765518188,0.05075192451477051,1,1029,2024-06-15,2690,167,Welterweight,110.0,-150.0,0.4424778761061947,3,3,0.6083333333333334,True,0.4408157471193089,True
7564,4,0.44453176856040955,0.010286569595336914,1,1017,2024-06-22,589,189,Light Heavyweight,-100.0,-145.0,0.45794392523364486,13,13,0.42857142857142855,True,0.436906871437242,True
7565,4,0.4539198875427246,0.020847439765930176,0,1013,2024-06-22,3265,1970,Middleweight,-113.0,-150.0,0.4692691029900332,2,21,0.4375,True,0.45122773557906815,True
7566,4,0.5291810035705566,0.06483018398284912,0,1014,2024-06-22,1488,2905,Heavyweight,-250.0,175.0,0.6626506024096386,8,15,0.5072463768115942,True,0.6850795291682327,True
7567,4,0.4217860698699951,0.05116462707519531,0,1015,2024-06-22,4230,717,Middleweight,160.0,-220.0,0.3587443946188341,10,22,0.42857142857142855,True,0.32335844231868466,True
7568,4,0.6367768049240112,0.029799222946166992,1,1016,2024-06-22,3868,2369,Middleweight,-810.0,400.0,0.8165322580645161,1,0,0.6604361370716509,True,0.8602033243245004,True
7569,4,0.38573718070983887,0.06496047973632812,0,1018,2024-06-22,1823,4065,Lightweight,175.0,-275.0,0.33149171270718236,14,12,0.36,True,0.28587144568619655,True
7570,4,0.3763723373413086,0.042391419410705566,0,1020,2024-06-22,531,180,Welterweight,260.0,-395.0,0.25821596244131456,12,4,0.36,True,0.20890572259864668,True
7571,4,0.5514853000640869,0.09057927131652832,1,1021,2024-06-22,439,71,Bantamweight,-195.0,130.0,0.6032279757901816,2,13,0.5531914893617021,True,0.6221389950034677,True
7572,4,0.5373374223709106,0.07081329822540283,0,1022,2024-06-22,2543,204,Light Heavyweight,240.0,-410.0,0.26785714285714285,1,0,0.5348837209302325,True,0.2341036884362221,True
7573,4,0.5534147620201111,0.02584969997406006,0,1023,2024-06-22,157,3396,Bantamweight,,,,0,0,0.5531914893617021,True,0.5531914893617021,False
7574,4,0.6098854541778564,0.007735133171081543,0,1019,2024-06-22,504,650,Featherweight,-150.0,-120.0,0.5238095238095237,3,0,0.6604361370716509,True,0.5432806626238497,True
7575,4,0.39476466178894043,0.03425776958465576,0,1003,2024-06-29,4058,4202,Bantamweight,-117.0,-125.0,0.49251637043966323,10,10,0.41025641025641024,True,0.4750478617071536,True
7576,4,0.3962344527244568,0.06300616264343262,0,1005,2024-06-29,1147,1330,Middleweight,250.0,-350.0,0.26865671641791045,12,4,0.4111111111111111,True,0.22413110540233644,True
7577,4,0.41889506578445435,0.10229182243347168,0,1000,2024-06-29,3603,2749,Light Heavyweight,114.0,-155.0,0.4346343957729675,5,8,0.42857142857142855,True,0.4098332998194888,True
7578,4,0.5549309253692627,0.08310025930404663,0,1001,2024-06-29,123,4704,Catch Weight,210.0,-320.0,0.2974504249291785,16,4,0.6083333333333334,True,0.2735534609191702,True
7579,4,0.4014505445957184,0.033265888690948486,1,1002,2024-06-29,3243,3269,Light Heavyweight,-155.0,112.0,0.5630568882796436,9,22,0.4111111111111111,True,0.5582087291407178,True
7580,4,0.6390518546104431,0.20348072052001953,1,1007,2024-06-29,4839,3703,Featherweight,110.0,-150.0,0.4424778761061947,1,13,0.6604361370716509,True,0.4476310786395616,True
7581,4,0.6622238755226135,0.18668150901794434,1,1004,2024-06-29,240,524,Welterweight,-215.0,148.0,0.6286253242159869,7,1,0.6604361370716509,True,0.6638143254313982,True
7582,4,0.7586127519607544,0.02081388235092163,1,1009,2024-06-29,1335,3600,Strawweight,-200.0,150.0,0.625,16,14,0.9166666666666666,True,0.7057363408468319,True
7583,4,0.6796775460243225,0.02535831928253174,1,1010,2024-06-29,3687,1289,Heavyweight,-280.0,205.0,0.6920583468395461,5,41,0.6666666666666666,True,0.7343927888543432,True
7584,4,0.4820292592048645,0.05808049440383911,0,1011,2024-06-29,3045,2353,Flyweight,310.0,-480.0,0.22762951334379902,4,0,0.44660194174757284,True,0.1849772268312143,True
7585,4,0.5505225658416748,0.029569923877716064,0,1012,2024-06-29,1387,1202,Bantamweight,-270.0,175.0,0.6674157303370787,12,1,0.5531914893617021,True,0.695301058221557,True
7586,4,0.2974545955657959,0.08292794227600098,0,1008,2024-06-29,765,326,Bantamweight,750.0,-2000.0,0.1099476439790576,1,2,0.24390243902439024,True,0.06799447340258276,True
7587,4,0.458007276058197,0.004137396812438965,0,1006,2024-06-29,2154,692,Featherweight,175.0,-250.0,0.3373493975903614,23,22,0.4375,True,0.30052346228696086,True
7588,4,0.4777153730392456,0.03816509246826172,0,988,2024-07-13,2284,141,Flyweight,200.0,-300.0,0.3076923076923077,5,15,0.44660194174757284,True,0.26895100218543266,True
7589,4,0.6471023559570312,0.1376591920852661,1,990,2024-07-13,4839,4219,Lightweight,-124.0,-110.0,0.5138121546961325,2,23,0.6604361370716509,True,0.5315753078301323,True
7590,4,0.5496243238449097,0.1246711015701294,1,991,2024-07-13,3427,4384,Welterweight,-450.0,260.0,0.7465437788018433,3,4,0.5531914893617021,True,0.7818060596270592,True
7591,4,0.7180048227310181,0.027327537536621094,0,992,2024-07-13,4157,3697,Featherweight,-280.0,175.0,0.6695652173913044,5,14,0.7104285919451796,True,0.715115346650927,True
7592,4,0.526278018951416,0.022385835647583008,0,989,2024-07-13,1392,3136,Welterweight,-190.0,140.0,0.6112600536193029,17,10,0.5072463768115942,True,0.6261140377506702,True
7593,4,0.37731343507766724,0.03859400749206543,1,994,2024-07-13,3787,509,Flyweight,200.0,-300.0,0.3076923076923077,8,3,0.36,True,0.2603305380853258,True
7594,4,0.4793309271335602,0.0460849404335022,0,995,2024-07-13,3843,1209,Flyweight,110.0,-165.0,0.4333605887162715,0,6,0.44660194174757284,True,0.41053382839559466,True
7595,4,0.32859814167022705,0.018068432807922363,0,996,2024-07-13,2143,497,Bantamweight,-115.0,-120.0,0.4951076320939334,5,9,0.2987551867219917,True,0.46309710246766955,True
7596,4,0.4072116017341614,0.0008552074432373047,0,998,2024-07-13,1945,4822,Middleweight,-112.0,-120.0,0.4920127795527157,5,7,0.4111111111111111,True,0.47456518641843204,True
7597,4,0.4097141623497009,0.04678940773010254,0,999,2024-07-13,3877,896,Welterweight,333.0,-625.0,0.21129326047358832,2,3,0.41541030248577415,True,0.16648143438930715,True
7598,4,0.7014038562774658,0.00018322467803955078,1,997,2024-07-13,1344,639,Flyweight,-440.0,300.0,0.7652173913043477,2,5,0.6666666666666666,True,0.810630744478728,True
7599,4,0.5616105794906616,0.04922771453857422,0,982,2024-07-20,4339,2070,Featherweight,-225.0,150.0,0.6338028169014084,2,1,0.6083333333333334,True,0.6634899082925269,True
7600,4,0.4868861436843872,0.0050781965255737305,0,977,2024-07-20,811,358,Strawweight,-110.0,-125.0,0.48529411764705876,11,9,0.44660194174757284,True,0.4711193402447804,True
7601,4,0.5945925712585449,0.0009636878967285156,1,978,2024-07-20,3846,1258,Featherweight,-190.0,130.0,0.6011004126547456,6,9,0.6083333333333334,True,0.6262172114398797,True
7602,4,0.41806909441947937,0.06033426523208618,1,979,2024-07-20,2751,2799,Lightweight,110.0,-160.0,0.43624161073825496,6,1,0.42857142857142855,True,0.41169387514668093,True
7603,4,0.5017398595809937,0.07165813446044922,1,981,2024-07-20,1704,1705,Featherweight,170.0,-235.0,0.34553893759669935,7,9,0.44660194174757284,True,0.31057070196134556,True
7604,4,0.35558369755744934,0.03821110725402832,0,984,2024-07-20,4739,3874,Flyweight,190.0,-260.0,0.32315978456014366,1,9,0.2987551867219917,True,0.270099399337356,True
7605,4,0.5667905807495117,0.005674600601196289,0,983,2024-07-20,3126,2547,Bantamweight,163.0,-220.0,0.35610950367237926,16,6,0.6083333333333334,True,0.3401731984446279,True
7606,4,0.4591505527496338,0.08240079879760742,0,985,2024-07-20,579,572,Lightweight,-150.0,-100.0,0.5454545454545454,3,5,0.4375,True,0.5407532337515583,True
7607,4,0.41165053844451904,0.024802565574645996,0,986,2024-07-20,2319,3433,Flyweight,-100.0,-150.0,0.45454545454545453,10,8,0.42857142857142855,True,0.43294835496384537,True
7608,4,0.49435120820999146,0.053824543952941895,0,987,2024-07-20,10,1896,Heavyweight,-140.0,-115.0,0.5216637781629117,4,1,0.44660194174757284,True,0.5138676444018054,True
7609,4,0.6346154808998108,0.032509446144104004,0,980,2024-07-20,2844,1276,Flyweight,110.0,-160.0,0.43624161073825496,9,6,0.6604361370716509,True,0.4402826080263406,True
7610,4,0.4323192834854126,0.0008429288864135742,0,967,2024-07-27,3770,1034,Featherweight,200.0,-290.0,0.30952380952380953,9,12,0.42857142857142855,True,0.2691673284830261,True
7611,4,0.5143227577209473,0.014937877655029297,0,966,2024-07-27,3287,1733,Middleweight,-138.0,-100.0,0.5369649805447471,4,8,0.5072463768115942,True,0.5393124451596145,True
7612,4,0.3046439290046692,0.04410743713378906,0,968,2024-07-27,2797,2806,Featherweight,315.0,-500.0,0.22429906542056074,12,10,0.2987551867219917,True,0.17026145807534726,True
7613,4,0.46876657009124756,0.020627260208129883,0,964,2024-07-27,4325,2691,Heavyweight,300.0,-430.0,0.23555555555555555,18,8,0.44660194174757284,True,0.19300353309545243,True
7614,4,0.49175137281417847,0.04709315299987793,1,969,2024-07-27,2322,2701,Strawweight,250.0,-375.0,0.2657342657342657,3,12,0.44660194174757284,True,0.22417320001823815,True
7615,4,0.377652108669281,0.0008282661437988281,0,965,2024-07-27,681,1943,Lightweight,,,,25,5,0.36,True,0.36,False
7616,4,0.3884807229042053,0.07088470458984375,1,963,2024-07-27,2843,169,Welterweight,198.0,-286.0,0.31172271214911007,18,17,0.36,True,0.26462151931646205,True
7617,4,0.5791478157043457,0.10575640201568604,1,972,2024-07-27,2921,1853,Welterweight,128.0,-186.0,0.4027715187021181,1,4,0.6083333333333334,True,0.3942952683965815,True
7618,4,0.322920560836792,0.013438820838928223,0,974,2024-07-27,4136,3434,Welterweight,325.0,-500.0,0.22018348623853212,1,2,0.2987551867219917,True,0.16634277740721742,True
7619,4,0.5145773887634277,0.018115758895874023,0,976,2024-07-27,950,4438,Strawweight,140.0,-230.0,0.37414965986394555,0,1,0.5072463768115942,True,0.3494433832414804,True
7620,4,0.6745818853378296,0.03225970268249512,1,975,2024-07-27,1802,707,Heavyweight,-600.0,360.0,0.7976878612716763,3,4,0.6666666666666666,True,0.8426383194312544,True
7621,4,0.30395543575286865,0.0370945930480957,0,971,2024-07-27,153,2922,Flyweight,160.0,-220.0,0.3587443946188341,6,6,0.2987551867219917,True,0.30836154517687164,True
7622,4,0.502707839012146,0.016959965229034424,1,973,2024-07-27,979,3621,Light Heavyweight,-167.0,120.0,0.5791298865069356,7,9,0.44660194174757284,True,0.5814790487408082,True
7623,4,0.5195179581642151,0.12010836601257324,0,970,2024-07-27,3247,129,Bantamweight,-250.0,175.0,0.6626506024096386,2,5,0.5072463768115942,True,0.6850795291682327,True
7624,4,0.521653950214386,0.010394930839538574,1,956,2024-08-03,3672,2559,Light Heavyweight,-335.0,175.0,0.6792626728110599,3,13,0.5072463768115942,True,0.7038503687227802,True
7625,4,0.2966482639312744,0.0010100603103637695,0,950,2024-08-03,939,3465,Bantamweight,275.0,-395.0,0.2504743833017078,13,5,0.24390243902439024,True,0.19034424862483812,True
7626,4,0.48388445377349854,0.07241487503051758,0,951,2024-08-03,1800,3868,Middleweight,210.0,-345.0,0.2938263453284912,14,2,0.44660194174757284,True,0.25398219906045216,True
7627,4,0.5467828512191772,0.00812917947769165,1,952,2024-08-03,4866,900,Bantamweight,-150.0,116.0,0.5644599303135889,16,23,0.5531914893617021,True,0.5771101282556533,True
7628,4,0.7081031799316406,0.004486560821533203,1,953,2024-08-03,3611,3525,Welterweight,-599.0,340.0,0.7903796557308224,18,23,0.6666666666666666,True,0.8355446428440371,True
7629,4,0.3638180196285248,0.07008463144302368,1,954,2024-08-03,2431,3681,Strawweight,-145.0,-100.0,0.5420560747663551,13,11,0.2987551867219917,True,0.5183404696604607,True
7630,4,0.33536025881767273,0.0834496021270752,0,957,2024-08-03,388,1851,Lightweight,250.0,-400.0,0.26315789473684204,1,1,0.2987551867219917,True,0.20825322687823034,True
7631,4,0.6163232326507568,0.06897473335266113,0,958,2024-08-03,3906,3305,Heavyweight,210.0,-1450.0,0.2564102564102564,9,2,0.6604361370716509,True,0.23319017438489878,True
7632,4,0.5430945158004761,0.031868696212768555,0,959,2024-08-03,1908,2987,Lightweight,124.0,-250.0,0.3846153846153846,0,3,0.5531914893617021,True,0.36666138344010957,True
7633,4,0.6306461691856384,0.019870877265930176,0,960,2024-08-03,2187,3248,Strawweight,-230.0,140.0,0.6258503401360545,2,8,0.6604361370716509,True,0.6606929890758485,True
7634,4,0.6062271595001221,0.08763384819030762,0,961,2024-08-03,3185,1844,Lightweight,-110.0,-133.0,0.4785287528005974,2,7,0.6604361370716509,True,0.49011311667225627,True
7635,4,0.7131521701812744,0.04263949394226074,1,962,2024-08-03,2673,2659,Middleweight,-250.0,188.0,0.6728971962616822,4,5,0.6666666666666666,True,0.7136210880017476,True
7636,4,0.4676617980003357,0.05762064456939697,1,955,2024-08-03,4835,2110,Lightweight,-166.0,123.0,0.5818793423244993,7,4,0.44660194174757284,True,0.5847062083660169,True
7637,4,0.33480268716812134,0.0599522590637207,0,942,2024-08-10,1676,2790,Welterweight,300.0,-455.0,0.23368421052631577,0,1,0.2987551867219917,True,0.17927506427667333,True
7638,4,0.4833976626396179,0.013301968574523926,0,940,2024-08-10,3156,3278,Heavyweight,124.0,-165.0,0.4175858808698393,19,11,0.44660194174757284,True,0.39230279157362413,True
7639,4,0.5948258638381958,0.0031385421752929688,1,941,2024-08-10,3168,112,Featherweight,-200.0,150.0,0.625,3,12,0.6083333333333334,True,0.6535115649227614,True
7640,4,0.35577505826950073,0.012969493865966797,0,943,2024-08-10,2737,4736,Bantamweight,450.0,-720.0,0.17154811715481172,0,12,0.2987551867219917,True,0.12170510618232777,True
7641,4,0.4268764853477478,0.02958858013153076,1,944,2024-08-10,3480,4124,Bantamweight,-157.0,120.0,0.5733731739707836,9,3,0.42857142857142855,True,0.5725188588963858,True
7642,4,0.5110253691673279,0.061503469944000244,1,945,2024-08-10,2233,1731,Bantamweight,185.0,-278.0,0.3229941040758779,2,1,0.5072463768115942,True,0.2917842845361007,True
7643,4,0.36874404549598694,0.054844558238983154,1,947,2024-08-10,4732,1331,Heavyweight,124.0,-205.0,0.39911018058099973,1,3,0.36,True,0.3608053862035944,True
7644,4,0.7046102285385132,0.02340596914291382,1,948,2024-08-10,91,2229,Featherweight,-590.0,350.0,0.7937219730941705,8,3,0.6666666666666666,True,0.8387970801354294,True
7645,4,0.40783798694610596,0.07424843311309814,0,946,2024-08-10,4591,3698,Bantamweight,188.0,-280.0,0.3202966958867161,10,9,0.4111111111111111,True,0.2790993232363495,True
7646,4,0.5255628824234009,0.08784317970275879,1,949,2024-08-10,3246,722,Strawweight,-175.0,114.0,0.5765973826020016,0,1,0.5072463768115942,True,0.5857718305027066,True
7647,4,0.6203166246414185,0.03897082805633545,1,928,2024-08-17,1534,553,Middleweight,-120.0,-121.0,0.49905908919834396,7,16,0.6604361370716509,True,0.5142628645704722,True
7648,4,0.4754267930984497,0.03351485729217529,0,929,2024-08-17,3349,398,Flyweight,-300.0,195.0,0.688715953307393,4,11,0.44660194174757284,True,0.7083233912228256,True
7649,4,0.3005843758583069,0.0797121524810791,1,930,2024-08-17,656,102,Lightweight,290.0,-450.0,0.23861171366594355,21,9,0.24390243902439024,True,0.178978071900226,True
7650,4,0.4384353756904602,0.0751492977142334,0,931,2024-08-17,4548,1045,Heavyweight,175.0,-260.0,0.33488372093023255,15,13,0.42857142857142855,True,0.2968669393812519,True
7651,4,0.424038827419281,0.09765660762786865,0,932,2024-08-17,4109,2640,Welterweight,260.0,-420.0,0.2559055118110236,17,2,0.42857142857142855,True,0.21241132215025468,True
7652,4,0.4715588688850403,0.07327109575271606,1,933,2024-08-17,275,60,Heavyweight,-145.0,-117.0,0.5232828870779976,1,3,0.44660194174757284,True,0.5157735542554853,True
7653,4,0.38412028551101685,0.06513750553131104,0,934,2024-08-17,3313,222,Featherweight,-140.0,-105.0,0.5324675324675324,7,12,0.36,True,0.5155319840729149,True
7654,4,0.6995106339454651,0.09000968933105469,0,935,2024-08-17,1344,208,Flyweight,-160.0,105.0,0.5578231292517007,3,6,0.6666666666666666,True,0.5837267715779151,True
7655,4,0.3169153928756714,0.021418213844299316,0,936,2024-08-17,1089,3322,Featherweight,400.0,-1050.0,0.1796875,5,3,0.2987551867219917,True,0.12895073208452495,True
7656,4,0.22148507833480835,0.08179581165313721,0,937,2024-08-17,1352,1725,Lightweight,700.0,-1600.0,0.11724137931034483,2,2,0.24390243902439024,True,0.07359628124275137,True
7657,4,0.4584357738494873,0.017874836921691895,1,938,2024-08-17,3484,3606,Welterweight,-275.0,163.0,0.6585476895060323,9,10,0.4375,True,0.6728924692040738,True
7658,4,0.6105381846427917,0.025559067726135254,1,939,2024-08-17,4967,884,Flyweight,-100.0,-210.0,0.4246575342465754,3,0,0.6604361370716509,True,0.4266396447265731,True
7659,4,0.3425551652908325,0.05452466011047363,1,922,2024-08-24,1227,3888,Middleweight,245.0,-350.0,0.27149321266968324,20,10,0.2987551867219917,True,0.21662468005952826,True
7660,4,0.7987877726554871,0.07486152648925781,1,917,2024-08-24,973,774,Middleweight,-350.0,210.0,0.7068403908794788,6,17,0.9166666666666666,True,0.7873357835821935,True
7661,4,0.3005334734916687,0.060304880142211914,0,918,2024-08-24,1021,3825,Strawweight,120.0,-192.0,0.4087346024636058,25,7,0.24390243902439024,True,0.3559214660506055,True
7662,4,0.543287992477417,0.004002809524536133,0,919,2024-08-24,253,4559,Ultimate Fighter 32 Middleweight Tournament,-150.0,114.0,0.5621716287215411,0,0,0.5531914893617021,True,0.5744385205965132,True
7663,4,0.5692251324653625,0.035221099853515625,1,920,2024-08-24,1573,496,Ultimate Fighter 32 Featherweight Tournament,-250.0,170.0,0.6585365853658537,0,0,0.6083333333333334,True,0.6912825116507425,True
7664,4,0.494332492351532,0.01687180995941162,0,923,2024-08-24,3495,4537,Lightweight,140.0,-220.0,0.3773584905660377,3,3,0.44660194174757284,True,0.3463156219469823,True
7665,4,0.45078718662261963,0.03747093677520752,0,924,2024-08-24,233,4467,Middleweight,450.0,-900.0,0.16806722689075632,0,2,0.4375,True,0.12658009019805996,True
7666,4,0.5667300224304199,0.0006380081176757812,0,925,2024-08-24,2959,1269,Lightweight,175.0,-258.0,0.3353629976580797,1,6,0.6083333333333334,True,0.3163955899956355,True
7667,4,0.6799246072769165,0.07642412185668945,1,926,2024-08-24,842,2740,Bantamweight,-300.0,200.0,0.6923076923076924,1,4,0.6666666666666666,True,0.734661104536641,True
7668,4,0.5753151774406433,0.0317530632019043,1,927,2024-08-24,2489,1368,Flyweight,-1205.0,650.0,0.873821609862219,0,4,0.6083333333333334,True,0.9096404347649618,True
7669,4,0.6318133473396301,0.0004476308822631836,1,921,2024-08-24,2658,1143,Welterweight,-1000.0,590.0,0.8624999999999999,4,32,0.6604361370716509,True,0.9020746492105628,True
7670,4,0.35811012983322144,0.0018148422241210938,0,908,2024-09-07,814,2844,Bantamweight,220.0,-315.0,0.29163738580463805,13,10,0.2987551867219917,True,0.23715888973509489,True
7671,4,0.7222238779067993,0.09909576177597046,1,905,2024-09-07,2792,3148,Welterweight,-210.0,150.0,0.6287425149700598,7,22,0.7272727272727273,True,0.6725325143482284,True
7672,4,0.3495234549045563,0.1321711540222168,0,906,2024-09-07,1518,2840,Flyweight,210.0,-300.0,0.3007518796992481,27,5,0.2987551867219917,True,0.24658524546353947,True
7673,4,0.6212637424468994,0.04388236999511719,1,907,2024-09-07,3846,2332,Featherweight,-225.0,163.0,0.6454867739296428,7,9,0.6604361370716509,True,0.6826756203123807,True
7674,4,0.5516680479049683,0.026992499828338623,0,909,2024-09-07,3513,2748,Lightweight,-125.0,-125.0,0.5,4,2,0.5531914893617021,True,0.5015148246440042,True
7675,4,0.6315279006958008,0.10288465023040771,1,910,2024-09-07,384,2526,Lightweight,180.0,-258.0,0.3313587560162903,1,3,0.6604361370716509,True,0.31778565282292526,True
7676,4,0.6990640163421631,0.040491342544555664,1,911,2024-09-07,3083,1667,Featherweight,-3335.0,1050.0,0.9177983846844151,2,1,0.6666666666666666,True,0.9479386971232734,True
7677,4,0.4175696074962616,0.017079055309295654,0,912,2024-09-07,3310,1975,Flyweight,135.0,-188.0,0.39462866538777747,2,2,0.42857142857142855,True,0.36387678479241914,True
7678,4,0.4342721700668335,0.0645742416381836,0,914,2024-09-07,2745,2549,Strawweight,210.0,-305.0,0.2998889300259163,7,3,0.42857142857142855,True,0.25877856785868725,True
7679,4,0.4428127706050873,0.034941256046295166,0,915,2024-09-07,726,4822,Middleweight,225.0,-335.0,0.28547990155865466,1,8,0.42857142857142855,True,0.24339115116655705,True
7680,4,0.49564388394355774,0.0015583634376525879,0,916,2024-09-07,472,3966,Featherweight,110.0,-142.0,0.4479822288041465,0,0,0.44660194174757284,True,0.42751340287575207,True
7681,4,0.3661518692970276,0.009781241416931152,1,913,2024-09-07,1932,4355,Featherweight,-275.0,220.0,0.7011952191235059,2,1,0.36,True,0.7134454601415847,True
7682,4,0.4845646321773529,0.028431355953216553,1,899,2024-09-14,4498,2781,Flyweight,-230.0,150.0,0.6353591160220994,1,9,0.44660194174757284,True,0.6471243102002685,True
7683,4,0.4822291135787964,0.002478361129760742,1,895,2024-09-14,4284,252,Bantamweight,-120.0,-125.0,0.4954128440366972,12,12,0.44660194174757284,True,0.4829960556204149,True
7684,4,0.4072366952896118,0.022631525993347168,0,896,2024-09-14,2289,5097,Flyweight,-138.0,105.0,0.5430984833941255,12,16,0.4111111111111111,True,0.5346803838172769,True
7685,4,0.5050739049911499,0.015417933464050293,1,897,2024-09-14,4704,3223,Featherweight,-225.0,150.0,0.6338028169014084,5,12,0.44660194174757284,True,0.6453202252173217,True
7686,4,0.6669302582740784,0.0037614107131958008,0,898,2024-09-14,461,3871,Lightweight,-210.0,160.0,0.6378504672897196,4,3,0.6604361370716509,True,0.674156368089935,True
7687,4,0.4032607674598694,0.09820950031280518,0,901,2024-09-14,2155,145,Lightweight,-145.0,106.0,0.5493838513886334,3,6,0.4111111111111111,True,0.5420904434936954,True
7688,4,0.4784863591194153,0.13451910018920898,1,902,2024-09-14,3179,712,Strawweight,360.0,-549.0,0.20444808467741934,2,4,0.44660194174757284,True,0.16191613635763877,True
7689,4,0.3109409809112549,0.029322385787963867,0,903,2024-09-14,679,509,Flyweight,210.0,-300.0,0.3007518796992481,3,4,0.2987551867219917,True,0.24658524546353947,True
7690,4,0.7198227643966675,0.08206617832183838,1,904,2024-09-14,3285,630,Bantamweight,-1000.0,600.0,0.8641975308641975,4,7,0.7272727272727273,True,0.9068818034290933,True
7691,4,0.7099794149398804,0.07433342933654785,1,900,2024-09-14,949,3777,Bantamweight,-135.0,-112.0,0.5209319257371678,9,13,0.6666666666666666,True,0.5407646318600086,True
7692,4,0.3502877950668335,0.03918564319610596,0,886,2024-09-28,868,1829,Lightweight,-100.0,-132.0,0.4677419354838709,10,7,0.2987551867219917,True,0.4312394330918795,True
7693,4,0.4506465196609497,0.08473360538482666,1,887,2024-09-28,673,4268,Light Heavyweight,-110.0,-130.0,0.4809885931558936,16,0,0.4375,True,0.4649442527812991,True
7694,4,0.46836525201797485,0.13501787185668945,1,881,2024-09-28,1285,41,Lightweight,,,,16,7,0.44660194174757284,True,0.44660194174757284,False
7695,4,0.5193344354629517,0.02037811279296875,0,883,2024-09-28,977,1551,Featherweight,-350.0,240.0,0.7256097560975611,6,3,0.5072463768115942,True,0.7552506967826207,True
7696,4,0.4669530391693115,0.007122993469238281,0,884,2024-09-28,2351,3533,Welterweight,140.0,-195.0,0.38663171690694625,2,7,0.44660194174757284,True,0.35684453579231595,True
7697,4,0.30665290355682373,0.04139566421508789,0,885,2024-09-28,885,4075,Featherweight,390.0,-670.0,0.1899827288428325,2,2,0.2987551867219917,True,0.13824896837419637,True
7698,4,0.5558642745018005,0.07141733169555664,0,882,2024-09-28,2789,437,Middleweight,165.0,-225.0,0.35278154681139756,14,9,0.6083333333333334,True,0.3363452886058011,True
7699,4,0.5734184980392456,0.012304544448852539,0,894,2024-09-28,2079,1133,Lightweight,-190.0,130.0,0.6011004126547456,1,3,0.6083333333333334,True,0.6262172114398797,True
7700,4,0.29592427611351013,0.031982600688934326,0,890,2024-09-28,1342,3413,Bantamweight,270.0,-400.0,0.2525252525252525,8,7,0.24390243902439024,True,0.19232623416140418,True
7701,4,0.43764781951904297,0.053743720054626465,0,891,2024-09-28,5047,3358,Bantamweight,170.0,-245.0,0.34277198211624443,1,4,0.42857142857142855,True,0.30558133092115286,True
7702,4,0.37979429960250854,0.03155803680419922,1,892,2024-09-28,4539,3425,Flyweight,-100.0,-132.0,0.4677419354838709,1,5,0.36,True,0.4396227581180781,True
7703,4,0.5820263028144836,0.016636252403259277,1,893,2024-09-28,842,3041,Bantamweight,-225.0,170.0,0.6514745308310992,2,2,0.6083333333333334,True,0.683385799663482,True
7704,4,0.2737973928451538,0.014404535293579102,0,889,2024-09-28,2891,4061,Lightweight,600.0,-1100.0,0.1348314606741573,9,9,0.24390243902439024,True,0.08748913374757028,True
7705,4,0.5853533744812012,0.1195688247680664,1,888,2024-09-28,1755,4874,Light Heavyweight,-625.0,400.0,0.8116883116883117,1,8,0.6083333333333334,True,0.8521718542708578,True
7706,4,0.3115466833114624,0.013777494430541992,0,873,2024-10-05,3102,1474,Bantamweight,600.0,-1115.0,0.13470066518847004,11,1,0.2987551867219917,True,0.0901451065721141,True
7707,4,0.5543070435523987,0.08004558086395264,1,869,2024-10-05,2749,4279,Light Heavyweight,-500.0,330.0,0.7818181818181817,9,15,0.6083333333333334,True,0.822669681207615,True
7708,4,0.6697390675544739,0.0223616361618042,0,870,2024-10-05,4933,2311,Bantamweight,-175.0,126.0,0.5898583146905294,18,10,0.6666666666666666,True,0.6206188658001082,True
7709,4,0.6049491167068481,0.11375272274017334,1,871,2024-10-05,777,1375,Bantamweight,-138.0,-100.0,0.5369649805447471,10,21,0.6604361370716509,True,0.5586444074135472,True
7710,4,0.6578567624092102,0.043245673179626465,0,872,2024-10-05,1889,3243,Middleweight,-163.0,114.0,0.570135007028211,22,10,0.6604361370716509,True,0.597134054663492,True
7711,4,0.25914907455444336,0.0021893978118896484,0,874,2024-10-05,3732,3557,Welterweight,175.0,-230.0,0.34285714285714286,20,13,0.24390243902439024,True,0.2841507630875915,True
7712,4,0.6792203187942505,0.045939743518829346,1,875,2024-10-05,4014,2206,Strawweight,-195.0,150.0,0.623003194888179,4,13,0.6666666666666666,True,0.6582565753635566,True
7713,4,0.5756839513778687,0.09256714582443237,0,877,2024-10-05,4368,2321,Middleweight,300.0,-500.0,0.23076923076923073,6,2,0.6083333333333334,True,0.20073084687767467,True
7714,4,0.5374430418014526,0.06024456024169922,1,878,2024-10-05,1191,172,Light Heavyweight,-230.0,170.0,0.6529968454258674,12,27,0.5348837209302325,True,0.6770789963879196,True
7715,4,0.4914335012435913,0.03102397918701172,0,879,2024-10-05,940,3830,Strawweight,135.0,-195.0,0.3916362429472287,15,16,0.44660194174757284,True,0.362545743590192,True
7716,4,0.49353259801864624,0.08006429672241211,1,880,2024-10-05,1371,4115,Welterweight,155.0,-218.0,0.36388602814967386,22,29,0.44660194174757284,True,0.3311053909830088,True
7717,4,0.5168583989143372,0.13973784446716309,1,876,2024-10-05,1205,3497,Lightweight,-110.0,-114.0,0.495787700084246,13,9,0.5072463768115942,True,0.4908993452340764,True
7718,4,0.6729788780212402,0.028871536254882812,0,857,2024-10-12,17,1629,Flyweight,-333.0,235.0,0.7203835846436989,6,9,0.6666666666666666,True,0.7645240146199636,True
7719,4,0.6361928582191467,0.1580134630203247,1,858,2024-10-12,4748,3081,Middleweight,-240.0,163.0,0.6499176276771005,10,24,0.6604361370716509,True,0.687600864986151,True
7720,4,0.6309434175491333,0.1994268298149109,1,859,2024-10-12,852,4263,Welterweight,-175.0,118.0,0.5811119573495811,6,6,0.6604361370716509,True,0.6097770494539585,True
7721,4,0.32743483781814575,0.058632493019104004,0,860,2024-10-12,4756,1092,Lightweight,255.0,-400.0,0.26041666666666663,7,11,0.2987551867219917,True,0.20551664751166848,True
7722,4,0.6023257970809937,0.03461509943008423,0,861,2024-10-12,4709,4230,Welterweight,170.0,-250.0,0.3414634146341463,21,11,0.6083333333333334,True,0.3233654530381797,True
7723,4,0.5378652811050415,0.04088711738586426,1,862,2024-10-12,1083,3659,Flyweight,-350.0,240.0,0.7256097560975611,0,6,0.5348837209302325,True,0.7577550327278322,True
7724,4,0.5605258941650391,0.010286569595336914,0,863,2024-10-12,2639,602,Featherweight,-188.0,138.0,0.6083976938975307,8,7,0.6083333333333334,True,0.6345806924681388,True
7725,4,0.6801856756210327,0.04509449005126953,1,864,2024-10-12,3172,2863,Welterweight,-400.0,235.0,0.7282608695652174,4,17,0.6666666666666666,True,0.7727722258411491,True
7726,4,0.49786853790283203,0.03398275375366211,0,865,2024-10-12,1123,60,Heavyweight,175.0,-250.0,0.3373493975903614,0,4,0.44660194174757284,True,0.3014764231496679,True
7727,4,0.6219311952590942,0.05201566219329834,0,866,2024-10-12,3487,1761,Strawweight,-112.0,-125.0,0.48742746615087035,5,1,0.6604361370716509,True,0.500587268205645,True
7728,4,0.5482428669929504,0.0014394521713256836,1,867,2024-10-12,44,1866,Bantamweight,-188.0,124.0,0.5938628158844765,0,5,0.5531914893617021,True,0.6113070181395847,True
7729,4,0.4425981044769287,0.01920473575592041,0,868,2024-10-12,2054,2629,Flyweight,175.0,-250.0,0.3373493975903614,0,1,0.42857142857142855,True,0.299586048789107,True
7730,4,0.5575487017631531,0.05154013633728027,1,850,2024-10-19,4399,2797,Featherweight,-170.0,120.0,0.5807453416149069,28,13,0.6083333333333334,True,0.6027649659409516,True
7731,4,0.5910632014274597,0.034084200859069824,0,846,2024-10-19,3905,5061,Middleweight,110.0,-162.0,0.43507140484888734,11,8,0.6083333333333334,True,0.4321175381572776,True
7732,4,0.2738461196422577,0.07992821931838989,1,847,2024-10-19,1172,1099,Bantamweight,375.0,-650.0,0.19543973941368076,17,7,0.24390243902439024,True,0.1390976438250376,True
7733,4,0.5113275051116943,0.05362892150878906,1,848,2024-10-19,3787,2363,Flyweight,-305.0,210.0,0.7001110699740837,9,6,0.5072463768115942,True,0.7271621099862249,True
7734,4,0.5136598348617554,0.06515467166900635,0,849,2024-10-19,129,3844,Bantamweight,-650.0,400.0,0.8125,6,0,0.5072463768115942,True,0.8465130492444845,True
7735,4,0.4943039119243622,0.039571523666381836,0,851,2024-10-19,844,2575,Flyweight,175.0,-250.0,0.3373493975903614,10,3,0.44660194174757284,True,0.3014764231496679,True
7736,4,0.4823046028614044,0.004072844982147217,0,853,2024-10-19,955,85,Bantamweight,200.0,-265.0,0.3146551724137931,3,8,0.44660194174757284,True,0.2765269155833916,True
7737,4,0.7527923583984375,0.01652050018310547,1,854,2024-10-19,825,3526,Strawweight,-230.0,163.0,0.6470210717723821,7,8,0.7857142857142857,True,0.7009452244553934,True
7738,4,0.46537989377975464,0.06895589828491211,0,855,2024-10-19,950,5048,Strawweight,120.0,-160.0,0.4248366013071895,1,1,0.44660194174757284,True,0.4006704239474678,True
7739,4,0.40991753339767456,0.0596308708190918,1,856,2024-10-19,446,4981,Heavyweight,260.0,-440.0,0.25423728813559326,3,2,0.42857142857142855,True,0.21068947399820567,True
7740,4,0.6611075401306152,0.07343721389770508,1,852,2024-10-19,2148,686,Bantamweight,-230.0,170.0,0.6529968454258674,1,7,0.6604361370716509,True,0.6910157048815232,True
7741,4,0.3950453996658325,0.06094551086425781,0,837,2024-10-26,1724,3868,Middleweight,138.0,-205.0,0.3846638920418716,5,3,0.41025641025641024,True,0.35044653534149867,True
7742,4,0.3755670189857483,0.004159092903137207,0,833,2024-10-26,827,1809,Featherweight,210.0,-305.0,0.2998889300259163,29,7,0.36,True,0.25206408007071135,True
7743,4,0.46341145038604736,0.07293963432312012,0,839,2024-10-26,4507,3080,Welterweight,200.0,-300.0,0.3076923076923077,35,11,0.44660194174757284,True,0.26895100218543266,True
7744,4,0.7033518552780151,0.02461296319961548,1,835,2024-10-26,2320,397,Light Heavyweight,-400.0,260.0,0.7422680412371133,13,9,0.6666666666666666,True,0.7872883651820867,True
7745,4,0.7163820862770081,0.030777573585510254,1,836,2024-10-26,3562,123,Featherweight,-350.0,210.0,0.7068403908794788,7,17,0.6666666666666666,True,0.7502069148987094,True
7746,4,0.6357492208480835,0.00871729850769043,1,838,2024-10-26,2179,2384,Light Heavyweight,-110.0,-121.0,0.48893805309734506,1,0,0.6604361370716509,True,0.5023643785815173,True
7747,4,0.6583702564239502,0.05595189332962036,1,844,2024-10-26,1195,858,Middleweight,-182.0,124.0,0.5911147198700847,4,9,0.6604361370716509,True,0.6212505903937192,True
7748,4,0.6507580280303955,0.1417170763015747,0,840,2024-10-26,3091,4506,Catch Weight,-335.0,215.0,0.7081026673376949,2,4,0.6604361370716509,True,0.7509082833933008,True
7749,4,0.2315816581249237,0.03465503454208374,0,842,2024-10-26,1453,1366,Heavyweight,500.0,-800.0,0.15789473684210525,4,11,0.24390243902439024,True,0.1064758203213153,True
7750,4,0.3737642765045166,0.0010917186737060547,0,843,2024-10-26,4035,1683,Featherweight,425.0,-900.0,0.1746724890829694,1,3,0.36,True,0.12823961112949067,True
7751,4,0.6247507929801941,0.008544325828552246,1,845,2024-10-26,180,4904,Welterweight,-225.0,175.0,0.6556291390728477,5,0,0.6604361370716509,True,0.693929648455122,True
7752,4,0.4933708906173706,0.06083399057388306,1,841,2024-10-26,736,5029,Middleweight,-165.0,128.0,0.5867124142233313,4,4,0.44660194174757284,True,0.5903758220150896,True
7753,4,0.4843343198299408,0.07559561729431152,1,834,2024-10-26,3456,1970,Middleweight,-250.0,175.0,0.6626506024096386,7,22,0.44660194174757284,True,0.6785993824270353,True
7754,4,0.5035760998725891,0.03618204593658447,1,825,2024-11-02,5072,3838,Welterweight,-400.0,260.0,0.7422680412371133,4,13,0.44660194174757284,True,0.7680392106040003,True
7755,4,0.49588972330093384,0.014858365058898926,0,821,2024-11-02,141,1224,Flyweight,110.0,-164.0,0.4339250493096647,16,7,0.44660194174757284,True,0.41118794265389963,True
7756,4,0.4954018294811249,0.02669239044189453,1,822,2024-11-02,2543,379,Light Heavyweight,120.0,-205.0,0.4034391534391535,2,2,0.44660194174757284,True,0.3760415243291128,True
7757,4,0.551102876663208,0.02062743902206421,0,823,2024-11-02,510,1209,Flyweight,175.0,-260.0,0.33488372093023255,12,7,0.5531914893617021,True,0.30986664555892063,True
7758,4,0.5186281204223633,0.016153991222381592,0,824,2024-11-02,1147,3330,Middleweight,-290.0,175.0,0.6715789473684209,13,7,0.5072463768115942,True,0.6951884247524681,True
7759,4,0.4376870393753052,0.02790510654449463,0,831,2024-11-02,2324,2547,Bantamweight,200.0,-395.0,0.29464285714285715,4,7,0.42857142857142855,True,0.25315516559290346,True
7760,4,0.47146332263946533,0.006367802619934082,1,820,2024-11-02,3403,2023,Flyweight,-180.0,140.0,0.6067415730337079,16,5,0.44660194174757284,True,0.6138199117204739,True
7761,4,0.3953077793121338,0.02611565589904785,0,827,2024-11-02,3717,3703,Bantamweight,110.0,-180.0,0.42553191489361697,5,14,0.41025641025641024,True,0.3971026125929384,True
7762,4,0.47186538577079773,0.016496360301971436,0,828,2024-11-02,4168,91,Featherweight,240.0,-333.0,0.27664196268847435,8,9,0.44660194174757284,True,0.23566159770477332,True
7763,4,0.5809530019760132,0.002370595932006836,1,829,2024-11-02,3047,1168,Heavyweight,-150.0,107.0,0.5539696699375557,9,7,0.6083333333333334,True,0.5716797308181915,True
7764,4,0.39406856894493103,0.010699093341827393,1,830,2024-11-02,3256,1401,Bantamweight,-143.0,105.0,0.5467686281824116,1,4,0.41025641025641024,True,0.5388995121757484,True
7765,4,0.6011635661125183,0.07444310188293457,0,832,2024-11-02,4648,4019,Flyweight,155.0,-225.0,0.3616133518776078,2,2,0.6083333333333334,True,0.34651455452297814,True
7766,4,0.707706093788147,0.05629497766494751,1,826,2024-11-02,55,4529,Bantamweight,-230.0,150.0,0.6353591160220994,7,21,0.6666666666666666,True,0.6721239863819999,True
7767,4,0.41268420219421387,0.04556918144226074,0,813,2024-11-09,2777,298,Middleweight,350.0,-550.0,0.208,7,0,0.42857142857142855,True,0.164170486469532,True
7768,4,0.5307793021202087,0.12747687101364136,1,809,2024-11-09,2640,1143,Welterweight,-820.0,500.0,0.8424657534246575,3,33,0.5072463768115942,True,0.8759735660180574,True
7769,4,0.5485789775848389,0.03365015983581543,0,810,2024-11-09,1227,3680,Middleweight,250.0,-350.0,0.26865671641791045,21,0,0.5531914893617021,True,0.23659582509234128,True
7770,4,0.4783627986907959,0.04798698425292969,1,811,2024-11-09,2819,5028,Bantamweight,190.0,-265.0,0.3220114689016321,2,0,0.44660194174757284,True,0.2845721231525291,True
7771,4,0.3831089437007904,0.025259017944335938,0,812,2024-11-09,1362,1335,Strawweight,300.0,-550.0,0.22807017543859648,5,17,0.36,True,0.17882356273266703,True
7772,4,0.35746484994888306,0.07705307006835938,0,814,2024-11-09,2827,3320,Strawweight,400.0,-700.0,0.186046511627907,17,5,0.2987551867219917,True,0.13467660213161323,True
7773,4,0.5356147885322571,0.017127394676208496,1,816,2024-11-09,467,1056,Welterweight,-186.0,140.0,0.6095030038230476,3,10,0.5072463768115942,True,0.6240782168706325,True
7774,4,0.49247175455093384,0.006886005401611328,0,817,2024-11-09,1086,2143,Bantamweight,205.0,-295.0,0.30507820042479245,14,6,0.44660194174757284,True,0.26611678998385174,True
7775,4,0.3929877281188965,0.17097687721252441,0,818,2024-11-09,2369,4561,Middleweight,140.0,-186.0,0.39049699617695255,1,3,0.41025641025641024,True,0.3570521339959906,True
7776,4,0.5060534477233887,0.050119221210479736,1,819,2024-11-09,3006,2272,Bantamweight,-350.0,250.0,0.7313432835820896,2,0,0.44660194174757284,True,0.7560282577795883,True
7777,4,0.4587610960006714,0.0031707286834716797,0,815,2024-11-09,1206,13,Welterweight,,,,0,15,0.4375,True,0.4375,False
7778,4,0.621802806854248,0.06534963846206665,1,801,2024-11-16,3968,2959,Catch Weight,-1000.0,600.0,0.8641975308641975,1,2,0.6604361370716509,True,0.9035589971563893,True
7779,4,0.5558292865753174,0.15116113424301147,0,802,2024-11-16,735,4586,Bantamweight,-110.0,-137.0,0.4753829321663019,14,3,0.6083333333333334,True,0.4795152642065686,True
7780,4,0.7034690976142883,0.08835494518280029,1,798,2024-11-16,4242,646,Lightweight,-275.0,200.0,0.6875,33,5,0.6666666666666666,True,0.729478453439398,True
7781,4,0.22353532910346985,0.02869647741317749,0,799,2024-11-16,1741,4720,Middleweight,650.0,-1430.0,0.12484700122399021,18,3,0.24390243902439024,True,0.07953819553731181,True
7782,4,0.5953211784362793,0.01758134365081787,0,800,2024-11-16,3571,978,Flyweight,-350.0,210.0,0.7068403908794788,4,11,0.6083333333333334,True,0.744346870596156,True
7783,4,0.17194890975952148,0.049571990966796875,0,797,2024-11-16,4419,3839,Heavyweight,400.0,-670.0,0.18689320388349517,18,23,0.1111111111111111,True,0.1187671186026528,True
7784,4,0.4201263189315796,0.02424943447113037,0,804,2024-11-16,3951,3835,Lightweight,600.0,-1450.0,0.13247863247863248,0,6,0.42857142857142855,True,0.0940610855238797,True
7785,4,0.3507370054721832,0.024698913097381592,1,805,2024-11-16,3156,4732,Heavyweight,-118.0,-120.0,0.49808135072908666,20,2,0.2987551867219917,True,0.4665764368062679,True
7786,4,0.4473046064376831,0.03716635704040527,1,806,2024-11-16,2553,604,Welterweight,140.0,-200.0,0.38461538461538464,5,12,0.42857142857142855,True,0.35249598397146364,True
7787,4,0.29247909784317017,0.08769917488098145,0,807,2024-11-16,324,2921,Welterweight,225.0,-310.0,0.2892416225749559,2,2,0.24390243902439024,True,0.22861855837317657,True
7788,4,0.472342848777771,0.10804605484008789,1,808,2024-11-16,3722,2432,Flyweight,-140.0,-100.0,0.5384615384615384,2,8,0.44660194174757284,True,0.533644488263021,True
7789,4,0.5370872020721436,0.01063847541809082,0,803,2024-11-16,112,2795,Lightweight,-250.0,165.0,0.654320987654321,13,44,0.5348837209302325,True,0.678580806830705,True
7790,4,0.6359567642211914,0.03362751007080078,1,789,2024-11-23,35,3576,Light Heavyweight,-275.0,205.0,0.6910401647785788,1,0,0.6604361370716509,True,0.7326261785003361,True
7791,4,0.4884147644042969,0.011992216110229492,0,784,2024-11-23,4866,362,Bantamweight,210.0,-335.0,0.2952154733627418,17,13,0.44660194174757284,True,0.25547452423389155,True
7792,4,0.5741122961044312,0.06392192840576172,0,785,2024-11-23,3825,155,Strawweight,150.0,-198.0,0.3757881462799495,8,11,0.6083333333333334,True,0.362903369362958,True
7793,4,0.4977143406867981,0.05598187446594238,1,786,2024-11-23,3136,3484,Welterweight,-250.0,175.0,0.6626506024096386,11,10,0.44660194174757284,True,0.6785993824270353,True
7794,4,0.3844662308692932,0.03966343402862549,1,787,2024-11-23,3529,2489,Flyweight,600.0,-1000.0,0.13580246913580246,3,1,0.36,True,0.09391993191634877,True
7795,4,0.46460092067718506,0.03618907928466797,0,788,2024-11-23,589,357,Light Heavyweight,215.0,-305.0,0.29654036243822074,14,7,0.44660194174757284,True,0.2568993750790379,True
7796,4,0.48279547691345215,0.011238455772399902,1,790,2024-11-23,1822,3298,Road to UFC 3 Bantamweight Tournament Title,-250.0,175.0,0.6626506024096386,0,0,0.44660194174757284,True,0.6785993824270353,True
7797,4,0.5896996259689331,0.02641773223876953,0,792,2024-11-23,282,912,Road to UFC 3 Women's Strawweight Tournament Title,,,,0,0,0.6083333333333334,True,0.6083333333333334,False
7798,4,0.5702217221260071,0.0333561897277832,0,793,2024-11-23,3267,3045,Flyweight,-105.0,-150.0,0.4605263157894737,0,5,0.6083333333333334,True,0.46203536951295987,True
7799,4,0.47365447878837585,0.0031678080558776855,1,794,2024-11-23,1494,45,Flyweight,-360.0,250.0,0.7325581395348837,0,0,0.44660194174757284,True,0.7573686307275034,True
7800,4,0.5691845417022705,0.07546871900558472,1,795,2024-11-23,157,2737,Bantamweight,-150.0,120.0,0.5689655172413793,1,1,0.6083333333333334,True,0.589118777081868,True
7801,4,0.47824835777282715,0.04143881797790527,1,796,2024-11-23,2176,5027,Lightweight,180.0,-250.0,0.33333333333333337,5,4,0.44660194174757284,True,0.29703375205047294,True
7802,4,0.48669928312301636,0.02633976936340332,0,791,2024-11-23,440,1158,Road to UFC 3 Flyweight Tournament Title,,,,0,0,0.44660194174757284,True,0.44660194174757284,False
7803,4,0.6180877685546875,0.14140725135803223,1,774,2024-12-07,1704,480,Featherweight,108.0,-140.0,0.45180722891566266,8,8,0.6604361370716509,True,0.45862680825101043,True
7804,4,0.3840239644050598,0.014133334159851074,0,770,2024-12-07,2981,3958,Flyweight,160.0,-250.0,0.35,0,15,0.36,True,0.306055043644327,True
7805,4,0.4103010296821594,0.006669878959655762,1,771,2024-12-07,245,240,Welterweight,-485.0,260.0,0.7490347490347491,6,8,0.42857142857142855,True,0.7738592866789272,True
7806,4,0.5037498474121094,0.04054546356201172,1,772,2024-12-07,3477,2905,Heavyweight,-385.0,260.0,0.740780331373597,11,16,0.44660194174757284,True,0.7664093047918885,True
7807,4,0.8043345212936401,0.010092854499816895,1,773,2024-12-07,4747,2826,Featherweight,-1000.0,500.0,0.8450704225352113,9,3,0.9166666666666666,True,0.9062607876475455,True
7808,4,0.5551539659500122,0.07741010189056396,1,775,2024-12-07,3786,3269,Light Heavyweight,-450.0,300.0,0.7659574468085105,11,23,0.6083333333333334,True,0.8065788734091119,True
7809,4,0.6799066066741943,0.03540539741516113,0,776,2024-12-07,3172,886,Welterweight,-175.0,125.0,0.5887850467289719,5,21,0.6666666666666666,True,0.6193904170730268,True
7810,4,0.6624792814254761,0.07902359962463379,1,777,2024-12-07,4085,1738,Featherweight,-250.0,175.0,0.6626506024096386,8,20,0.6604361370716509,True,0.7016781830231587,True
7811,4,0.5427634716033936,0.02818065881729126,0,779,2024-12-07,1664,1141,Catch Weight,-115.0,-110.0,0.5052301255230125,19,17,0.5531914893617021,True,0.5076639848799375,True
7812,4,0.6329038143157959,0.12105339765548706,1,780,2024-12-07,509,2844,Flyweight,-190.0,140.0,0.6112600536193029,5,11,0.6604361370716509,True,0.6442065252839059,True
7813,4,0.39540258049964905,0.006696939468383789,0,781,2024-12-07,3728,3611,Welterweight,107.0,-148.0,0.44736272458330323,16,19,0.41025641025641024,True,0.4223400721267116,True
7814,4,0.7101796269416809,0.13679635524749756,1,782,2024-12-07,1993,2215,Lightweight,-1350.0,600.0,0.8669724770642201,9,36,0.6666666666666666,True,0.9062666253673969,True
7815,4,0.5303155779838562,0.004172801971435547,0,778,2024-12-07,1933,3533,Welterweight,150.0,-200.0,0.375,18,8,0.5072463768115942,True,0.3504142266929089,True
7816,4,0.374782919883728,0.02794504165649414,0,783,2024-12-07,707,1366,Heavyweight,400.0,-650.0,0.1875,5,12,0.36,True,0.1400502824217478,True
7817,4,0.4569295048713684,0.049750328063964844,0,763,2024-12-14,1300,4421,Lightweight,175.0,-275.0,0.33149171270718236,4,29,0.4375,True,0.2940592437020489,True
7818,4,0.36654722690582275,0.014303326606750488,0,757,2024-12-14,1005,3557,Welterweight,170.0,-225.0,0.34852546916890076,16,14,0.36,True,0.30443731098936166,True
7819,4,0.49779921770095825,0.0395122766494751,1,758,2024-12-14,2154,32,Featherweight,130.0,-210.0,0.39092055485498106,24,10,0.44660194174757284,True,0.36172963161237837,True
7820,4,0.40102308988571167,0.019356966018676758,0,759,2024-12-14,1276,153,Flyweight,300.0,-450.0,0.23404255319148934,7,7,0.4111111111111111,True,0.1887269016440274,True
7821,4,0.6721109747886658,0.16387724876403809,0,760,2024-12-14,1207,146,Light Heavyweight,-350.0,240.0,0.7256097560975611,5,14,0.6666666666666666,True,0.7700029398983743,True
7822,4,0.4685107171535492,0.033247411251068115,0,761,2024-12-14,84,1706,Bantamweight,175.0,-280.0,0.3304347826086957,8,4,0.44660194174757284,True,0.293834461297892,True
7823,4,0.5783563852310181,0.03657937049865723,1,764,2024-12-14,4835,2743,Lightweight,-600.0,340.0,0.7904191616766467,8,11,0.6083333333333334,True,0.8312755563968245,True
7824,4,0.43758997321128845,0.003538370132446289,0,765,2024-12-14,546,2664,Featherweight,125.0,-166.0,0.4159499609069585,3,8,0.42857142857142855,True,0.38827979929277145,True
7825,4,0.45888352394104004,0.021008849143981934,1,766,2024-12-14,650,4393,Featherweight,-275.0,205.0,0.6910401647785788,1,9,0.4375,True,0.7100236766766249,True
7826,4,0.6729716658592224,0.1733618974685669,1,767,2024-12-14,3874,4019,Flyweight,-1000.0,450.0,0.8333333333333334,10,3,0.6666666666666666,True,0.8762381940823308,True
7827,4,0.6593125462532043,0.031830430030822754,0,768,2024-12-14,1052,2649,Bantamweight,-120.0,-110.0,0.5101214574898786,1,12,0.6604361370716509,True,0.5272483661518627,True
7828,4,0.5272830724716187,0.011857271194458008,0,769,2024-12-14,925,3821,Strawweight,-298.0,200.0,0.6919504643962849,2,4,0.5072463768115942,True,0.718071935229382,True
7829,4,0.4103453457355499,0.030273914337158203,0,762,2024-12-14,2893,738,Light Heavyweight,500.0,-1600.0,0.15044247787610618,1,0,0.42857142857142855,True,0.10998328954580484,True
7830,4,0.5734375715255737,0.0229642391204834,1,747,2025-01-11,4157,2866,Featherweight,205.0,-295.0,0.30507820042479245,6,0,0.6083333333333334,True,0.2821016635547468,True
7831,4,0.6726976633071899,0.09673523902893066,0,749,2025-01-11,4921,3586,Flyweight,-180.0,124.0,0.5901639344262295,3,1,0.6666666666666666,True,0.6209685708282642,True
7832,4,0.4526865482330322,0.0016525983810424805,1,743,2025-01-11,2431,1693,Strawweight,154.0,-200.0,0.3712871287128713,14,11,0.4375,True,0.33843320686416284,True
7833,4,0.576227068901062,0.014495015144348145,1,745,2025-01-11,2321,4237,Middleweight,-275.0,210.0,0.6945010183299388,3,13,0.6083333333333334,True,0.730960554373393,True
7834,4,0.3219931721687317,0.010341882705688477,0,746,2025-01-11,1918,4920,Middleweight,185.0,-270.0,0.32470381746379995,9,8,0.2987551867219917,True,0.27173680514392434,True
7835,4,0.5910704731941223,0.02892148494720459,0,748,2025-01-11,3490,626,Welterweight,-240.0,175.0,0.66,6,8,0.6083333333333334,True,0.6929148188588142,True
7836,4,0.48447751998901367,0.028068065643310547,0,744,2025-01-11,2694,1392,Welterweight,125.0,-163.0,0.4176260420801905,6,18,0.44660194174757284,True,0.3923490798305843,True
7837,4,0.5114368200302124,0.021410346031188965,1,750,2025-01-11,3907,4368,Middleweight,-650.0,375.0,0.8045602605863192,0,7,0.5072463768115942,True,0.8385122496673175,True
7838,4,0.47710269689559937,0.042688608169555664,0,752,2025-01-11,1853,1562,Welterweight,400.0,-650.0,0.1875,5,0,0.44660194174757284,True,0.1454711619774104,True
7839,4,0.5252212882041931,0.058180928230285645,1,753,2025-01-11,3281,430,Flyweight,-298.0,210.0,0.6988954456044788,1,0,0.5072463768115942,True,0.7258109528205454,True
7840,4,0.4716763496398926,0.013453125953674316,1,755,2025-01-11,3843,2187,Strawweight,-1000.0,500.0,0.8450704225352113,1,3,0.44660194174757284,True,0.8752504102570703,True
7841,4,0.3892892599105835,0.03785419464111328,0,756,2025-01-11,3463,2302,Lightweight,500.0,-1250.0,0.15254237288135594,8,1,0.41025641025641024,True,0.1109636174509123,True
7842,4,0.5287033319473267,0.06932872533798218,1,751,2025-01-11,3519,572,Lightweight,-175.0,122.0,0.5855312735493595,13,6,0.5072463768115942,True,0.596202414888736,True
7843,4,0.6083391904830933,0.0008071064949035645,0,754,2025-01-11,204,2668,Light Heavyweight,-300.0,210.0,0.6992481203007519,1,0,0.6604361370716509,True,0.7414522099665978,True
7844,4,0.6583404541015625,0.05261874198913574,0,735,2025-01-18,326,3499,Bantamweight,-1250.0,700.0,0.8810572687224668,3,11,0.6604361370716509,True,0.9180384945332032,True
7845,4,0.7566195130348206,0.09189808368682861,1,730,2025-01-18,4117,1285,Lightweight,-1205.0,540.0,0.855273372518576,16,17,0.9166666666666666,True,0.9139636560351713,True
7846,4,0.35777491331100464,0.03679227828979492,1,732,2025-01-18,3603,3975,Light Heavyweight,-110.0,-155.0,0.4628712871287129,6,9,0.2987551867219917,True,0.4256028211070979,True
7847,4,0.5743911266326904,0.04980885982513428,1,733,2025-01-18,4558,3278,Heavyweight,-550.0,320.0,0.7804054054054055,8,12,0.6083333333333334,True,0.8212478839064492,True
7848,4,0.4782313406467438,0.19418376684188843,1,734,2025-01-18,3680,1889,Middleweight,-155.0,-105.0,0.5426985482493595,1,23,0.44660194174757284,True,0.5386331470200016,True
7849,4,0.594339907169342,0.10147082805633545,0,740,2025-01-18,438,439,Bantamweight,-800.0,450.0,0.830188679245283,3,3,0.6083333333333334,True,0.8698717456477061,True
7850,4,0.5513111352920532,0.04688692092895508,0,731,2025-01-18,3465,4284,Bantamweight,-298.0,200.0,0.6919504643962849,6,13,0.5531914893617021,True,0.7226354486323386,True
7851,4,0.4330636262893677,0.01204216480255127,0,737,2025-01-18,3775,3802,Light Heavyweight,300.0,-480.0,0.23200000000000004,0,3,0.42857142857142855,True,0.18801765705029716,True
7852,4,0.2987788915634155,0.08520221710205078,0,738,2025-01-18,3476,1092,Lightweight,195.0,-290.0,0.31312725812926534,15,12,0.24390243902439024,True,0.2530068123343815,True
7853,4,0.6106876730918884,0.07037913799285889,1,739,2025-01-18,3358,3698,Bantamweight,200.0,-275.0,0.3125,5,10,0.6604361370716509,True,0.29617725635319814,True
7854,4,0.5623562335968018,0.03838813304901123,1,741,2025-01-18,3556,2119,Bantamweight,-350.0,240.0,0.7256097560975611,1,4,0.6083333333333334,True,0.7644614949788784,True
7855,4,0.3901546597480774,0.04797863960266113,1,742,2025-01-18,280,2629,Flyweight,-400.0,250.0,0.7368421052631579,5,2,0.41025641025641024,True,0.7587657202387257,True
7856,4,0.6078212261199951,0.03421294689178467,0,736,2025-01-18,4467,2809,Middleweight,143.0,-200.0,0.3816793893129771,3,0,0.6604361370716509,True,0.37619273315227214,True
7857,4,0.6503279805183411,0.003930926322937012,1,724,2025-02-01,504,496,Featherweight,-420.0,275.0,0.7517899761336516,4,1,0.6604361370716509,True,0.7964871255196272,True
7858,4,0.615126371383667,0.006206095218658447,1,719,2025-02-01,437,553,Middleweight,130.0,-180.0,0.4034582132564841,10,17,0.6604361370716509,True,0.4017132431858446,True
7859,4,0.37415701150894165,0.01636672019958496,1,720,2025-02-01,524,3868,Middleweight,150.0,-220.0,0.36781609195402304,2,4,0.36,True,0.3257277172350672,True
7860,4,0.5075070261955261,0.01827925443649292,1,721,2025-02-01,1488,1045,Heavyweight,-320.0,200.0,0.6956521739130435,9,14,0.44660194174757284,True,0.7161682493073073,True
7861,4,0.474266916513443,0.07589054107666016,0,722,2025-02-01,4228,1202,Bantamweight,-240.0,135.0,0.6238938053097345,9,2,0.44660194174757284,True,0.6338131375011419,True
7862,4,0.4323588013648987,0.020740151405334473,1,725,2025-02-01,3305,1896,Heavyweight,-375.0,250.0,0.7342657342657342,3,2,0.42857142857142855,True,0.7576030809563806,True
7863,4,0.7476685047149658,0.06281322240829468,1,726,2025-02-01,3074,355,Lightweight,-650.0,400.0,0.8125,9,9,0.7857142857142857,True,0.8656943557609024,True
7864,4,0.5791829824447632,0.035862088203430176,1,727,2025-02-01,1209,4058,Flyweight,-275.0,200.0,0.6875,8,11,0.6083333333333334,True,0.7233114763063113,True
7865,4,0.5207444429397583,0.0036110877990722656,1,728,2025-02-01,3748,2937,Featherweight,-108.0,-130.0,0.47879722436391675,0,3,0.5072463768115942,True,0.4709390494717989,True
7866,4,0.4393879175186157,0.056113600730895996,1,729,2025-02-01,494,5087,Heavyweight,-150.0,-105.0,0.5394736842105262,1,3,0.42857142857142855,True,0.5325982646813596,True
7867,4,0.6884081363677979,0.06913137435913086,1,723,2025-02-01,1829,4379,Lightweight,110.0,-160.0,0.43624161073825496,8,5,0.6666666666666666,True,0.44112687820155677,True
7868,4,0.6158465147018433,0.09178972244262695,1,707,2025-02-08,1534,2975,Middleweight,-225.0,170.0,0.6514745308310992,8,22,0.6604361370716509,True,0.6893282876434808,True
7869,4,0.4896591901779175,0.0009855031967163086,1,709,2025-02-08,3311,409,Heavyweight,-170.0,120.0,0.5807453416149069,0,9,0.44660194174757284,True,0.5833753329701497,True
7870,4,0.49433523416519165,0.054444074630737305,1,712,2025-02-08,1932,3322,Featherweight,-245.0,165.0,0.6530047774704552,3,4,0.44660194174757284,True,0.6675120412167471,True
7871,4,0.6007381677627563,0.050491511821746826,1,711,2025-02-08,2938,1433,Welterweight,-250.0,175.0,0.6626506024096386,20,3,0.6083333333333334,True,0.695867698569046,True
7872,4,0.4404403567314148,0.04568660259246826,1,708,2025-02-08,82,2250,Strawweight,-125.0,-160.0,0.4744525547445255,11,7,0.42857142857142855,True,0.4561830652230009,True
7873,4,0.3701491355895996,0.07419097423553467,0,713,2025-02-08,1269,1725,Lightweight,-150.0,-106.0,0.5383275261324042,7,3,0.36,True,0.5224467972989695,True
7874,4,0.5687386989593506,0.10965168476104736,1,714,2025-02-08,2489,2322,Flyweight,-400.0,240.0,0.7311827956989247,2,4,0.6083333333333334,True,0.7703733082460491,True
7875,4,0.43526214361190796,0.03609919548034668,0,718,2025-02-08,1036,3662,Lightweight,310.0,-599.0,0.22156011284034363,2,0,0.42857142857142855,True,0.17756164193826668,True
7876,4,0.44884634017944336,0.030371904373168945,1,715,2025-02-08,4723,3292,Bantamweight,-375.0,260.0,0.7397260273972602,0,0,0.4375,True,0.7644384949735654,True
7877,4,0.5077864527702332,0.031779706478118896,1,716,2025-02-08,2526,4779,Lightweight,250.0,-350.0,0.26865671641791045,4,0,0.44660194174757284,True,0.22724015785806315,True
7878,4,0.5422921180725098,0.013114869594573975,0,717,2025-02-08,2351,2048,Welterweight,-230.0,154.0,0.6390286589367754,3,0,0.5531914893617021,True,0.6632057115648912,True
7879,4,0.5838561058044434,0.028716325759887695,1,700,2025-02-15,2340,3840,Featherweight,-650.0,350.0,0.7959183673469387,0,1,0.6083333333333334,True,0.8367319068668261,True
7880,4,0.6970689296722412,0.05427908897399902,0,695,2025-02-15,1733,774,Middleweight,-258.0,175.0,0.6646370023419205,9,18,0.6666666666666666,True,0.704577222115089,True
7881,4,0.7472930550575256,0.10799968242645264,1,696,2025-02-15,91,781,Featherweight,-500.0,340.0,0.7857142857142858,10,13,0.7857142857142857,True,0.8411745225163892,True
7882,4,0.550392746925354,0.011032342910766602,1,697,2025-02-15,3888,726,Middleweight,-720.0,333.0,0.7917513206013815,11,2,0.5531914893617021,True,0.8286861723748077,True
7883,4,0.3863060772418976,0.011043131351470947,0,699,2025-02-15,3444,4822,Middleweight,-295.0,210.0,0.6983581519663994,7,9,0.36,True,0.7101883579598668,True
7884,4,0.6474628448486328,0.14226317405700684,0,698,2025-02-15,4164,519,Lightweight,-245.0,175.0,0.6613496932515337,3,3,0.6604361370716509,True,0.7002452590110526,True
7885,4,0.29319828748703003,0.010289669036865234,1,701,2025-02-15,1021,3179,Strawweight,-120.0,-112.0,0.5079872204472844,26,3,0.24390243902439024,True,0.4696768576558312,True
7886,4,0.4591408371925354,0.10555011034011841,0,703,2025-02-15,3346,3427,Welterweight,175.0,-250.0,0.3373493975903614,8,4,0.4375,True,0.30052346228696086,True
7887,4,0.35425853729248047,0.01534724235534668,0,704,2025-02-15,1342,3520,Bantamweight,-112.0,-122.0,0.4901435104873048,9,0,0.2987551867219917,True,0.4572960823201194,True
7888,4,0.5540225505828857,0.03323698043823242,1,705,2025-02-15,275,3906,Heavyweight,-370.0,225.0,0.7189835575485799,2,10,0.6083333333333334,True,0.757395715010799,True
7889,4,0.7445739507675171,0.03503596782684326,1,706,2025-02-15,842,4525,Bantamweight,-850.0,450.0,0.8311111111111111,3,5,0.7857142857142857,True,0.8821507965695965,True
7890,4,0.31279391050338745,0.15956544876098633,1,702,2025-02-15,4608,4967,Flyweight,-650.0,350.0,0.7959183673469387,1,4,0.2987551867219917,True,0.8138696609269195,True
7891,4,0.5069989562034607,0.05077052116394043,0,687,2025-02-22,113,2559,Light Heavyweight,170.0,-250.0,0.3414634146341463,0,14,0.44660194174757284,True,0.30603917901841193,True
7892,4,0.6391326189041138,0.14406919479370117,0,688,2025-02-22,2179,673,Light Heavyweight,-225.0,148.0,0.6319365798414497,2,17,0.6604361370716509,True,0.667532652126097,True
7893,4,0.6325019001960754,0.10113251209259033,1,683,2025-02-22,1200,2451,Bantamweight,-275.0,200.0,0.6875,14,14,0.6604361370716509,True,0.7288019841240073,True
7894,4,0.4136122465133667,0.1148383617401123,1,685,2025-02-22,1172,2148,Catch Weight,130.0,-205.0,0.39278815196394073,18,2,0.42857142857142855,True,0.36178088610152376,True
7895,4,0.4257657527923584,0.025937199592590332,0,686,2025-02-22,395,4839,Featherweight,350.0,-560.0,0.20754716981132074,4,3,0.42857142857142855,True,0.1637271160852739,True
7896,4,0.5638245344161987,0.04148507118225098,1,684,2025-02-22,5061,2789,Middleweight,-360.0,250.0,0.7325581395348837,9,15,0.6083333333333334,True,0.7718278214020226,True
7897,4,0.7046891450881958,0.034504055976867676,1,694,2025-02-22,979,2384,Light Heavyweight,-310.0,210.0,0.700948212983224,8,1,0.6666666666666666,True,0.7439261773856152,True
7898,4,0.5452312231063843,0.08482122421264648,0,691,2025-02-22,1167,1387,Bantamweight,-265.0,188.0,0.6764758021627372,5,13,0.5531914893617021,True,0.7054421009279714,True
7899,4,0.4636749029159546,0.011497259140014648,0,692,2025-02-22,1676,2849,Catch Weight,-120.0,-115.0,0.5048923679060665,1,0,0.44660194174757284,True,0.4941360331805519,True
7900,4,0.35371601581573486,0.012964487075805664,0,693,2025-02-22,1234,4654,Middleweight,210.0,-340.0,0.29451137884872824,0,3,0.2987551867219917,True,0.24012233134424596,True
7901,4,0.620515763759613,0.03045475482940674,1,690,2025-02-22,298,3664,Middleweight,-1430.0,700.0,0.882035466461064,1,0,0.6604361370716509,True,0.9188634614848812,True
7902,4,0.272114098072052,0.0346827507019043,0,689,2025-02-22,692,2583,Featherweight,110.0,-142.0,0.4479822288041465,23,4,0.24390243902439024,True,0.4002205108758219,True
7903,4,0.6105386018753052,0.08290410041809082,0,677,2025-03-01,2790,3434,Welterweight,-245.0,160.0,0.6486761710794298,2,3,0.6604361370716509,True,0.68622223980094,True
7904,4,0.4442991316318512,0.030003845691680908,1,673,2025-03-01,153,2575,Flyweight,-225.0,164.0,0.646354733405876,8,4,0.42857142857142855,True,0.6578224475995927,True
7905,4,0.338175505399704,0.14707374572753906,0,674,2025-03-01,4434,1064,Middleweight,-105.0,-125.0,0.4796954314720812,7,10,0.2987551867219917,True,0.4451174272642665,True
7906,4,0.5211443901062012,0.03214263916015625,1,675,2025-03-01,4065,3871,Lightweight,195.0,-275.0,0.3161222339304531,13,4,0.5072463768115942,True,0.28416512548527606,True
7907,4,0.3996751606464386,0.06733131408691406,1,676,2025-03-01,2070,1551,Featherweight,175.0,-230.0,0.34285714285714286,2,4,0.4111111111111111,True,0.30381141749895696,True
7908,4,0.47225069999694824,0.06676173210144043,0,682,2025-03-01,3787,1083,Flyweight,-132.0,-100.0,0.532258064516129,10,1,0.44660194174757284,True,0.5263402535102981,True
7909,4,0.6817766427993774,0.0065615177154541016,1,680,2025-03-01,2482,3742,Featherweight,-275.0,205.0,0.6910401647785788,1,4,0.6666666666666666,True,0.7332965996087667,True
7910,4,0.3152516186237335,0.05689734220504761,0,681,2025-03-01,3467,3534,Flyweight,140.0,-182.0,0.3923205342237062,13,15,0.2987551867219917,True,0.3453914860064694,True
7911,4,0.3886275887489319,0.02954888343811035,0,678,2025-03-01,446,2630,Heavyweight,360.0,-560.0,0.20395550061804696,4,0,0.36,True,0.1555256425739197,True
7912,4,0.47705185413360596,0.007515430450439453,1,679,2025-03-01,3168,222,Featherweight,-325.0,240.0,0.7222222222222222,4,13,0.44660194174757284,True,0.7459284849250839,True
7913,4,0.37499701976776123,0.00888979434967041,0,667,2025-03-08,681,3968,Lightweight,390.0,-560.0,0.1938895417156287,26,2,0.36,True,0.14601691718543766,True
7914,4,0.3717178702354431,0.017192363739013672,0,663,2025-03-08,2749,2320,Light Heavyweight,-138.0,-105.0,0.5309684684684685,10,14,0.36,True,0.5137637967674262,True
7915,4,0.4583796262741089,0.08868777751922607,1,664,2025-03-08,415,4050,Lightweight,128.0,-163.0,0.4144081684104374,13,9,0.4375,True,0.3875668278534505,True
7916,4,0.5796006917953491,0.008274734020233154,1,665,2025-03-08,145,3931,Lightweight,-150.0,107.0,0.5539696699375557,7,12,0.6083333333333334,True,0.5716797308181915,True
7917,4,0.33919769525527954,0.04215395450592041,1,666,2025-03-08,811,4014,Strawweight,110.0,-142.0,0.4479822288041465,12,5,0.2987551867219917,True,0.4084427823441681,True
7918,4,0.5840059518814087,0.0558314323425293,1,669,2025-03-08,5029,1724,Middleweight,106.0,-140.0,0.45420136260408783,5,6,0.6083333333333334,True,0.45459618399153107,True
7919,4,0.5249821543693542,0.11849761009216309,0,670,2025-03-08,4709,4904,Welterweight,500.0,-800.0,0.15789473684210525,22,1,0.5072463768115942,True,0.12080377955962918,True
7920,4,0.40405556559562683,0.07320863008499146,0,671,2025-03-08,4537,1573,Featherweight,185.0,-275.0,0.3236245954692557,4,1,0.4111111111111111,True,0.2827200095703132,True
7921,4,0.4286075234413147,0.02993142604827881,1,672,2025-03-08,3576,4036,Middleweight,150.0,-200.0,0.375,1,0,0.42857142857142855,True,0.3416198619879802,True
7922,4,0.44376665353775024,0.1189424991607666,0,668,2025-03-08,2353,509,Flyweight,120.0,-156.0,0.42723631508678234,1,6,0.42857142857142855,True,0.40128196923487763,True
7923,4,0.5024932622909546,0.003816545009613037,1,654,2025-03-15,2543,1312,Light Heavyweight,300.0,-455.0,0.23368421052631577,3,0,0.44660194174757284,True,0.1911022600043084,True
7924,4,0.5808407664299011,0.03794968128204346,0,650,2025-03-15,3725,3243,Middleweight,-163.0,122.0,0.5791057196812086,15,11,0.6083333333333334,True,0.6008685998617244,True
7925,4,0.4424182176589966,0.06778740882873535,0,651,2025-03-15,13,852,Welterweight,-210.0,160.0,0.6378504672897196,16,7,0.42857142857142855,True,0.6479618522865234,True
7926,4,0.6070622205734253,0.004900753498077393,1,656,2025-03-15,4755,1191,Heavyweight,,,,6,13,0.6604361370716509,True,0.6604361370716509,False
7927,4,0.4195246696472168,0.022536754608154297,0,653,2025-03-15,2547,2143,Bantamweight,310.0,-480.0,0.22762951334379902,8,7,0.42857142857142855,True,0.18362531780328384,True
7928,4,0.6014428734779358,0.0625690221786499,1,655,2025-03-15,6,1258,Featherweight,-590.0,350.0,0.7937219730941705,0,10,0.6083333333333334,True,0.8345570003481412,True
7929,4,0.31407037377357483,0.020112991333007812,0,660,2025-03-15,4539,1975,Flyweight,333.0,-530.0,0.21539197921296455,2,3,0.2987551867219917,True,0.16180707770115224,True
7930,4,0.33005526661872864,0.023775577545166016,0,657,2025-03-15,5014,1822,Bantamweight,360.0,-599.0,0.20235062528948589,1,1,0.2987551867219917,True,0.14960998224353195,True
7931,4,0.37192302942276,0.024436116218566895,1,659,2025-03-15,3248,3246,Strawweight,140.0,-225.0,0.37572254335260113,9,1,0.36,True,0.3345298245561031,True
7932,4,0.5190223455429077,0.03187274932861328,1,662,2025-03-15,1217,4504,Flyweight,-310.0,225.0,0.7107583774250441,1,0,0.5072463768115942,True,0.7389509116785538,True
7933,4,0.6914547681808472,0.009730815887451172,0,661,2025-03-15,2740,576,Bantamweight,-175.0,130.0,0.5940959409594095,5,10,0.6666666666666666,True,0.625463626057961,True
7934,4,0.3359246850013733,0.0859065055847168,1,658,2025-03-15,809,2833,Bantamweight,500.0,-910.0,0.1561051004636785,1,0,0.2987551867219917,True,0.1082237205758896,True
7935,4,0.28428375720977783,0.037047743797302246,0,652,2025-03-15,2751,1205,Lightweight,154.0,-225.0,0.36252091466815395,7,14,0.24390243902439024,True,0.3051966947664816,True
7936,4,0.49328121542930603,0.09357547760009766,0,641,2025-03-22,1908,1133,Lightweight,-400.0,240.0,0.7311827956989247,1,4,0.44660194174757284,True,0.7558511019436,True
7937,4,0.45646530389785767,0.04396343231201172,0,642,2025-03-22,4075,2806,Featherweight,-120.0,-110.0,0.5101214574898786,3,11,0.4375,True,0.49915319437590616,True
7938,4,0.34190279245376587,0.005658864974975586,0,638,2025-03-22,3942,357,Light Heavyweight,185.0,-375.0,0.30769230769230765,20,8,0.2987551867219917,True,0.25381760261817016,True
7939,4,0.5520304441452026,0.018536090850830078,1,639,2025-03-22,1889,3373,Welterweight,108.0,-139.0,0.45254866318261,24,15,0.5531914893617021,True,0.44576777659150496,True
7940,4,0.492185115814209,0.057532429695129395,0,640,2025-03-22,2701,742,Strawweight,164.0,-250.0,0.3465346534653465,13,0,0.44660194174757284,True,0.3116795322002034,True
7941,4,0.61380535364151,0.12999773025512695,0,648,2025-03-22,3966,3247,Bantamweight,-162.0,110.0,0.5649285951511126,1,3,0.6604361370716509,True,0.5911196640128844,True
7942,4,0.4883628785610199,0.028652191162109375,1,637,2025-03-22,2792,169,Welterweight,-138.0,105.0,0.5430984833941255,8,18,0.44660194174757284,True,0.5391040113332564,True
7943,4,0.7086074352264404,0.021758079528808594,0,645,2025-03-22,1802,3156,Heavyweight,-180.0,120.0,0.5857988165680474,4,21,0.6666666666666666,True,0.6159694722111028,True
7944,4,0.42332810163497925,0.006301999092102051,0,646,2025-03-22,2254,3287,Middleweight,310.0,-530.0,0.22475918658580094,0,5,0.42857142857142855,True,0.18075242344278108,True
7945,4,0.5039493441581726,0.08015358448028564,0,647,2025-03-22,2430,4438,Strawweight,140.0,-218.0,0.3780313837375179,1,2,0.44660194174757284,True,0.3470780452167513,True
7946,4,0.5858411192893982,0.06873071193695068,1,649,2025-03-22,1851,2987,Lightweight,280.0,-450.0,0.24336283185840704,2,4,0.6083333333333334,True,0.21419061557201827,True
7947,4,0.4395214915275574,0.03563737869262695,0,644,2025-03-22,3310,1494,Flyweight,200.0,-295.0,0.30859375,3,1,0.42857142857142855,True,0.2681611268925236,True
7948,4,0.38619035482406616,0.04911816120147705,0,643,2025-03-22,1844,384,Lightweight,-135.0,-110.0,0.5230627306273062,8,2,0.36,True,0.504444253394566,True
7949,4,0.403781920671463,0.060278117656707764,0,625,2025-03-29,3349,3403,Flyweight,190.0,-278.0,0.31920283735855426,5,17,0.4111111111111111,True,0.2779111534290407,True
7950,4,0.6114665269851685,0.1441044807434082,1,626,2025-03-29,2155,4219,Lightweight,-130.0,-103.0,0.5269568690095846,4,24,0.6604361370716509,True,0.5469606241929793,True
7951,4,0.5104433298110962,0.011579394340515137,0,627,2025-03-29,3659,679,Flyweight,210.0,-278.0,0.30488788514276494,7,4,0.5072463768115942,True,0.2717824159527176,True
7952,4,0.7677371501922607,0.026966631412506104,1,628,2025-03-29,3285,1342,Bantamweight,-600.0,350.0,0.7941176470588235,5,10,0.9166666666666666,True,0.8654568545653418,True
7953,4,0.4049329161643982,0.01118457317352295,0,629,2025-03-29,4675,4590,Bantamweight,350.0,-770.0,0.20069204152249134,2,0,0.4111111111111111,True,0.15588483963317876,True
7954,4,0.6339442729949951,0.1464240550994873,0,630,2025-03-29,4498,3401,Flyweight,-205.0,138.0,0.6153361079581284,2,2,0.6604361370716509,True,0.6488246924626349,True
7955,4,0.6625665426254272,0.10852789878845215,1,631,2025-03-29,3202,233,Middleweight,-485.0,330.0,0.7809398988953379,0,1,0.6604361370716509,True,0.82579310933743,True
7956,4,0.44102925062179565,0.03864109516143799,1,632,2025-03-29,2583,4157,Featherweight,150.0,-225.0,0.3661971830985915,5,7,0.42857142857142855,True,0.3317105593704508,True
7957,4,0.5651429891586304,0.05395883321762085,1,633,2025-03-29,3681,1761,Strawweight,-275.0,180.0,0.6724890829694323,12,2,0.6083333333333334,True,0.7067862396601682,True
7958,4,0.6639026403427124,0.10254323482513428,1,634,2025-03-29,4756,1014,Lightweight,-375.0,235.0,0.7256317689530686,8,11,0.6604361370716509,True,0.7694188367071177,True
7959,4,0.6072700023651123,0.1022387146949768,1,635,2025-03-29,1876,885,Featherweight,-500.0,350.0,0.7894736842105263,7,3,0.6604361370716509,True,0.8341874332477955,True
7960,4,0.45683956146240234,0.10226988792419434,0,636,2025-03-29,3497,3276,Lightweight,120.0,-163.0,0.4231016731016731,10,1,0.4375,True,0.39758099348165166,True
7961,4,0.5077657699584961,0.029442310333251953,0,617,2025-04-05,823,2781,Flyweight,-275.0,200.0,0.6875,0,10,0.44660194174757284,True,0.7069451631759093,True
7962,4,0.23774562776088715,0.04081368446350098,0,613,2025-04-05,4245,3562,Featherweight,215.0,-355.0,0.28921023359288095,14,8,0.24390243902439024,True,0.2285868993241812,True
7963,4,0.4930945634841919,0.07940042018890381,1,614,2025-04-05,602,977,Featherweight,160.0,-240.0,0.3526970954356846,8,7,0.44660194174757284,True,0.318556646057522,True
7964,4,0.41348007321357727,0.0651056170463562,0,615,2025-04-05,5028,3396,Bantamweight,120.0,-155.0,0.4278523489932886,1,1,0.42857142857142855,True,0.4019931993769941,True
7965,4,0.5249155163764954,0.10708445310592651,0,616,2025-04-05,1227,3081,Middleweight,136.0,-177.0,0.3987217871948411,22,25,0.5072463768115942,True,0.3776340827005386,True
7966,4,0.4400368332862854,0.06118965148925781,0,618,2025-04-05,253,4334,Middleweight,250.0,-360.0,0.26744186046511625,1,0,0.42857142857142855,True,0.22439524471585126,True
7967,4,0.45609045028686523,0.08073925971984863,0,619,2025-04-05,3853,4739,Flyweight,600.0,-1250.0,0.13366336633663364,7,2,0.4375,True,0.0954798737786265,True
7968,4,0.74400395154953,0.036261916160583496,1,621,2025-04-05,3984,4942,Strawweight,-1000.0,540.0,0.8533333333333333,8,4,0.7857142857142857,True,0.9011315706087568,True
7969,4,0.469809889793396,0.0370326042175293,0,622,2025-04-05,166,3717,Bantamweight,164.0,-225.0,0.3536452665941241,1,6,0.44660194174757284,True,0.31961697970765085,True
7970,4,0.5979915857315063,0.027206897735595703,1,623,2025-04-05,3687,2528,Heavyweight,-185.0,130.0,0.5988740323715693,6,0,0.6083333333333334,True,0.623660671612246,True
7971,4,0.44411134719848633,0.06550943851470947,0,624,2025-04-05,2745,722,Strawweight,-112.0,-115.0,0.4969046636401156,8,2,0.42857142857142855,True,0.48250263635334745,True
7972,4,0.5343924760818481,0.027100086212158203,0,620,2025-04-05,1554,4091,Welterweight,-150.0,-105.0,0.5394736842105262,0,4,0.5072463768115942,True,0.5422597457644833,True
7973,4,0.36221829056739807,0.05697530508041382,1,603,2025-04-12,4839,4747,Featherweight,-205.0,160.0,0.6360381861575178,4,10,0.2987551867219917,True,0.6298252950857154,True
7974,4,0.35136789083480835,0.007327079772949219,1,605,2025-04-12,123,2664,Featherweight,150.0,-205.0,0.3730886850152905,18,9,0.2987551867219917,True,0.3240782330416977,True
7975,4,0.5585992336273193,0.11628317832946777,0,600,2025-04-12,4704,1106,Featherweight,120.0,-162.0,0.42367399741267786,6,16,0.6083333333333334,True,0.4187481137747422,True
7976,5,0.2235894799232483,0.09008312225341797,0,601,2025-04-12,646,1943,Lightweight,120.0,-168.0,0.4203262233375156,6,6,0.23300970873786409,True,0.3632408508886839,True
7977,5,0.7137565612792969,0.056036531925201416,1,602,2025-04-12,1951,4126,Featherweight,,,,15,0,0.6923076923076923,True,0.6923076923076923,False
7978,5,0.7183197736740112,0.039005279541015625,1,607,2025-04-12,1993,2795,Lightweight,-850.0,500.0,0.8429752066115703,10,45,0.75,True,0.8921682630171864,True
7979,5,0.4971739947795868,0.09911465644836426,0,604,2025-04-12,3146,3786,Light Heavyweight,-188.0,124.0,0.5938628158844765,18,12,0.4524271844660194,True,0.5993004716160867,True
7980,5,0.39879846572875977,0.06061875820159912,1,609,2025-04-12,1800,2673,Middleweight,-205.0,145.0,0.6221740476927841,15,5,0.3885350318471338,True,0.6241545002261862,True
7981,5,0.4587308168411255,0.13145971298217773,0,610,2025-04-12,1072,2363,Flyweight,118.0,-150.0,0.43327556325823224,1,7,0.45161290322580644,True,0.41010823151866405,True
7982,5,0.39708641171455383,0.053900182247161865,0,611,2025-04-12,4561,3907,Middleweight,360.0,-575.0,0.20331325301204817,4,1,0.3885350318471338,True,0.15522851449964817,True
7983,5,0.5845224261283875,0.04184985160827637,1,612,2025-04-12,3041,3474,Bantamweight,-250.0,188.0,0.6728971962616822,3,1,0.6147540983606558,True,0.7098999648109751,True
7984,5,0.48401355743408203,0.0006208419799804688,1,608,2025-04-12,3697,4399,Featherweight,-295.0,210.0,0.6983581519663994,15,29,0.4524271844660194,True,0.720132050535833,True
7985,5,0.5745886564254761,0.009125351905822754,0,606,2025-04-12,155,358,Strawweight,105.0,-142.0,0.4539486025135997,12,10,0.6147540983606558,True,0.45639645673739987,True
7986,5,0.6327611207962036,0.11615681648254395,1,586,2025-04-26,240,2640,Welterweight,-175.0,128.0,0.5919881305637983,9,4,0.6548463356973994,True,0.623908409443813,True
7987,5,0.6282973885536194,0.038381099700927734,1,592,2025-04-26,814,3619,Flyweight,-175.0,130.0,0.5940959409594095,14,5,0.6548463356973994,True,0.6263249133675372,True
7988,5,0.3502095341682434,0.15393567085266113,0,587,2025-04-26,3269,35,Light Heavyweight,260.0,-455.0,0.25307797537619703,24,2,0.30324909747292417,True,0.1961009527607715,True
7989,5,0.46400439739227295,0.08750128746032715,1,589,2025-04-26,736,3905,Middleweight,105.0,-150.0,0.44843049327354256,5,12,0.4524271844660194,True,0.42788699677519104,True
7990,5,0.2685182988643646,0.015456676483154297,0,590,2025-04-26,531,1933,Welterweight,235.0,-333.0,0.279616415356301,13,19,0.23300970873786409,True,0.21430441409862294,True
7991,5,0.36990922689437866,0.06991124153137207,1,591,2025-04-26,3265,1732,Middleweight,-480.0,300.0,0.7680000000000001,3,8,0.35802469135802467,True,0.788173279012446,True
7992,5,0.5325826406478882,0.03429591655731201,1,588,2025-04-26,3835,3770,Featherweight,-220.0,163.0,0.6438904963276207,7,10,0.4936708860759494,True,0.6627810124137338,True
7993,5,0.4786983132362366,0.01994335651397705,1,593,2025-04-26,896,1057,Lightweight,-245.0,165.0,0.6530047774704552,4,0,0.4524271844660194,True,0.6682891201868351,True
7994,5,0.3816556930541992,0.06886446475982666,0,594,2025-04-26,2683,4736,Featherweight,120.0,-155.0,0.4278523489932886,7,13,0.35802469135802467,True,0.3911401277444622,True
7995,5,0.45784419775009155,0.03628969192504883,0,595,2025-04-26,894,2143,Bantamweight,,,,8,8,0.45161290322580644,True,0.45161290322580644,False
7996,5,0.30099523067474365,0.053326964378356934,0,597,2025-04-26,1884,2549,Strawweight,500.0,-910.0,0.1561051004636785,10,4,0.23300970873786409,True,0.10208980568024152,True
7997,5,0.7044217586517334,0.0222170352935791,1,599,2025-04-26,85,4124,Bantamweight,-300.0,210.0,0.6992481203007519,9,4,0.6923076923076923,True,0.7476344580057558,True
7998,5,0.45061731338500977,0.041298627853393555,0,598,2025-04-26,3951,1360,Featherweight,-118.0,-110.0,0.5082034454470877,1,2,0.45161290322580644,True,0.4980603543496104,True
7999,5,0.3818802237510681,0.0001481771469116211,1,596,2025-04-26,1795,274,Bantamweight,-130.0,-100.0,0.5306122448979592,0,5,0.35802469135802467,True,0.5113385551244152,True
8000,5,0.21413907408714294,0.04257768392562866,0,579,2025-05-03,1430,2502,Lightweight,400.0,-675.0,0.18674698795180722,34,4,0.16666666666666666,True,0.12178209716846959,True
8001,5,0.4378805160522461,0.009016990661621094,0,574,2025-05-03,4866,939,Bantamweight,350.0,-520.0,0.20945945945945946,18,14,0.4176829268292683,True,0.16336265260523034,True
8002,5,0.6216874122619629,0.06855034828186035,0,575,2025-05-03,4720,3680,Middleweight,-440.0,250.0,0.7403846153846154,4,2,0.6548463356973994,True,0.7865161901600332,True
8003,5,0.5150097608566284,0.0743870735168457,0,576,2025-05-03,1392,4230,Welterweight,-155.0,110.0,0.5607235142118863,19,12,0.4936708860759494,True,0.5657685873215783,True
8004,5,0.41305994987487793,0.036647677421569824,1,578,2025-05-03,3256,3844,Bantamweight,-143.0,110.0,0.552733296521259,2,1,0.4176829268292683,True,0.546051063362776,True
8005,5,0.6979794502258301,0.060127854347229004,1,577,2025-05-03,497,1706,Bantamweight,-275.0,188.0,0.6786632390745502,10,5,0.6666666666666666,True,0.7224422995556117,True
8006,5,0.30466681718826294,0.05726158618927002,0,582,2025-05-03,2206,1335,Strawweight,195.0,-270.0,0.31718816973853403,14,18,0.30324909747292417,True,0.26147972434353023,True
8007,5,0.483054518699646,0.015391826629638672,0,581,2025-05-03,4559,2809,Middleweight,265.0,-400.0,0.25510204081632654,1,1,0.4524271844660194,True,0.21227576894510053,True
8008,5,0.6110016107559204,0.122580885887146,0,583,2025-05-03,2819,2737,Bantamweight,-135.0,105.0,0.5407914020517831,3,2,0.6548463356973994,True,0.5645889914623313,True
8009,5,0.6218479871749878,0.010674893856048584,1,584,2025-05-03,1896,3906,Heavyweight,-340.0,210.0,0.7054886211512718,3,11,0.6548463356973994,True,0.7499125684081019,True
8010,5,0.350168913602829,0.005908012390136719,1,585,2025-05-03,1645,4648,Flyweight,175.0,-260.0,0.33488372093023255,3,3,0.30324909747292417,True,0.2802558651150663,True
8011,5,0.5254384279251099,0.027248859405517578,1,580,2025-05-03,3480,2263,Bantamweight,120.0,-160.0,0.4248366013071895,10,13,0.4936708860759494,True,0.40581711781808205,True
8012,5,0.6940635442733765,0.04739654064178467,1,565,2025-05-10,2840,2289,Flyweight,-250.0,185.0,0.6705882352941177,6,13,0.6666666666666666,True,0.7136490062184409,True
8013,5,0.4571784436702728,0.05400627851486206,0,567,2025-05-10,467,5072,Welterweight,160.0,-225.0,0.3571428571428572,4,5,0.45161290322580644,True,0.3228957070850469,True
8014,5,0.2009868621826172,0.06889605522155762,0,566,2025-05-10,2238,41,Lightweight,,,,2,8,0.10814119299490856,True,0.10814119299490856,False
8015,5,0.5533637404441833,0.03449881076812744,1,562,2025-05-10,1001,2843,Welterweight,150.0,-205.0,0.3730886850152905,7,19,0.5567010309278351,True,0.35388223074479136,True
8016,5,0.56083083152771,0.0674135684967041,1,563,2025-05-10,5097,2872,Flyweight,108.0,-142.0,0.45034985856781296,17,7,0.6,True,0.4500652984092636,True
8017,5,0.5195938348770142,0.017080724239349365,1,564,2025-05-10,55,1375,Featherweight,145.0,-190.0,0.3838517538054269,8,22,0.4936708860759494,True,0.358395817721589,True
8018,5,0.5126389265060425,0.02955949306488037,0,569,2025-05-10,673,979,Light Heavyweight,-114.0,-110.0,0.5042122999157539,18,9,0.4936708860759494,True,0.4990744024130465,True
8019,5,0.4643210172653198,0.009867191314697266,0,571,2025-05-10,858,1147,Middleweight,,,,10,14,0.4524271844660194,True,0.4524271844660194,False
8020,5,0.4646831154823303,0.0027246475219726562,1,572,2025-05-10,4346,4339,Featherweight,105.0,-145.0,0.45182111572153066,3,3,0.4524271844660194,True,0.4318509302635486,True
8021,5,0.607189953327179,0.08950293064117432,0,573,2025-05-10,686,1673,Bantamweight,120.0,-163.0,0.4231016731016731,8,1,0.6548463356973994,True,0.42571775350411883,True
8022,5,0.6502679586410522,0.012154757976531982,1,570,2025-05-10,738,4268,Light Heavyweight,-360.0,225.0,0.7177914110429447,1,1,0.6548463356973994,True,0.7629532510301527,True
8023,5,0.4652897119522095,0.10158884525299072,1,568,2025-05-10,1209,1518,Flyweight,-335.0,225.0,0.7145200984413452,9,28,0.4524271844660194,True,0.738299438694518,True
8024,5,0.7140383124351501,0.0138930082321167,1,551,2025-05-17,2658,3148,Welterweight,-560.0,360.0,0.7960444993819531,5,23,0.6923076923076923,True,0.8452301485721907,True
8025,5,0.3786240220069885,0.031116247177124023,0,552,2025-05-17,4489,1573,Lightweight,126.0,-163.0,0.41654787924862996,9,2,0.35802469135802467,True,0.37819005170676234,True
8026,5,0.4730004072189331,0.08406257629394531,0,553,2025-05-17,3330,4654,Middleweight,198.0,-265.0,0.31609941976270894,8,4,0.4524271844660194,True,0.27742722174436013,True
8027,5,0.43841874599456787,0.015197038650512695,0,554,2025-05-17,3697,2583,Featherweight,130.0,-167.0,0.4100752572569498,16,6,0.4176829268292683,True,0.3788084528160691,True
8028,5,0.5229478478431702,0.012395620346069336,1,561,2025-05-17,3830,1362,Strawweight,-335.0,230.0,0.7176241480038947,17,6,0.4936708860759494,True,0.7460465376856891,True
8029,5,0.556671142578125,0.014741778373718262,0,555,2025-05-17,534,2127,Lightweight,-225.0,154.0,0.637479085331846,0,5,0.6,True,0.6684711496890663,True
8030,5,0.6122907996177673,0.02404344081878662,1,557,2025-05-17,3469,3840,Featherweight,-620.0,380.0,0.8051948051948052,0,2,0.6548463356973994,True,0.850969217914026,True
8031,5,0.7001243829727173,0.03981834650039673,1,558,2025-05-17,1344,4020,Bantamweight,-188.0,140.0,0.6103896103896104,4,2,0.6666666666666666,True,0.646560751277744,True
8032,5,0.3757711946964264,0.03857141733169556,0,559,2025-05-17,825,3320,Strawweight,400.0,-649.0,0.18753129694541815,8,6,0.35802469135802467,True,0.13818671514270178,True
8033,5,0.5664474964141846,0.11384248733520508,1,560,2025-05-17,1152,3045,Flyweight,-198.0,150.0,0.6242118537200504,2,6,0.6147540983606558,True,0.6552967387217968,True
8034,5,0.5460985898971558,0.05018258094787598,0,556,2025-05-17,3519,1823,Lightweight,-103.0,-130.0,0.4730431309904154,14,15,0.5567010309278351,True,0.47086083444158067,True
8035,5,0.5762322545051575,0.08034753799438477,0,545,2025-05-31,4202,3102,Featherweight,-155.0,115.0,0.5665108372290693,11,12,0.6147540983606558,True,0.5888551725506399,True
8036,5,0.4711679220199585,0.11657404899597168,1,542,2025-05-31,102,4061,Lightweight,-165.0,130.0,0.5888285492629945,10,10,0.4524271844660194,True,0.5933796671345096,True
8037,5,0.5861133337020874,0.0065233707427978516,0,543,2025-05-31,4994,2553,Welterweight,-440.0,300.0,0.7652173913043477,2,6,0.6147540983606558,True,0.8081801361716812,True
8038,5,0.6113119125366211,0.03373289108276367,0,544,2025-05-31,2668,146,Light Heavyweight,145.0,-200.0,0.37974683544303806,1,15,0.6548463356973994,True,0.37459826959088416,True
8039,5,0.4278624653816223,0.016271352767944336,0,546,2025-05-31,2777,4467,Middleweight,170.0,-225.0,0.34852546916890076,8,4,0.4176829268292683,True,0.3092136600913099,True
8040,5,0.2479265034198761,0.010604381561279297,0,548,2025-05-31,2751,3578,Lightweight,190.0,-260.0,0.32315978456014366,8,7,0.23300970873786409,True,0.2583275366435478,True
8041,5,0.5260953307151794,0.04962289333343506,0,549,2025-05-31,1030,2079,Lightweight,410.0,-620.0,0.1854714064914992,0,2,0.4936708860759494,True,0.14545941061989215,True
8042,5,0.39504584670066833,0.029142379760742188,1,550,2025-05-31,950,3865,Strawweight,175.0,-225.0,0.34437086092715236,2,2,0.3885350318471338,True,0.301133745542145,True
8043,5,0.5600402355194092,0.09426134824752808,0,547,2025-05-31,2497,4856,Flyweight,-105.0,-127.0,0.47794265089231996,3,3,0.6,True,0.4826605570780907,True
8044,5,0.49505743384361267,0.04849815368652344,0,533,2025-06-07,886,1889,Welterweight,150.0,-225.0,0.3661971830985915,22,25,0.4524271844660194,True,0.333201038181006,True
8045,5,0.4766736328601837,0.08495688438415527,1,529,2025-06-07,4284,252,Bantamweight,-275.0,175.0,0.6685082872928176,14,13,0.4524271844660194,True,0.6861386003392703,True
8046,5,0.4135279655456543,0.06639492511749268,0,530,2025-06-07,2311,1474,Bantamweight,370.0,-700.0,0.19559902200488996,11,2,0.4176829268292683,True,0.14997803846132457,True
8047,5,0.5210875272750854,0.034561872482299805,1,531,2025-06-07,1330,717,Middleweight,-455.0,285.0,0.7594017557169177,5,23,0.4936708860759494,True,0.7914166961611356,True
8048,5,0.25849753618240356,0.015401124954223633,0,534,2025-06-07,1276,509,Flyweight,450.0,-750.0,0.1708542713567839,8,7,0.23300970873786409,True,0.11437558743199233,True
8049,5,0.7047203183174133,0.011570096015930176,0,537,2025-06-07,3346,4104,Welterweight,-198.0,150.0,0.6242118537200504,9,0,0.6923076923076923,True,0.665749625553164,True
8050,5,0.6681443452835083,0.07388675212860107,1,532,2025-06-07,777,2946,Bantamweight,,,,11,0,0.6548463356973994,True,0.6548463356973994,False
8051,5,0.6340612173080444,0.007368326187133789,1,541,2025-06-07,3276,3304,Lightweight,-175.0,124.0,0.5877061469265367,2,0,0.6548463356973994,True,0.6189922984064833,True
8052,5,0.614799976348877,0.01613783836364746,1,538,2025-06-07,2489,510,Flyweight,-650.0,350.0,0.7959183673469387,3,13,0.6548463356973994,True,0.842057366385959,True
8053,5,0.5362328886985779,0.008162140846252441,1,539,2025-06-07,1429,2537,Featherweight,-625.0,390.0,0.8085808580858086,0,3,0.5243902439024389,True,0.8447804078247731,True
8054,5,0.38282835483551025,0.12356710433959961,0,540,2025-06-07,2748,3662,Lightweight,310.0,-500.0,0.22641509433962265,3,1,0.35802469135802467,True,0.17507760632904382,True
8055,5,0.5355333089828491,0.06983864307403564,1,536,2025-06-07,4755,3278,Heavyweight,,,,7,13,0.5243902439024389,True,0.5243902439024389,False
8056,5,0.5474753975868225,0.1486300230026245,1,535,2025-06-07,3672,2543,Light Heavyweight,-800.0,450.0,0.830188679245283,4,4,0.5567010309278351,True,0.8681215788663801,True
8057,5,0.7696641683578491,0.06294423341751099,0,521,2025-06-14,1755,2559,Light Heavyweight,-800.0,450.0,0.830188679245283,2,15,0.9411764705882353,True,0.9028882719437513,True
8058,5,0.49579429626464844,0.005654692649841309,1,517,2025-06-14,141,3874,Flyweight,-258.0,190.0,0.6763695534261436,17,11,0.4524271844660194,True,0.6951416547624092,True
8059,5,0.4494698643684387,0.04577803611755371,0,518,2025-06-14,4822,3888,Middleweight,123.0,-175.0,0.41337842916196915,10,12,0.45161290322580644,True,0.38704177705955173,True
8060,5,0.5394310355186462,0.03621327877044678,1,519,2025-06-14,3499,4633,Bantamweight,-278.0,200.0,0.6881188118811881,12,15,0.5243902439024389,True,0.7165493562241791,True
8061,5,0.4831516742706299,0.07156145572662354,0,527,2025-06-14,4384,1636,Welterweight,-185.0,128.0,0.5967741935483871,5,6,0.4524271844660194,True,0.6027219408831029,True
8062,5,0.37795785069465637,0.027071058750152588,1,516,2025-06-14,392,3557,Welterweight,164.0,-235.0,0.35063847603098175,18,15,0.35802469135802467,True,0.30428590073198836,True
8063,5,0.5952585935592651,0.014107704162597656,1,523,2025-06-14,3611,1371,Welterweight,-350.0,250.0,0.7313432835820896,20,23,0.6147540983606558,True,0.7730552980880322,True
8064,5,0.3195779621601105,0.1623963713645935,0,524,2025-06-14,3593,1795,Bantamweight,850.0,-2000.0,0.09952606635071089,2,1,0.30324909747292417,True,0.061025688158878856,True
8065,5,0.3462070822715759,0.11231672763824463,0,525,2025-06-14,2844,45,Flyweight,163.0,-230.0,0.3529789282276179,12,1,0.30324909747292417,True,0.2997492127524118,True
8066,5,0.5543771982192993,0.019044041633605957,1,526,2025-06-14,1387,3844,Bantamweight,-500.0,310.0,0.7735849056603774,14,2,0.6,True,0.8154049601913431,True
8067,5,0.6348644495010376,0.01812112331390381,1,528,2025-06-14,4019,2745,Flyweight,-699.0,430.0,0.8225903146301929,4,9,0.6548463356973994,True,0.8673695575673834,True
8068,5,0.514211893081665,0.06796151399612427,0,508,2025-06-21,2176,519,Lightweight,320.0,-470.0,0.2240566037735849,6,4,0.4936708860759494,True,0.18388853456605292,True
8069,5,0.5340256690979004,0.009532690048217773,0,504,2025-06-21,3975,4279,Light Heavyweight,-130.0,-130.0,0.5,10,16,0.4936708860759494,True,0.49410115675468114,True
8070,5,0.3756304383277893,0.003907442092895508,1,505,2025-06-21,4050,145,Lightweight,105.0,-150.0,0.44843049327354256,10,8,0.35802469135802467,True,0.41488395211119367,True
8071,5,0.35856693983078003,0.07808518409729004,0,506,2025-06-21,4744,4325,Heavyweight,195.0,-270.0,0.31718816973853403,0,19,0.30324909747292417,True,0.26147972434353023,True
8072,5,0.30780869722366333,0.0016193389892578125,0,507,2025-06-21,4961,3091,Catch Weight,128.0,-186.0,0.4027715187021181,0,3,0.30324909747292417,True,0.35476943292778396,True
8073,5,0.47575587034225464,0.007352113723754883,0,509,2025-06-21,3748,504,Featherweight,205.0,-278.0,0.30834488946896155,1,5,0.4524271844660194,True,0.2689616162697372,True
8074,5,0.3364100456237793,0.01611459255218506,1,510,2025-06-21,3017,2921,Welterweight,330.0,-500.0,0.21818181818181814,0,3,0.30324909747292417,True,0.1624741999657068,True
8075,5,0.4789709448814392,0.014015913009643555,0,512,2025-06-21,3006,5047,Bantamweight,-278.0,190.0,0.6807971626414456,3,2,0.4524271844660194,True,0.7001971207237498,True
8076,5,0.4779195189476013,0.011008143424987793,0,513,2025-06-21,1176,2272,Bantamweight,-278.0,200.0,0.6881188118811881,2,1,0.4524271844660194,True,0.7085317459254477,True
8077,5,0.3407585620880127,0.04352080821990967,0,514,2025-06-21,696,280,Flyweight,310.0,-550.0,0.22375215146299485,2,6,0.30324909747292417,True,0.16774063361644267,True
8078,5,0.41753247380256653,0.08362197875976562,1,515,2025-06-21,10,494,Heavyweight,128.0,-180.0,0.4055619930475087,5,2,0.4176829268292683,True,0.3736303052107016,True
8079,5,0.5743989944458008,0.020620107650756836,0,511,2025-06-21,1195,4748,Middleweight,138.0,-190.0,0.3907302613850714,5,11,0.6147540983606558,True,0.38195385535576853,True
8080,5,0.47384214401245117,0.08297073841094971,0,496,2025-06-28,1285,4002,Lightweight,-162.0,-113.0,0.538214374844023,18,23,0.4524271844660194,True,0.5336417066041395,True
8081,5,0.6210439205169678,0.03890979290008545,1,493,2025-06-28,1809,4242,Lightweight,-425.0,295.0,0.761769710720363,8,34,0.6548463356973994,True,0.8083256996931025,True
8082,5,0.4737548530101776,0.16360926628112793,1,494,2025-06-28,3958,398,Flyweight,-275.0,195.0,0.6838777660695469,16,12,0.4524271844660194,True,0.7037078450134139,True
8083,5,0.5550355911254883,0.045763611793518066,0,497,2025-06-28,650,326,Bantamweight,-175.0,125.0,0.5887850467289719,2,4,0.6,True,0.6126949162879402,True
8084,5,0.5994342565536499,0.040853261947631836,1,500,2025-06-28,2284,978,Flyweight,-225.0,160.0,0.6428571428571429,6,12,0.6147540983606558,True,0.6763919598007454,True
8085,5,0.31307780742645264,0.041901230812072754,0,495,2025-06-28,1629,509,Flyweight,-125.0,-250.0,0.43750000000000006,10,8,0.30324909747292417,True,0.39418479963711417,True
8086,5,0.6266740560531616,0.02713775634765625,1,503,2025-06-28,4732,1792,Heavyweight,-500.0,300.0,0.7692307692307692,3,0,0.6548463356973994,True,0.8158145955022078,True
8087,5,0.7098485827445984,0.03586781024932861,1,501,2025-06-28,3074,1269,Lightweight,-180.0,130.0,0.5965417867435159,10,8,0.6923076923076923,True,0.6345080768577628,True
8088,5,0.5906661748886108,0.09632980823516846,1,502,2025-06-28,1562,2863,Welterweight,-3333.0,1000.0,0.9143804868316042,1,18,0.6147540983606558,True,0.9447736541989955,True
8089,5,0.4601048529148102,0.02040320634841919,0,499,2025-06-28,2070,2340,Featherweight,-100.0,-138.0,0.4630350194552528,3,1,0.4524271844660194,True,0.4449851527068477,True
8090,5,0.45899498462677,0.08585262298583984,0,498,2025-06-28,4468,1733,Middleweight,160.0,-235.0,0.35412262156448204,17,10,0.45161290322580644,True,0.319502927897644,True
8091,5,0.6616594791412354,0.07645606994628906,0,486,2025-07-12,60,2893,Light Heavyweight,-180.0,130.0,0.5965417867435159,5,2,0.6548463356973994,True,0.6291260427952544,True
8092,5,0.7880041599273682,0.06110036373138428,0,481,2025-07-12,3311,3901,Heavyweight,-275.0,186.0,0.6771416272061989,1,29,0.9411764705882353,True,0.7739103822340102,True
8093,5,0.7295619249343872,0.009740114212036133,1,482,2025-07-12,3427,3732,Welterweight,-450.0,295.0,0.7636949516648764,5,21,0.7692307692307693,True,0.8217418555646632,True
8094,5,0.2712870240211487,0.09155404567718506,0,483,2025-07-12,781,3846,Featherweight,112.0,-150.0,0.44014084507042256,14,8,0.23300970873786409,True,0.38559323634021303,True
8095,5,0.37429314851760864,0.042505621910095215,0,484,2025-07-12,480,4075,Featherweight,190.0,-275.0,0.3198294243070363,9,4,0.35802469135802467,True,0.2708556456946256,True
8096,5,0.24341168999671936,0.04220348596572876,0,485,2025-07-12,446,1207,Heavyweight,420.0,-670.0,0.18100611189468738,5,6,0.23300970873786409,True,0.1230228183593109,True
8097,5,0.5964629650115967,0.037843942642211914,1,488,2025-07-12,2938,852,Welterweight,-108.0,-122.0,0.48581617766250607,21,8,0.6147540983606558,True,0.4940613087871856,True
8098,5,0.7843165397644043,0.029472708702087402,1,489,2025-07-12,3722,2548,Flyweight,-670.0,420.0,0.8189938881053127,3,14,0.9411764705882353,True,0.894573110696569,True
8099,5,0.5164172649383545,0.031957149505615234,1,490,2025-07-12,275,1366,Heavyweight,175.0,-245.0,0.3386503067484662,3,13,0.4936708860759494,True,0.30707143428100325,True
8100,5,0.7290273308753967,0.06976187229156494,1,491,2025-07-12,4379,354,Lightweight,-1000.0,520.0,0.8493150684931507,6,1,0.7692307692307693,True,0.8988838442879216,True
8101,5,0.33455848693847656,0.11473727226257324,0,492,2025-07-12,5048,3843,Strawweight,600.0,-1205.0,0.1339835728952772,2,2,0.30324909747292417,True,0.08815196909548614,True
8102,5,0.4519376754760742,0.01346290111541748,1,487,2025-07-12,1918,3728,Welterweight,-333.0,230.0,0.7173444741823879,10,17,0.45161290322580644,True,0.7413696500965016,True
8103,5,0.462735116481781,0.01176762580871582,1,472,2025-07-19,1202,1099,Bantamweight,,,,3,8,0.4524271844660194,True,0.4524271844660194,False
8104,5,0.6073495745658875,0.017364144325256348,1,473,2025-07-19,2789,3725,Middleweight,-275.0,200.0,0.6875,16,16,0.6548463356973994,True,0.7305965364343966,True
8105,5,0.5927752256393433,0.10561549663543701,1,467,2025-07-19,827,1820,Lightweight,-122.0,-110.0,0.511990407673861,30,31,0.6147540983606558,True,0.5249510252885146,True
8106,5,0.5769779682159424,0.04038947820663452,0,469,2025-07-19,1889,4230,Welterweight,,,,26,13,0.6147540983606558,True,0.6147540983606558,False
8107,5,0.7492199540138245,0.0626908540725708,0,470,2025-07-19,123,4126,Featherweight,,,,19,1,0.8421052631578947,True,0.8421052631578947,False
8108,5,0.6247237324714661,0.01660764217376709,0,471,2025-07-19,461,4421,Lightweight,,,,5,30,0.6548463356973994,True,0.6548463356973994,False
8109,5,0.3726540207862854,0.013073205947875977,1,468,2025-07-19,2159,4920,Middleweight,,,,10,9,0.35802469135802467,True,0.35802469135802467,False
8110,5,0.36959704756736755,0.11360025405883789,0,480,2025-07-19,430,1217,Flyweight,,,,1,2,0.35802469135802467,True,0.35802469135802467,False
8111,5,0.4752832353115082,0.03163033723831177,0,476,2025-07-19,2690,4093,Welterweight,320.0,-560.0,0.21912350597609562,4,0,0.4524271844660194,True,0.17559932561348016,True
8112,5,0.57225102186203,0.016454219818115234,1,477,2025-07-19,2058,3621,Light Heavyweight,,,,10,10,0.6147540983606558,True,0.6147540983606558,False
8113,5,0.5227552652359009,0.12020516395568848,0,478,2025-07-19,707,1191,Heavyweight,,,,6,14,0.4936708860759494,True,0.4936708860759494,False
8114,5,0.46958431601524353,0.029611527919769287,0,479,2025-07-19,1391,5029,Middleweight,,,,0,6,0.4524271844660194,True,0.4524271844660194,False
8115,5,0.638408899307251,0.028273344039916992,1,475,2025-07-19,3202,253,Middleweight,,,,1,2,0.6548463356973994,True,0.6548463356973994,False
8116,5,0.6910789012908936,0.03350496292114258,0,474,2025-07-19,1433,1676,Welterweight,,,,4,2,0.6666666666666666,True,0.6666666666666666,False
8117,5,0.5846844911575317,0.04992181062698364,0,459,2025-07-26,3146,3802,Light Heavyweight,-205.0,160.0,0.6360381861575178,19,4,0.6147540983606558,True,0.668701623788148,True
8118,5,0.5198662281036377,0.15737247467041016,0,455,2025-07-26,1970,3680,Middleweight,-162.0,120.0,0.5763260025873221,23,3,0.4936708860759494,True,0.5841203816358389,True
8119,5,0.5696659088134766,0.030492961406707764,1,456,2025-07-26,362,4586,Bantamweight,-400.0,280.0,0.7524752475247526,14,4,0.6147540983606558,True,0.7951092236084514,True
8120,5,0.39356523752212524,0.05392718315124512,0,457,2025-07-26,1147,3868,Middleweight,,,,15,5,0.3885350318471338,True,0.3885350318471338,False
8121,5,0.48371636867523193,0.08749604225158691,1,458,2025-07-26,2575,45,Flyweight,-120.0,-110.0,0.5101214574898786,5,2,0.4524271844660194,True,0.5004371871569303,True
8122,5,0.3340463638305664,0.03384816646575928,0,460,2025-07-26,4228,4747,Bantamweight,110.0,-155.0,0.4392764857881137,10,11,0.30324909747292417,True,0.39622104631726446,True
8123,5,0.6111332178115845,0.09987187385559082,0,461,2025-07-26,4904,3136,Welterweight,-550.0,350.0,0.792,2,12,0.6548463356973994,True,0.8382595671282054,True
8124,5,0.49483704566955566,0.02868056297302246,1,463,2025-07-26,3825,1693,Strawweight,140.0,-195.0,0.38663171690694625,9,12,0.4524271844660194,True,0.35641995121079884,True
8125,5,0.595085859298706,0.013074874877929688,0,464,2025-07-26,2179,3775,Light Heavyweight,-300.0,210.0,0.6992481203007519,3,1,0.6147540983606558,True,0.7387373987842666,True
8126,5,0.4821617901325226,0.08489871025085449,0,465,2025-07-26,388,1728,Featherweight,250.0,-400.0,0.26315789473684204,2,1,0.4524271844660194,True,0.22067874934423112,True
8127,5,0.3271051347255707,0.028575003147125244,0,466,2025-07-26,1668,3687,Heavyweight,-278.0,195.0,0.6845004590601786,0,7,0.30324909747292417,True,0.6859918395911222,True
8128,5,0.6632332801818848,0.13521170616149902,0,462,2025-07-26,2143,2649,Bantamweight,-390.0,250.0,0.7358490566037735,9,13,0.6548463356973994,True,0.7818275568515141,True
8129,5,0.44709914922714233,0.0520017147064209,1,448,2025-08-02,6,2482,Featherweight,-455.0,300.0,0.7663157894736842,1,2,0.4375,True,0.7937942067721128,True
8130,5,0.6277705430984497,0.0306699275970459,1,443,2025-08-02,17,1152,Flyweight,-360.0,250.0,0.7325581395348837,7,3,0.6548463356973994,True,0.7784122472905965,True
8131,5,0.5272884368896484,0.0478205680847168,0,444,2025-08-02,4506,1133,Lightweight,-265.0,175.0,0.6662857142857144,5,5,0.4936708860759494,True,0.6884255302915305,True
8132,5,0.4949415326118469,0.09676158428192139,1,445,2025-08-02,3871,2110,Lightweight,-280.0,190.0,0.6812080536912752,5,5,0.4524271844660194,True,0.7006657040155464,True
8133,5,0.42268288135528564,0.04001760482788086,0,446,2025-08-02,3041,3698,Bantamweight,120.0,-158.0,0.4260237780713342,4,11,0.4176829268292683,True,0.39718663718199454,True
8134,5,0.5415821671485901,0.030739903450012207,1,447,2025-08-02,1143,13,Welterweight,115.0,-175.0,0.4222648752399232,34,17,0.5243902439024389,True,0.40684151771036964,True
8135,5,0.3478281497955322,0.04151749610900879,0,450,2025-08-02,4561,3444,Middleweight,175.0,-270.0,0.3325842696629214,5,8,0.30324909747292417,True,0.27779959939837917,True
8136,5,0.5007472038269043,0.022490501403808594,0,451,2025-08-02,3664,2254,Middleweight,-100.0,-135.0,0.4653465346534653,1,1,0.4524271844660194,True,0.44769679893572434,True
8137,5,0.4723977744579315,0.006083786487579346,0,452,2025-08-02,541,2866,Featherweight,500.0,-1150.0,0.15337423312883436,0,1,0.4524271844660194,True,0.1127338310990949,True
8138,5,0.26714885234832764,0.07543563842773438,0,453,2025-08-02,3586,4608,Flyweight,450.0,-900.0,0.16806722689075632,2,2,0.23300970873786409,True,0.11202853839422312,True
8139,5,0.4403938949108124,0.0029671192169189453,0,454,2025-08-02,3179,3821,Strawweight,195.0,-275.0,0.3161222339304531,4,5,0.4176829268292683,True,0.27362186037998165,True
8140,5,0.4870597720146179,0.03894937038421631,1,449,2025-08-02,438,3966,Bantamweight,-420.0,275.0,0.7517899761336516,4,2,0.4524271844660194,True,0.7794312579216506,True
8141,5,0.4622320532798767,0.08081161975860596,1,435,2025-08-09,2148,4393,Bantamweight,-275.0,175.0,0.6685082872928176,3,10,0.4524271844660194,True,0.6861386003392703,True
8142,5,0.6277599334716797,0.03335517644882202,1,436,2025-08-09,3287,1141,Middleweight,-549.0,375.0,0.8007215782605357,6,18,0.6548463356973994,True,0.8466858405666674,True
8143,5,0.5982111692428589,0.04864501953125,1,432,2025-08-09,3349,2781,Bantamweight,-600.0,380.0,0.8044692737430167,6,11,0.6147540983606558,True,0.8472621305556226,True
8144,5,0.7233550548553467,0.013312578201293945,1,433,2025-08-09,4014,1021,Strawweight,-200.0,140.0,0.6153846153846154,6,27,0.7692307692307693,True,0.6677715013883848,True
8145,5,0.6900936365127563,0.038918912410736084,0,434,2025-08-09,4157,692,Featherweight,-265.0,188.0,0.6764758021627372,8,24,0.6666666666666666,True,0.7200655910532142,True
8146,5,0.688433051109314,0.04964900016784668,1,431,2025-08-09,5061,3243,Middleweight,-375.0,250.0,0.7342657342657342,10,12,0.6666666666666666,True,0.7814104347295382,True
8147,5,0.7025814056396484,0.04241347312927246,1,438,2025-08-09,3520,2233,Bantamweight,-850.0,450.0,0.8311111111111111,1,3,0.6666666666666666,True,0.876027224212592,True
8148,5,0.2539864778518677,0.013576626777648926,0,439,2025-08-09,576,85,Bantamweight,300.0,-450.0,0.23404255319148934,11,10,0.23300970873786409,True,0.17056037438946875,True
8149,5,0.5829933881759644,0.06693625450134277,1,440,2025-08-09,3490,562,Welterweight,-360.0,240.0,0.7268408551068885,7,3,0.6147540983606558,True,0.7682987464176204,True
8150,5,0.3374518156051636,0.0038622617721557617,0,441,2025-08-09,1024,3529,Flyweight,320.0,-455.0,0.22506082725060828,8,4,0.30324909747292417,True,0.16898364372237007,True
8151,5,0.35092437267303467,0.019902706146240234,1,442,2025-08-09,1234,1064,Light Heavyweight,165.0,-230.0,0.351250665247472,1,12,0.30324909747292417,True,0.29787510794928396,True
8152,5,0.28708314895629883,0.09657728672027588,0,437,2025-08-09,2384,113,Light Heavyweight,450.0,-750.0,0.1708542713567839,2,1,0.23300970873786409,True,0.11437558743199233,True
8153,5,0.565971314907074,0.05875265598297119,1,423,2025-08-16,1600,2981,Flyweight,245.0,-335.0,0.27345591702027344,20,1,0.6147540983606558,True,0.24778358523294683,True
8154,5,0.5112054347991943,0.09246468544006348,1,419,2025-08-16,3456,1534,Middleweight,-275.0,150.0,0.6470588235294117,8,9,0.4936708860759494,True,0.6664248431497941,True
8155,5,0.3661065101623535,0.04699242115020752,0,420,2025-08-16,3360,3562,Featherweight,-175.0,120.0,0.5833333333333334,0,9,0.35802469135802467,True,0.5739229765400498,True
8156,5,0.4377458095550537,0.06193137168884277,0,424,2025-08-16,3737,3760,Middleweight,500.0,-1200.0,0.15294117647058822,0,0,0.4176829268292683,True,0.11044080455079162,True
8157,5,0.4315200448036194,0.1030052900314331,0,422,2025-08-16,774,524,Middleweight,163.0,-225.0,0.35451322607035723,19,3,0.4176829268292683,True,0.3158771959682536,True
8158,5,0.47698134183883667,0.032547950744628906,1,421,2025-08-16,2640,3080,Welterweight,-210.0,150.0,0.6287425149700598,5,12,0.4524271844660194,True,0.6401365529773164,True
8159,5,0.5541232824325562,0.010861456394195557,1,429,2025-08-16,3571,4739,Flyweight,-230.0,165.0,0.6487493347525278,5,3,0.6,True,0.6811926830658681,True
8160,5,0.6250954866409302,0.009045779705047607,0,427,2025-08-16,1993,1205,Lightweight,-400.0,250.0,0.7368421052631579,11,15,0.6548463356973994,True,0.7828559503792241,True
8161,5,0.654988169670105,0.12413191795349121,1,428,2025-08-16,2743,3479,Lightweight,-110.0,-122.0,0.48800959232613905,12,30,0.6548463356973994,True,0.502523173008119,True
8162,5,0.393964946269989,0.030387401580810547,0,425,2025-08-16,1227,1800,Middleweight,165.0,-225.0,0.35278154681139756,23,16,0.3885350318471338,True,0.31041693909619683,True
8163,5,0.5280497074127197,0.02350163459777832,0,430,2025-08-16,11,3171,Ultimate Fighter 33 Flyweight Tournament,-500.0,350.0,0.7894736842105263,0,3,0.4936708860759494,True,0.8230254573514643,True
8164,5,0.6363524198532104,0.052999019622802734,1,426,2025-08-16,3681,1518,Strawweight,-145.0,107.0,0.5505824085114189,13,29,0.6548463356973994,True,0.5760157872551559,True
8165,5,0.4602867066860199,0.014283895492553711,1,417,2025-08-22,2322,912,Strawweight,-400.0,290.0,0.7572815533980582,5,1,0.4524271844660194,True,0.7853909983087896,True
8166,5,0.48572421073913574,0.05977749824523926,0,418,2025-08-22,391,3267,Flyweight,-118.0,-110.0,0.5082034454470877,0,1,0.4524271844660194,True,0.49817186328474294,True
8167,5,0.687445878982544,0.13162386417388916,0,405,2025-08-23,35,189,Light Heavyweight,-400.0,270.0,0.7474747474747474,3,14,0.6666666666666666,True,0.7949709094374339,True
8168,5,0.3119044899940491,0.10668075084686279,0,406,2025-08-23,3223,1738,Catch Weight,350.0,-590.0,0.2062780269058296,13,21,0.30324909747292417,True,0.15135470306893137,True
8169,5,0.49889636039733887,0.12024307250976562,1,407,2025-08-23,1488,4755,Heavyweight,,,,10,8,0.4524271844660194,True,0.4524271844660194,False
8170,5,0.6417407989501953,0.0971442461013794,1,408,2025-08-23,2363,3401,Flyweight,-177.0,138.0,0.6032996305101251,8,3,0.6548463356973994,True,0.6368488343493637,True
8171,5,0.3037010133266449,0.06260275840759277,0,409,2025-08-23,4136,37,Welterweight,350.0,-560.0,0.20754716981132074,2,0,0.25,True,0.14791158759778555,True
8172,5,0.5350772142410278,0.042851924896240234,1,410,2025-08-23,1057,5027,Lightweight,-159.0,118.0,0.5723390905188072,1,5,0.4936708860759494,True,0.579435484333304,True
8173,5,0.6527684926986694,0.08736848831176758,0,411,2025-08-23,1494,3787,Flyweight,-275.0,200.0,0.6875,2,11,0.6548463356973994,True,0.7305965364343966,True
8174,5,0.648115873336792,0.05985593795776367,1,412,2025-08-23,2526,3497,Lightweight,-320.0,210.0,0.7025495750708216,5,11,0.6548463356973994,True,0.7467764043611421,True
8175,5,0.41171735525131226,0.12049639225006104,1,413,2025-08-23,3882,3905,Middleweight,200.0,-278.0,0.3118811881188118,7,13,0.4176829268292683,True,0.2690259488124306,True
8176,5,0.6104772090911865,0.012552976608276367,1,414,2025-08-23,4355,4108,Featherweight,-1200.0,600.0,0.865979381443299,2,3,0.6548463356973994,True,0.9063391682568094,True
8177,5,0.42337000370025635,0.018412113189697266,0,415,2025-08-23,157,1822,Bantamweight,115.0,-140.0,0.44362292051756,2,2,0.4176829268292683,True,0.4175986694141588,True
8178,5,0.5216407775878906,0.16309106349945068,0,416,2025-08-23,1312,2528,Light Heavyweight,-120.0,-110.0,0.5101214574898786,1,1,0.4936708860759494,True,0.5060524762986912,True
8179,5,0.6452767252922058,0.09931373596191406,1,398,2025-09-06,1755,2543,Light Heavyweight,-650.0,400.0,0.8125,3,5,0.6548463356973994,True,0.8579069924800513,True
8180,5,0.532522439956665,0.021555006504058838,1,393,2025-09-06,41,3968,Lightweight,,,,9,3,0.4936708860759494,True,0.4936708860759494,False
8181,5,0.6732386350631714,0.08538562059402466,1,394,2025-09-06,979,1741,Light Heavyweight,-380.0,260.0,0.7402597402597403,10,20,0.6666666666666666,True,0.787586903556413,True
8182,5,0.46366244554519653,0.019472599029541016,1,395,2025-09-06,2502,2079,Lightweight,-160.0,110.0,0.5637583892617449,5,3,0.4524271844660194,True,0.5638258339203611,True
8183,5,0.41116735339164734,0.020361661911010742,0,396,2025-09-06,4091,2801,Welterweight,110.0,-145.0,0.4458598726114649,5,0,0.4176829268292683,True,0.4202021179338174,True
8184,5,0.6301071643829346,0.014594316482543945,1,397,2025-09-06,1551,1365,Featherweight,-300.0,210.0,0.6992481203007519,5,0,0.6548463356973994,True,0.7432441745140186,True
8185,5,0.5332709550857544,0.04347372055053711,1,404,2025-09-06,3248,4438,Strawweight,-295.0,200.0,0.69140625,10,3,0.4936708860759494,True,0.7168448791439205,True
8186,5,0.5811675190925598,0.09444749355316162,0,399,2025-09-06,3156,2403,Heavyweight,-122.0,-110.0,0.511990407673861,22,0,0.6147540983606558,True,0.5249510252885146,True
8187,5,0.6143631935119629,0.02581000328063965,1,400,2025-09-06,1851,1090,Lightweight,-235.0,163.0,0.6484969309060385,3,0,0.6548463356973994,True,0.6877945604497094,True
8188,5,0.5403876304626465,0.13696593046188354,1,401,2025-09-06,3434,5050,Welterweight,-194.0,150.0,0.6225930680359435,4,2,0.5243902439024389,True,0.6420105344082349,True
8189,5,0.5584461688995361,0.07103562355041504,0,402,2025-09-06,3081,3837,Middleweight,-230.0,165.0,0.6487493347525278,26,1,0.6,True,0.6811926830658681,True
8190,5,0.5586228370666504,0.06123924255371094,1,403,2025-09-06,180,4104,Welterweight,104.0,-138.0,0.4581151832460733,6,1,0.6,True,0.45923503499693624,True
8191,5,0.43562817573547363,0.031157851219177246,0,392,2025-09-06,973,437,Middleweight,-141.0,-100.0,0.5391969407265774,7,11,0.4176829268292683,True,0.5300263483600877,True
8192,5,0.6308281421661377,0.06909537315368652,1,383,2025-09-13,1361,2737,Bantamweight,-175.0,120.0,0.5833333333333334,0,3,0.6548463356973994,True,0.613962433732367,True
8193,5,0.6596815586090088,0.051247596740722656,1,384,2025-09-13,2777,233,Middleweight,-450.0,275.0,0.7541899441340781,9,2,0.6548463356973994,True,0.800652899769322,True
8194,5,0.28807008266448975,0.12148964405059814,0,379,2025-09-13,1172,4590,Bantamweight,-135.0,-105.0,0.5286532951289399,19,1,0.23300970873786409,True,0.48841656931140315,True
8195,5,0.5353281497955322,0.015137910842895508,1,380,2025-09-13,4756,1823,Lightweight,143.0,-190.0,0.3857922043368365,9,16,0.4936708860759494,True,0.3606242480419829,True
8196,5,0.5121262073516846,0.014015018939971924,0,381,2025-09-13,3330,717,Middleweight,175.0,-240.0,0.33999999999999997,9,24,0.4936708860759494,True,0.3085859991849734,True
8197,5,0.6194218397140503,0.024673938751220703,1,382,2025-09-13,1205,3476,Lightweight,-118.0,-120.0,0.49808135072908666,16,16,0.6548463356973994,True,0.5144134807314106,True
8198,5,0.399497926235199,0.025573253631591797,1,378,2025-09-13,4704,4839,Featherweight,176.0,-250.0,0.33653846153846156,7,5,0.3885350318471338,True,0.29253788205007775,True
8199,5,0.6213502883911133,0.014452576637268066,1,386,2025-09-13,2250,811,Strawweight,-480.0,320.0,0.7765793528505394,8,13,0.6548463356973994,True,0.8231270957862892,True
8200,5,0.35528576374053955,0.0071337223052978516,0,387,2025-09-13,823,4967,Flyweight,-200.0,150.0,0.625,1,5,0.30324909747292417,True,0.6154056280457773,True
8201,5,0.447020947933197,0.019110679626464844,1,389,2025-09-13,4667,3596,Flyweight,265.0,-400.0,0.25510204081632654,0,4,0.4375,True,0.21090760402508482,True
8202,5,0.3760164976119995,0.07265305519104004,1,390,2025-09-13,4223,2800,Bantamweight,125.0,-164.0,0.4170616113744075,2,0,0.35802469135802467,True,0.378777032456873,True
8203,5,0.44914954900741577,0.021193861961364746,0,391,2025-09-13,1885,5084,Ultimate Fighter 33 Welterweight Tournament,163.0,-225.0,0.35451322607035723,0,0,0.45161290322580644,True,0.3199413764036185,True
8204,5,0.6090497970581055,0.07719367742538452,0,385,2025-09-13,641,1169,Lightweight,-140.0,-105.0,0.5324675324675324,8,11,0.6548463356973994,True,0.5548491465634382,True
8205,5,0.3667031526565552,0.03512871265411377,0,371,2025-09-27,3391,738,Light Heavyweight,210.0,-320.0,0.2974504249291785,3,2,0.35802469135802467,True,0.24709717776665904,True
8206,5,0.4643886685371399,0.0019418001174926758,1,366,2025-09-27,357,3786,Light Heavyweight,-265.0,195.0,0.6817091781120558,9,13,0.4524271844660194,True,0.7012370563983024,True
8207,5,0.6852110624313354,0.04936230182647705,1,367,2025-09-27,2058,4268,Light Heavyweight,-241.0,175.0,0.6602739726027398,11,2,0.6666666666666666,True,0.7023409263649568,True
8208,5,0.616702139377594,0.06980454921722412,1,368,2025-09-27,3322,1052,Featherweight,-335.0,210.0,0.7047845266372582,5,2,0.6548463356973994,True,0.7491619707265796,True
8209,5,0.4053630232810974,0.11952471733093262,1,369,2025-09-27,1143,2938,Welterweight,250.0,-375.0,0.2657342657342657,35,22,0.3885350318471338,True,0.21725964679694326,True
8210,5,0.46497246623039246,0.0114402174949646,1,370,2025-09-27,1725,2967,Lightweight,-175.0,120.0,0.5833333333333334,4,2,0.4524271844660194,True,0.5869107325846005,True
8211,5,0.38558411598205566,0.08994317054748535,0,373,2025-09-27,3185,3646,Lightweight,-100.0,-135.0,0.4653465346534653,3,11,0.35802469135802467,True,0.4345490041032621,True
8212,5,0.44803380966186523,0.003732919692993164,0,374,2025-09-27,2833,3292,Bantamweight,-194.0,130.0,0.6028100513374763,1,1,0.4375,True,0.6078555318446281,True
8213,5,0.3822951316833496,0.020380496978759766,1,375,2025-09-27,737,3433,Bantamweight,-225.0,170.0,0.6514745308310992,0,9,0.35802469135802467,True,0.6545630482690447,True
8214,5,0.5485274791717529,0.032942771911621094,0,376,2025-09-27,4046,3673,Heavyweight,175.0,-240.0,0.33999999999999997,0,0,0.5567010309278351,True,0.3159608705611675,True
8215,5,0.43552470207214355,0.07179844379425049,1,377,2025-09-27,742,3984,Strawweight,-265.0,175.0,0.6662857142857144,1,9,0.4176829268292683,True,0.6794221905375556,True
8216,5,0.4121140241622925,0.016840577125549316,1,372,2025-09-27,4210,4822,Middleweight,140.0,-190.0,0.38873994638069703,0,11,0.4176829268292683,True,0.35442611737032015,True
8217,5,0.6635907888412476,0.01895761489868164,1,357,2025-10-04,3202,4612,Middleweight,-2300.0,700.0,0.8846153846153846,2,0,0.6548463356973994,True,0.9221301694126288,True
8218,5,0.7444758415222168,0.04702186584472656,1,355,2025-10-04,91,4245,Featherweight,-500.0,325.0,0.779816513761468,11,15,0.8421052631578947,True,0.8455425105462491,True
8219,5,0.42144253849983215,0.08032995462417603,0,356,2025-10-04,736,1330,Middleweight,172.0,-250.0,0.3398058252427184,6,6,0.4176829268292683,True,0.2995564114134483,True
8220,5,0.410910427570343,0.12429296970367432,0,358,2025-10-04,1429,4346,Catch Weight,110.0,-157.0,0.4380432929947161,1,4,0.4176829268292683,True,0.41111338759129495,True
8221,5,0.4670087695121765,0.037859439849853516,0,354,2025-10-04,4279,3603,Light Heavyweight,150.0,-200.0,0.375,17,7,0.4524271844660194,True,0.3431736436564535,True
8222,5,0.37255609035491943,0.056906819343566895,1,352,2025-10-04,2749,2320,Light Heavyweight,150.0,-275.0,0.35294117647058826,11,15,0.35802469135802467,True,0.3068157562053049,True
8223,5,0.5999921560287476,0.06858229637145996,1,353,2025-10-04,4284,939,Bantamweight,-480.0,300.0,0.7680000000000001,15,15,0.6147540983606558,True,0.8110106861665157,True
8224,5,0.2359800636768341,0.11229938268661499,0,365,2025-10-04,285,2432,Flyweight,450.0,-925.0,0.16768916155419225,2,9,0.23300970873786409,True,0.11171106361760959,True
8225,5,0.34666717052459717,0.003956317901611328,0,361,2025-10-04,1676,626,Welterweight,250.0,-405.0,0.2626788036410923,3,9,0.30324909747292417,True,0.20560772198470073,True
8226,5,0.6301238536834717,0.06299620866775513,1,360,2025-10-04,3888,1732,Middleweight,-333.0,240.0,0.7233580373115257,13,9,0.6548463356973994,True,0.7688061934084195,True
8227,5,0.4496651887893677,0.007672548294067383,1,364,2025-10-04,2553,2849,Welterweight,210.0,-715.0,0.26884380669635494,7,1,0.45161290322580644,True,0.22657084149667045,True
8228,5,0.442105770111084,0.047702789306640625,0,359,2025-10-04,2946,997,Bantamweight,-370.0,250.0,0.7337110481586402,1,0,0.4176829268292683,True,0.7561001793951609,True
8229,5,0.5689680576324463,0.04026317596435547,0,362,2025-10-04,4202,3480,Bantamweight,-220.0,155.0,0.6367763904653803,12,11,0.6147540983606558,True,0.6695355657412839,True
8230,5,0.5193703174591064,0.0050182342529296875,1,363,2025-10-04,1683,4736,Bantamweight,-600.0,350.0,0.7941176470588235,4,14,0.4936708860759494,True,0.8278181298897637,True
8231,5,0.5302690267562866,0.02042984962463379,0,346,2025-10-11,2629,2497,Flyweight,-112.0,-133.0,0.48066013408973696,3,4,0.4936708860759494,True,0.4712868155274217,True
8232,5,0.456481397151947,0.03930330276489258,0,347,2025-10-11,1896,1207,Heavyweight,240.0,-333.0,0.27664196268847435,4,7,0.45161290322580644,True,0.23480843830115775,True
8233,5,0.44085705280303955,0.02629554271697998,1,340,2025-10-11,4242,102,Lightweight,-125.0,-120.0,0.5045871559633028,35,11,0.4176829268292683,True,0.4891059777093879,True
8234,5,0.702751636505127,0.07715559005737305,0,341,2025-10-11,497,4866,Bantamweight,-350.0,250.0,0.7313432835820896,11,19,0.6666666666666666,True,0.7783854453869826,True
8235,5,0.5657227039337158,0.05401557683944702,1,342,2025-10-11,4835,886,Welterweight,-650.0,400.0,0.8125,9,23,0.6147540983606558,True,0.8550202723981456,True
8236,5,0.4318242371082306,0.017522752285003662,1,343,2025-10-11,2630,4732,Heavyweight,-100.0,-135.0,0.4653465346534653,1,4,0.4176829268292683,True,0.4429570099199011,True
8237,5,0.40186357498168945,0.0013426542282104492,1,344,2025-10-11,496,222,Featherweight,163.0,-250.0,0.347394540942928,2,14,0.3885350318471338,True,0.3044649170450052,True
8238,5,0.36120301485061646,0.021927833557128906,0,345,2025-10-11,3742,1030,Featherweight,205.0,-320.0,0.3008595988538682,5,1,0.30324909747292417,True,0.24442047188168162,True
8239,5,0.557077944278717,0.008889079093933105,1,348,2025-10-11,1067,1176,Bantamweight,-650.0,350.0,0.7959183673469387,0,3,0.6,True,0.8377713208336683,True
8240,5,0.5433142185211182,0.039941489696502686,0,349,2025-10-11,884,2054,Flyweight,-130.0,-120.0,0.5088967971530249,1,1,0.5243902439024389,True,0.5087761602596721,True
8241,5,0.6139072775840759,0.041928887367248535,1,350,2025-10-11,1761,2827,Strawweight,-600.0,350.0,0.7941176470588235,3,18,0.6548463356973994,True,0.8403144871679836,True
8242,5,0.5706067085266113,0.09100699424743652,1,351,2025-10-11,186,4675,Bantamweight,-390.0,260.0,0.7412882787750791,2,3,0.6147540983606558,True,0.783490880979928,True
8243,5,0.45970577001571655,0.014302492141723633,0,330,2025-10-18,1209,2872,Flyweight,175.0,-235.0,0.3414012738853503,10,8,0.4524271844660194,True,0.30537426881499774,True
8244,5,0.5833413600921631,0.04159170389175415,1,328,2025-10-18,5072,1889,Welterweight,-120.0,-115.0,0.5048923679060665,6,27,0.6147540983606558,True,0.5165826018519116,True
8245,5,0.3539304733276367,0.044187188148498535,0,333,2025-10-18,2238,4219,Lightweight,240.0,-400.0,0.26881720430107525,3,25,0.30324909747292417,True,0.21174093687352719,True
8246,5,0.4071575403213501,0.007396697998046875,0,331,2025-10-18,2649,3703,Bantamweight,140.0,-190.0,0.38873994638069703,14,15,0.3885350318471338,True,0.3506730635482938,True
8247,5,0.4199361801147461,0.12294900417327881,0,327,2025-10-18,3680,2789,Middleweight,-240.0,165.0,0.6516393442622951,4,17,0.4176829268292683,True,0.6624340504014395,True
8248,5,0.5354158878326416,0.04180574417114258,1,332,2025-10-18,2332,868,Lightweight,-132.0,-120.0,0.510548523206751,10,11,0.4936708860759494,True,0.5065568418245399,True
8249,5,0.4085204601287842,0.0362926721572876,1,339,2025-10-18,3572,4020,Bantamweight,-140.0,-100.0,0.5384615384615384,0,3,0.3885350318471338,True,0.5250574041232469,True
8250,5,0.5201693773269653,0.006804287433624268,0,334,2025-10-18,2547,630,Bantamweight,-182.0,145.0,0.612584146173925,9,8,0.4936708860759494,True,0.626534673019312,True
8251,5,0.6470069885253906,0.0035750865936279297,0,338,2025-10-18,2809,4221,Middleweight,-333.0,240.0,0.7233580373115257,2,0,0.6548463356973994,True,0.7688061934084195,True
8252,5,0.3479328751564026,0.010235309600830078,1,335,2025-10-18,1276,1152,Flyweight,170.0,-250.0,0.3414634146341463,9,4,0.30324909747292417,True,0.28731059751471494,True
8253,5,0.43614816665649414,0.03929567337036133,0,337,2025-10-18,1744,3246,Strawweight,225.0,-330.0,0.28618968386023297,1,2,0.4176829268292683,True,0.24152266904686281,True
8254,5,0.6483612656593323,0.15263831615447998,0,336,2025-10-18,2790,4036,Middleweight,-275.0,200.0,0.6875,3,1,0.6548463356973994,True,0.7305965364343966,True
8255,5,0.40187376737594604,0.0833977460861206,0,329,2025-10-18,900,55,Bantamweight,108.0,-140.0,0.45180722891566266,24,9,0.3885350318471338,True,0.423114603459124,True
8256,5,0.39546775817871094,0.052362918853759766,0,318,2025-10-25,397,3672,Light Heavyweight,-127.0,-110.0,0.5164601084430673,10,5,0.3885350318471338,True,0.49901878675774713,True
8257,5,0.43409430980682373,0.09479427337646484,1,320,2025-10-25,3265,4748,Middleweight,-230.0,140.0,0.6258503401360545,4,12,0.4176829268292683,True,0.6323152987159822,True
8258,5,0.568763017654419,0.1251465082168579,1,316,2025-10-25,3465,777,Bantamweight,-700.0,420.0,0.8198198198198199,7,12,0.6147540983606558,True,0.8620161178315974,True
8259,5,0.47994691133499146,0.07635998725891113,1,317,2025-10-25,2905,4558,Heavyweight,150.0,-198.0,0.3757881462799495,17,9,0.4524271844660194,True,0.3440687650006866,True
8260,5,0.4068267345428467,0.07862365245819092,0,319,2025-10-25,4065,3662,Lightweight,-110.0,-135.0,0.47693726937269365,14,2,0.3885350318471338,True,0.4524723160496985,True
8261,5,0.7510114908218384,0.025430738925933838,0,326,2025-10-25,2549,4721,Strawweight,-500.0,280.0,0.76,5,3,0.8421052631578947,True,0.8274868423224073,True
8262,5,0.6276500225067139,0.03486049175262451,1,321,2025-10-25,4061,4506,Lightweight,-155.0,108.0,0.5583650848631798,11,6,0.6548463356973994,True,0.5850736553811156,True
8263,5,0.43547797203063965,0.016672372817993164,1,323,2025-10-25,2806,2340,Featherweight,120.0,-162.0,0.42367399741267786,12,2,0.4176829268292683,True,0.39447137296061163,True
8264,5,0.27381405234336853,0.028242051601409912,0,324,2025-10-25,1453,494,Heavyweight,333.0,-480.0,0.21817634667469155,5,3,0.23300970873786409,True,0.15594011896627322,True
8265,5,0.6113759875297546,0.18910729885101318,1,325,2025-10-25,1072,696,Flyweight,280.0,-550.0,0.23722627737226276,2,3,0.6548463356973994,True,0.2121111467519807,True
8266,5,0.6697324514389038,0.0061678290367126465,1,322,2025-10-25,275,4289,Heavyweight,-420.0,260.0,0.7440944881889763,4,0,0.6548463356973994,True,0.7903352178612154,True
8267,5,0.5235864520072937,0.07741963863372803,0,315,2025-10-25,358,2431,Strawweight,105.0,-148.0,0.44976423648893726,11,15,0.4936708860759494,True,0.4349581054397898,True
8268,5,0.5841851234436035,0.02163839340209961,1,307,2025-11-01,3775,2779,Light Heavyweight,-275.0,200.0,0.6875,2,0,0.6147540983606558,True,0.7259496162840025,True
8269,5,0.3988932967185974,0.027673959732055664,0,301,2025-11-01,3835,3846,Featherweight,110.0,-138.0,0.45092838196286467,8,9,0.3885350318471338,True,0.42209215201406736,True
8270,5,0.41256314516067505,0.0979757308959961,0,302,2025-11-01,2403,4755,Heavyweight,,,,1,9,0.4176829268292683,True,0.4176829268292683,False
8271,5,0.7276583313941956,0.1443697214126587,0,303,2025-11-01,3172,3608,Welterweight,-166.0,110.0,0.5671981776765376,6,6,0.7692307692307693,True,0.6136042396929196,True
8272,5,0.47847434878349304,0.11428546905517578,0,304,2025-11-01,3083,3469,Featherweight,-235.0,-118.0,0.5644557073600704,3,1,0.4524271844660194,True,0.5646490910554979,True
8273,5,0.5182561874389648,0.05962574481964111,1,305,2025-11-01,467,1554,Welterweight,-185.0,130.0,0.5988740323715693,5,1,0.4936708860759494,True,0.6105426029836253,True
8274,5,0.5011240243911743,0.08011555671691895,1,308,2025-11-01,1360,3396,Bantamweight,-115.0,-120.0,0.4951076320939334,3,2,0.4524271844660194,True,0.4827156569336671,True
8275,5,0.4588230848312378,0.07040798664093018,0,309,2025-11-01,2673,4051,Middleweight,260.0,-380.0,0.25974025974025977,7,0,0.45161290322580644,True,0.21702996384055215,True
8276,5,0.42150813341140747,0.01986086368560791,0,310,2025-11-01,3102,949,Bantamweight,130.0,-174.0,0.4064075941857016,13,10,0.4176829268292683,True,0.3745996805988878,True
8277,5,0.6235235929489136,0.039070844650268555,1,311,2025-11-01,950,1804,Strawweight,-400.0,280.0,0.7524752475247526,3,4,0.6548463356973994,True,0.7989082868270053,True
8278,5,0.6558854579925537,0.08435344696044922,1,312,2025-11-01,3017,1636,Welterweight,-195.0,145.0,0.6182465221611129,1,7,0.6548463356973994,True,0.6538382971900223,True
8279,5,0.6179622411727905,0.007400989532470703,1,313,2025-11-01,722,3255,Strawweight,-225.0,165.0,0.6472184531886024,3,5,0.6548463356973994,True,0.6863720107805211,True
8280,5,0.626760721206665,0.010806560516357422,1,306,2025-11-01,4856,2844,Catch Weight,-340.0,250.0,0.7300613496932514,4,13,0.6548463356973994,True,0.7758137019059616,True
8281,5,0.510161817073822,0.04196798801422119,0,292,2025-11-08,4164,384,Lightweight,-120.0,-124.0,0.49630723781388475,4,3,0.47363690498635475,True,0.487022195263162,True
8282,5,0.46280235052108765,0.16636353731155396,0,289,2025-11-08,1933,3427,Welterweight,132.0,-175.0,0.40381791483113066,20,6,0.4524271844660194,True,0.37612403049718984,True
8283,5,0.45621079206466675,0.006710648536682129,0,290,2025-11-08,814,3171,Flyweight,320.0,-550.0,0.2195945945945946,15,4,0.45161290322580644,True,0.17600533276477417,True
8284,5,0.4646449089050293,0.13360130786895752,0,291,2025-11-08,3136,3490,Welterweight,-100.0,-138.0,0.4630350194552528,13,8,0.4524271844660194,True,0.4449851527068477,True
8285,5,0.5370316505432129,0.03972649574279785,0,294,2025-11-08,2070,1876,Featherweight,-150.0,110.0,0.5575221238938053,4,8,0.5243902439024389,True,0.566100026178721,True
8286,5,0.507575273513794,0.00946354866027832,1,293,2025-11-08,3287,3907,Middleweight,133.0,-175.0,0.40278286341999264,7,2,0.4524271844660194,True,0.37493315279657086,True
8287,5,0.38322317600250244,0.08095967769622803,0,300,2025-11-08,1391,4467,Catch Weight,200.0,-278.0,0.3118811881188118,1,6,0.35802469135802467,True,0.2623644421466313,True
8288,5,0.5567541122436523,0.02579522132873535,1,297,2025-11-08,2307,1459,Heavyweight,-455.0,310.0,0.770708531295187,0,0,0.6,True,0.8124817433341962,True
8289,5,0.3615994453430176,0.03271889686584473,0,298,2025-11-08,3830,3320,Strawweight,148.0,-190.0,0.38097740409879144,18,7,0.30324909747292417,True,0.33045263580112394,True
8290,5,0.5264438390731812,0.004814624786376953,1,299,2025-11-08,1706,4393,Bantamweight,-195.0,150.0,0.623003194888179,6,11,0.4936708860759494,True,0.6386430399082821,True
8291,5,0.29898279905319214,0.043763160705566406,0,296,2025-11-08,4058,842,Bantamweight,175.0,-225.0,0.34437086092715236,12,4,0.23300970873786409,True,0.2804909525648855,True
8292,5,0.42097774147987366,0.040975093841552734,1,295,2025-11-08,3499,1387,Bantamweight,140.0,-205.0,0.38268506900878296,13,15,0.4176829268292683,True,0.3475531159366884,True
8293,5,0.6228983402252197,0.1301259994506836,1,275,2025-11-15,4117,1001,Welterweight,-340.0,230.0,0.7183098591549296,17,8,0.6548463356973994,True,0.7634996373453927,True
8294,5,0.4495542347431183,0.019269704818725586,0,276,2025-11-15,82,5097,Flyweight,110.0,-149.0,0.44313934863854776,12,18,0.45161290322580644,True,0.421599753456637,True
8295,5,0.5058832168579102,0.06624674797058105,0,277,2025-11-15,2792,2658,Welterweight,-152.0,110.0,0.5588235294117647,9,6,0.4524271844660194,True,0.5579982417655568,True
8296,5,0.444105327129364,0.025682806968688965,1,278,2025-11-15,2640,169,Welterweight,-175.0,130.0,0.5940959409594095,6,19,0.4375,True,0.5976038748647963,True
8297,5,0.5363767147064209,0.03546881675720215,1,279,2025-11-15,41,4002,Lightweight,,,,10,24,0.5243902439024389,True,0.5243902439024389,False
8298,5,0.575408935546875,0.006030142307281494,1,280,2025-11-15,4720,3444,Middleweight,-280.0,175.0,0.6695652173913044,5,9,0.6147540983606558,True,0.7062149607236858,True
8299,5,0.5949839949607849,0.03902566432952881,1,281,2025-11-15,1733,4920,Middleweight,-210.0,150.0,0.6287425149700598,11,10,0.6147540983606558,True,0.6604419462826066,True
8300,5,0.6005752682685852,0.02482151985168457,1,282,2025-11-15,1224,2284,Flyweight,-420.0,210.0,0.7145993413830956,8,7,0.6147540983606558,True,0.7552690628051764,True
8301,5,0.6127127408981323,0.011972308158874512,0,283,2025-11-15,1795,4959,Featherweight,-500.0,310.0,0.7735849056603774,2,0,0.6548463356973994,True,0.8201550680458319,True
8302,5,0.41954419016838074,0.053520381450653076,0,284,2025-11-15,1227,3882,Middleweight,335.0,-550.0,0.2136400986031224,24,8,0.4176829268292683,True,0.16744779938998444,True
8303,5,0.5327192544937134,0.03244972229003906,0,285,2025-11-15,3168,602,Featherweight,-110.0,-135.0,0.47693726937269365,5,9,0.4936708860759494,True,0.4669001996528031,True
8304,5,0.3186320662498474,0.022280335426330566,0,286,2025-11-15,1021,3843,Strawweight,350.0,-600.0,0.20588235294117646,28,3,0.30324909747292417,True,0.15098830888946502,True
8305,5,0.29477769136428833,0.0967397689819336,0,287,2025-11-15,1234,3760,Middleweight,500.0,-1500.0,0.1509433962264151,2,1,0.23300970873786409,True,0.09787014335866531,True
8306,5,0.6814842820167542,0.1986163854598999,1,288,2025-11-15,534,1269,Lightweight,-180.0,130.0,0.5965417867435159,1,9,0.6666666666666666,True,0.6307940363099896,True
8307,5,0.5136227011680603,0.005104422569274902,0,267,2025-11-22,3748,1363,Featherweight,195.0,-275.0,0.3161222339304531,2,0,0.4936708860759494,True,0.2819777128515551,True
8308,5,0.3745228946208954,0.029201745986938477,0,262,2025-11-22,2843,240,Welterweight,210.0,-330.0,0.2959394356503785,20,10,0.35802469135802467,True,0.24551006263748265,True
8309,5,0.4966329336166382,0.038799405097961426,1,263,2025-11-22,589,2559,Light Heavyweight,-240.0,170.0,0.6558704453441295,15,16,0.4524271844660194,True,0.6715973151399458,True
8310,5,0.42622941732406616,0.13705503940582275,0,264,2025-11-22,4468,3091,Welterweight,155.0,-225.0,0.3616133518776078,18,4,0.4176829268292683,True,0.32381113858238914,True
8311,5,0.6687597036361694,0.048054516315460205,1,265,2025-11-22,4755,3305,Heavyweight,,,,10,4,0.6548463356973994,True,0.6548463356973994,False
8312,5,0.4830005168914795,0.01706671714782715,0,266,2025-11-22,280,683,Flyweight,-235.0,163.0,0.6484969309060385,7,8,0.4524271844660194,True,0.6630774507417816,True
8313,5,0.6469835042953491,0.10200643539428711,1,261,2025-11-22,1482,656,Lightweight,-900.0,400.0,0.8181818181818181,11,22,0.6548463356973994,True,0.8632527650984837,True
8314,5,0.47316259145736694,0.07911384105682373,1,268,2025-11-22,531,2008,Welterweight,260.0,-360.0,0.2619589977220957,14,0,0.4524271844660194,True,0.21942401387340701,True
8315,5,0.3550328016281128,0.030336618423461914,0,269,2025-11-22,2586,2575,Flyweight,160.0,-225.0,0.3571428571428572,12,6,0.30324909747292417,True,0.3042749124654674,True
8316,5,0.664283037185669,0.045343637466430664,1,270,2025-11-22,539,2384,Light Heavyweight,,,,0,3,0.6548463356973994,True,0.6548463356973994,False
8317,5,0.6402537822723389,0.06610482931137085,1,271,2025-11-22,4723,1673,Bantamweight,-175.0,110.0,0.5719844357976653,1,2,0.6548463356973994,True,0.6008657145585381,True
8318,5,0.5684727430343628,0.021794915199279785,1,272,2025-11-22,1195,4559,Middleweight,-138.0,105.0,0.5430984833941255,6,2,0.6147540983606558,True,0.561511326587308,True
8319,5,0.5039412975311279,0.0002963542938232422,0,274,2025-11-22,1226,2972,Heavyweight,165.0,-240.0,0.3483606557377049,0,0,0.4524271844660194,True,0.3131429362209497,True
8320,5,0.3464718461036682,0.012093663215637207,0,273,2025-11-22,2887,2302,Lightweight,210.0,-330.0,0.2959394356503785,0,2,0.30324909747292417,True,0.23933238964724368,True
8321,5,0.4201532006263733,0.08400321006774902,1,253,2025-12-06,1133,3074,Lightweight,-130.0,-112.0,0.5168792198049512,6,11,0.4176829268292683,True,0.5036246728909219,True
8322,5,0.5596024990081787,0.04228651523590088,0,247,2025-12-06,4284,362,Bantamweight,-440.0,-175.0,0.5614849187935035,16,15,0.6,True,0.5809580832468991,True
8323,5,0.5352606177330017,0.0372389554977417,1,249,2025-12-06,17,3403,Flyweight,-125.0,-110.0,0.5147058823529411,8,18,0.4936708860759494,True,0.5114669005625181,True
8324,5,0.6501255035400391,0.030153274536132812,1,250,2025-12-06,326,2451,Bantamweight,-275.0,200.0,0.6875,5,15,0.6548463356973994,True,0.7305965364343966,True
8325,5,0.4300985336303711,0.01164090633392334,1,252,2025-12-06,2155,1092,Lightweight,195.0,-275.0,0.3161222339304531,5,13,0.4176829268292683,True,0.27362186037998165,True
8326,5,0.40180015563964844,0.05516791343688965,0,248,2025-12-06,3958,509,Flyweight,-235.0,160.0,0.645877378435518,17,9,0.3885350318471338,True,0.6520046194788178,True
8327,5,0.34356218576431274,0.033740878105163574,0,254,2025-12-06,3571,2636,Flyweight,165.0,-225.0,0.35278154681139756,6,11,0.30324909747292417,True,0.2995350463685434,True
8328,5,0.7272170186042786,0.04096972942352295,1,255,2025-12-06,1829,519,Lightweight,-215.0,158.0,0.6378061400482925,9,5,0.7692307692307693,True,0.6923849930695312,True
8329,5,0.48174262046813965,0.013271093368530273,0,256,2025-12-06,3725,5029,Middleweight,-140.0,-100.0,0.5384615384615384,17,7,0.4524271844660194,True,0.5339339144043342,True
8330,5,0.6993032097816467,0.006370186805725098,1,257,2025-12-06,3931,3479,Lightweight,-550.0,300.0,0.7719298245614035,13,31,0.6666666666666666,True,0.8195683412039938,True
8331,5,0.20443743467330933,0.02313995361328125,0,259,2025-12-06,2369,298,Middleweight,600.0,-1800.0,0.13103448275862067,2,3,0.16666666666666666,True,0.07782983592022125,True
8332,5,0.44278427958488464,0.09520381689071655,0,260,2025-12-06,504,1573,Featherweight,195.0,-250.0,0.32183908045977005,6,3,0.4176829268292683,True,0.2798408477423696,True
8333,5,0.5266175270080566,0.06293094158172607,1,258,2025-12-06,4847,2179,Light Heavyweight,-225.0,163.0,0.6454867739296428,0,4,0.4936708860759494,True,0.6646174762199643,True
8334,5,0.47221818566322327,0.0011685490608215332,1,240,2025-12-13,681,3620,Catch Weight,,,,27,0,0.4524271844660194,True,0.4524271844660194,False
8335,5,0.4299265444278717,0.053981781005859375,0,235,2025-12-13,1629,153,Flyweight,195.0,-278.0,0.3154995409398214,11,9,0.4176829268292683,True,0.27294611399395274,True
8336,5,0.3262959122657776,0.05231785774230957,0,236,2025-12-13,3770,6,Featherweight,250.0,-450.0,0.2588235294117647,11,2,0.30324909747292417,True,0.20177749695373953,True
8337,5,0.519230306148529,0.07347822189331055,1,237,2025-12-13,4052,2321,Middleweight,-230.0,170.0,0.6529968454258674,0,4,0.4936708860759494,True,0.6732404916270174,True
8338,5,0.6107640266418457,0.055082857608795166,1,238,2025-12-13,2583,4075,Featherweight,-170.0,123.0,0.5840394392235403,7,5,0.6548463356973994,True,0.6147752737393873,True
8339,5,0.45809662342071533,0.05303049087524414,0,242,2025-12-13,2623,977,Featherweight,175.0,-250.0,0.3373493975903614,0,8,0.45161290322580644,True,0.3007730533145398,True
8340,5,0.4076431691646576,0.025701284408569336,0,243,2025-12-13,1123,2100,Heavyweight,170.0,-235.0,0.34553893759669935,1,0,0.3885350318471338,True,0.30241977790605723,True
8341,5,0.681723952293396,0.01481473445892334,1,244,2025-12-13,1344,3572,Bantamweight,-140.0,-100.0,0.5384615384615384,5,1,0.6666666666666666,True,0.5636257110704946,True
8342,5,0.5566871166229248,0.02592945098876953,0,245,2025-12-13,1720,4613,Heavyweight,140.0,-188.0,0.38961038961038963,0,0,0.6,True,0.37866564971396305,True
8343,5,0.36885058879852295,0.087943434715271,1,246,2025-12-13,4019,3584,Flyweight,163.0,-275.0,0.3414523104939677,5,2,0.35802469135802467,True,0.29423552632301386,True
8344,5,0.565055251121521,0.1370025873184204,0,241,2025-12-13,1143,2382,Welterweight,350.0,-600.0,0.20588235294117646,36,0,0.6147540983606558,True,0.17500106617962505,True
8345,5,0.37987789511680603,0.04154270887374878,0,227,2026-01-24,141,2840,Flyweight,225.0,-350.0,0.28346456692913385,18,7,0.35802469135802467,True,0.23249252401167222,True
8346,5,0.5476698279380798,0.12153041362762451,0,228,2026-01-24,1034,4839,Featherweight,170.0,-235.0,0.34553893759669935,13,6,0.5567010309278351,True,0.322268380729149,True
8347,5,0.4471047520637512,0.047396063804626465,1,225,2026-01-24,252,1200,Bantamweight,-235.0,163.0,0.6484969309060385,14,15,0.4375,True,0.6612427593829714,True
8348,5,0.3479101359844208,0.05735594034194946,0,226,2026-01-24,3901,4755,Heavyweight,,,,30,11,0.30324909747292417,True,0.30324909747292417,False
8349,5,0.4497690498828888,0.037977755069732666,0,233,2026-01-24,2972,2307,Heavyweight,175.0,-275.0,0.33149171270718236,1,1,0.45161290322580644,True,0.29427897107464973,True
8350,5,0.384853720664978,0.1343313455581665,1,224,2026-01-24,415,1943,Lightweight,175.0,-250.0,0.3373493975903614,14,7,0.35802469135802467,True,0.2897687823273039,True
8351,5,0.533103346824646,0.018384695053100586,0,231,2026-01-24,979,3146,Light Heavyweight,-140.0,108.0,0.5481927710843374,11,20,0.4936708860759494,True,0.5510005873408753,True
8352,5,0.4687080681324005,0.006743133068084717,1,232,2026-01-24,2586,3787,Flyweight,140.0,-225.0,0.37572254335260113,13,12,0.4524271844660194,True,0.34399424401754075,True
8353,5,0.3860800862312317,0.06056857109069824,0,234,2026-01-24,2690,4828,Welterweight,310.0,-600.0,0.22151898734177217,5,0,0.35802469135802467,True,0.1703256736861554,True
8354,5,0.327930212020874,0.1905885934829712,0,230,2026-01-24,2254,3202,Middleweight,500.0,-1200.0,0.15294117647058822,2,3,0.30324909747292417,True,0.1039551660822352,True
8355,5,0.7133777141571045,0.11664426326751709,1,229,2026-01-24,3465,4866,Bantamweight,-1667.0,750.0,0.8891224547422584,8,20,0.6923076923076923,True,0.9274274966897907,True
8356,5,0.4350997805595398,0.048332929611206055,0,211,2026-01-31,4704,1106,Featherweight,120.0,-162.0,0.42367399741267786,8,17,0.4176829268292683,True,0.39447137296061163,True
8357,5,0.36653396487236023,0.05405217409133911,0,212,2026-01-31,656,41,Lightweight,250.0,-450.0,0.2588235294117647,23,11,0.35802469135802467,True,0.2072499118425989,True
8358,5,0.4756832420825958,0.15919023752212524,0,213,2026-01-31,4050,3968,Lightweight,-130.0,-103.0,0.5269568690095846,11,4,0.4524271844660194,True,0.5203325504088829,True
8359,5,0.6389757990837097,0.167854905128479,1,214,2026-01-31,3311,4548,Heavyweight,-350.0,240.0,0.7256097560975611,2,16,0.6548463356973994,True,0.7711650905232447,True
8360,5,0.6569967269897461,0.021061480045318604,1,215,2026-01-31,3662,3646,Lightweight,-1400.0,500.0,0.8484848484848484,3,12,0.6548463356973994,True,0.8909786223073998,True
8361,5,0.48176515102386475,0.031345248222351074,0,216,2026-01-31,60,3775,Light Heavyweight,205.0,-280.0,0.3079416531604538,6,3,0.4524271844660194,True,0.26852275094503425,True
8362,5,0.5155349969863892,0.03203105926513672,1,217,2026-01-31,4210,1064,Middleweight,-435.0,260.0,0.7453593526891957,1,13,0.4936708860759494,True,0.7763420022365582,True
8363,5,0.5537103414535522,0.10160571336746216,0,218,2026-01-31,4334,3195,Middleweight,110.0,-148.0,0.4438081603435934,1,7,0.5567010309278351,True,0.43640619878946213,True
8364,5,0.4233761429786682,0.07745802402496338,1,219,2026-01-31,2048,2921,Welterweight,-138.0,105.0,0.5430984833941255,1,4,0.4176829268292683,True,0.5346448461620902,True
8365,5,0.48246628046035767,0.07669675350189209,1,220,2026-01-31,496,4355,Featherweight,175.0,-275.0,0.33149171270718236,3,3,0.4524271844660194,True,0.294371613082728,True
8366,5,0.5643425583839417,0.02919638156890869,1,221,2026-01-31,1832,2178,Road to UFC 4 Lightweight Tournament,-170.0,110.0,0.569377990430622,0,0,0.6147540983606558,True,0.5921910133419873,True
8367,5,0.5638219118118286,0.026458740234375,1,222,2026-01-31,107,2164,Road to UFC 4 Featherweight Tournament,-100.0,-140.0,0.46153846153846145,0,0,0.6147540983606558,True,0.4653668415672312,True
8368,5,0.38964980840682983,0.03613591194152832,1,223,2026-01-31,1564,4969,Road to UFC 4 Bantamweight Tournament,210.0,-290.0,0.30256012412723043,0,0,0.3885350318471338,True,0.25583635761206763,True
8369,5,0.16192084550857544,0.044974327087402344,0,204,2026-02-07,4709,5084,Welterweight,500.0,-1100.0,0.15384615384615385,23,1,0.09090909090909091,True,0.0874358746238817,True
8370,5,0.6812864542007446,0.00884997844696045,1,199,2026-02-07,683,2023,Flyweight,-380.0,260.0,0.7402597402597403,9,6,0.6666666666666666,True,0.787586903556413,True
8371,5,0.6016671657562256,0.023788928985595703,0,200,2026-02-07,4558,4744,Heavyweight,-185.0,140.0,0.6090534979423868,10,1,0.6147540983606558,True,0.6379986419822349,True
8372,5,0.2894275486469269,0.05483657121658325,0,201,2026-02-07,1147,1800,Middleweight,,,,16,17,0.23300970873786409,True,0.23300970873786409,False
8373,5,0.6188501119613647,0.006638526916503906,1,202,2026-02-07,1683,2148,Bantamweight,-350.0,210.0,0.7068403908794788,5,4,0.6548463356973994,True,0.7513523401520328,True
8374,5,0.361455500125885,0.002294301986694336,1,203,2026-02-07,146,113,Light Heavyweight,-188.0,124.0,0.5938628158844765,16,2,0.30324909747292417,True,0.5782462391092681,True
8375,5,0.7632647752761841,0.005021095275878906,1,210,2026-02-07,2272,576,Bantamweight,-195.0,130.0,0.6032279757901816,2,12,0.9411764705882353,True,0.700705313437356,True
8376,5,0.48997485637664795,0.024708271026611328,1,205,2026-02-07,1676,2863,Welterweight,-286.0,205.0,0.6932369069379322,4,19,0.4524271844660194,True,0.7143384686456934,True
8377,5,0.5351002812385559,0.027138113975524902,0,206,2026-02-07,2322,3179,Strawweight,120.0,-163.0,0.4231016731016731,6,5,0.4936708860759494,True,0.4037962348124241,True
8378,5,0.3966866135597229,0.008397936820983887,0,207,2026-02-07,2116,1167,Bantamweight,450.0,-1100.0,0.16551724137931037,0,6,0.3885350318471338,True,0.12007419286541506,True
8379,5,0.46214792132377625,0.0680353045463562,1,208,2026-02-07,2489,3722,Catch Weight,-360.0,250.0,0.7325581395348837,4,4,0.4524271844660194,True,0.7583487026882765,True
8380,5,0.49435749650001526,0.011717557907104492,1,209,2026-02-07,997,439,Bantamweight,-105.0,-138.0,0.4690315315315315,1,4,0.4524271844660194,True,0.4520224869152184,True
8381,5,0.5425804853439331,0.09560179710388184,0,198,2026-02-07,1202,777,Bantamweight,105.0,-150.0,0.44843049327354256,4,13,0.5243902439024389,True,0.4374956638328022,True
8382,5,0.6428440809249878,0.17976772785186768,1,187,2026-02-21,3278,2403,Heavyweight,-102.0,-130.0,0.4718423169750604,14,2,0.6548463356973994,True,0.4834083264975725,True
8383,5,0.5848541259765625,0.11649298667907715,0,190,2026-02-21,852,4904,Welterweight,110.0,-145.0,0.4458598726114649,9,3,0.6147540983606558,True,0.44683978496937427,True
8384,5,0.6741926670074463,0.18820571899414062,0,184,2026-02-21,5061,2975,Middleweight,-286.0,200.0,0.6897106109324759,11,23,0.6666666666666666,True,0.7343836817100934,True
8385,5,0.5291805267333984,0.052425265312194824,1,185,2026-02-21,3490,3080,Welterweight,160.0,-225.0,0.3571428571428572,9,13,0.4936708860759494,True,0.32792444212859856,True
8386,5,0.3245035409927368,0.049111008644104004,0,186,2026-02-21,123,2583,Featherweight,185.0,-275.0,0.3236245954692557,20,8,0.30324909747292417,True,0.2682752944958745,True
8387,5,0.41210174560546875,0.06860744953155518,0,188,2026-02-21,3624,1562,Welterweight,235.0,-340.0,0.2786573780873971,0,2,0.4176829268292683,True,0.2335748919811743,True
8388,5,0.4932594299316406,0.03526449203491211,1,189,2026-02-21,3905,4467,Middleweight,-182.0,130.0,0.5974878675421068,14,7,0.4524271844660194,True,0.6035603491814525,True
8389,5,0.32175496220588684,0.22015827894210815,0,192,2026-02-21,823,4667,Flyweight,275.0,-480.0,0.24369747899159663,2,1,0.30324909747292417,True,0.18691611391952345,True
8390,5,0.5674183964729309,0.02948307991027832,1,194,2026-02-21,626,2553,Welterweight,-142.0,102.0,0.542394675138038,10,8,0.6147540983606558,True,0.5606867319875782,True
8391,5,0.5008347630500793,0.007030069828033447,1,195,2026-02-21,3986,1636,Welterweight,-240.0,163.0,0.6499176276771005,0,8,0.4524271844660194,True,0.6647209635166242,True
8392,5,0.46954774856567383,0.05072784423828125,1,196,2026-02-21,3578,3469,Featherweight,295.0,-440.0,0.2370500438981563,8,2,0.4524271844660194,True,0.19369351142531152,True
8393,5,0.6575964689254761,0.0344538688659668,1,197,2026-02-21,1217,1645,Flyweight,-900.0,500.0,0.84375,3,4,0.6548463356973994,True,0.8867371825061398,True
8394,5,0.3459376096725464,0.04072296619415283,0,193,2026-02-21,3041,85,Bantamweight,245.0,-400.0,0.26595744680851063,5,11,0.30324909747292417,True,0.2088783286654873,True
8395,5,0.818001389503479,0.00030803680419921875,1,176,2026-02-28,1361,105,Bantamweight,-1200.0,450.0,0.8354430379746836,1,1,0.9411764705882353,True,0.9067257635238535,True
8396,5,0.4827710688114166,0.041375577449798584,0,171,2026-02-28,3403,1494,Flyweight,-215.0,163.0,0.6422284059287865,19,3,0.4524271844660194,True,0.6558151802584365,True
8397,5,0.27802979946136475,0.004202127456665039,0,172,2026-02-28,900,4590,Bantamweight,210.0,-340.0,0.29451137884872824,25,2,0.23300970873786409,True,0.22913050637102328,True
8398,5,0.5729591846466064,0.0014935731887817383,1,174,2026-02-28,679,3586,Flyweight,-350.0,215.0,0.7101449275362318,5,3,0.6147540983606558,True,0.7504936053741265,True
8399,5,0.569487988948822,0.011702418327331543,1,175,2026-02-28,3184,3401,Flyweight,-530.0,333.0,0.7846080207870355,0,4,0.6147540983606558,True,0.8277194073705723,True
8400,5,0.5221285820007324,0.020155668258666992,0,180,2026-02-28,3454,1848,Featherweight,175.0,-265.0,0.33371428571428574,13,0,0.4936708860759494,True,0.3015428488184538,True
8401,5,0.5003166794776917,0.050849080085754395,0,173,2026-02-28,461,681,Lightweight,-500.0,290.0,0.7647058823529411,6,28,0.4524271844660194,True,0.7934030952183939,True
8402,5,0.6674522161483765,0.012092113494873047,1,178,2026-02-28,3358,4202,Bantamweight,-195.0,148.0,0.6211148214744413,6,13,0.6548463356973994,True,0.6570833874527899,True
8403,5,0.2849861979484558,0.14405548572540283,0,179,2026-02-28,3593,423,Bantamweight,420.0,-700.0,0.1801801801801802,3,3,0.23300970873786409,True,0.12231361151398935,True
8404,5,0.5033499002456665,0.019269287586212158,1,181,2026-02-28,3450,3281,Catch Weight,105.0,-167.0,0.43817182243374087,0,2,0.4524271844660194,True,0.4159165075178971,True
8405,5,0.32397642731666565,0.03808927536010742,0,182,2026-02-28,2697,4537,Featherweight,500.0,-1200.0,0.15294117647058822,2,5,0.30324909747292417,True,0.1039551660822352,True
8406,5,0.4361913502216339,0.03829360008239746,0,183,2026-02-28,4390,2032,Middleweight,190.0,-265.0,0.3220114689016321,0,0,0.4176829268292683,True,0.28002879604259484,True
8407,5,0.6261821389198303,0.01758754253387451,1,177,2026-02-28,2568,233,Middleweight,-1000.0,450.0,0.8333333333333334,0,3,0.6548463356973994,True,0.8772853890841676,True
8408,5,0.5024721026420593,0.11866629123687744,0,164,2026-03-07,157,4633,Bantamweight,-178.0,122.0,0.5870224018064056,3,16,0.4524271844660194,True,0.5912541435574994,True
8409,5,0.44433626532554626,0.048598289489746094,1,159,2026-03-07,4242,827,Lightweight,155.0,-225.0,0.3616133518776078,36,31,0.4375,True,0.32622153273268156,True
8410,5,0.6367598176002502,0.07329249382019043,1,160,2026-03-07,973,3680,Middleweight,-245.0,175.0,0.6613496932515337,8,5,0.6548463356973994,True,0.7020295695869591,True
8411,5,0.6553423404693604,0.0009667873382568359,1,161,2026-03-07,3285,1172,Bantamweight,-350.0,245.0,0.7285067873303167,6,20,0.6548463356973994,True,0.7741925970834208,True
8412,5,0.4164940118789673,0.02990889549255371,0,163,2026-03-07,5029,1733,Middleweight,130.0,-175.0,0.4059040590405904,8,12,0.4176829268292683,True,0.37402239613875093,True
8413,5,0.5007461309432983,0.017368316650390625,0,162,2026-03-07,4421,4219,Lightweight,160.0,-225.0,0.3571428571428572,31,26,0.4524271844660194,True,0.32299323478160435,True
8414,5,0.37341487407684326,0.056519269943237305,0,167,2026-03-07,2844,3267,Flyweight,155.0,-220.0,0.36322360953461974,14,2,0.35802469135802467,True,0.31816243724068505,True
8415,5,0.5614675283432007,0.03138244152069092,1,166,2026-03-07,5033,2119,Featherweight,-195.0,150.0,0.623003194888179,0,5,0.6,True,0.6520197383058188,True
8416,5,0.5450332164764404,0.0023642778396606445,1,168,2026-03-07,2363,4967,Flyweight,-205.0,130.0,0.6072118480360592,9,6,0.5567010309278351,True,0.6283302389832396,True
8417,5,0.5987472534179688,0.01879143714904785,0,169,2026-03-07,1619,1312,Light Heavyweight,-190.0,140.0,0.6112600536193029,0,2,0.6147540983606558,True,0.6405243794960337,True
8418,5,0.4817845821380615,0.05944174528121948,0,170,2026-03-07,4154,3391,Light Heavyweight,-245.0,175.0,0.6613496932515337,0,4,0.4524271844660194,True,0.6779116830632284,True
8419,5,0.7191691994667053,0.018363118171691895,1,165,2026-03-07,4051,1064,Middleweight,-910.0,500.0,0.8438948995363215,1,14,0.75,True,0.8929568045115592,True
8420,5,0.28892531991004944,0.035579144954681396,1,149,2026-03-14,673,1755,Light Heavyweight,200.0,-420.0,0.29213483146067415,19,4,0.23300970873786409,True,0.22674828057475732,True
8421,5,0.41846323013305664,0.05495584011077881,0,148,2026-03-14,1090,100,Featherweight,210.0,-320.0,0.2974504249291785,1,0,0.4176829268292683,True,0.2535042651468625,True
8422,5,0.5443722605705261,0.034264206886291504,1,150,2026-03-14,3787,1276,Flyweight,-195.0,140.0,0.6133682830930537,13,10,0.5555555555555556,True,0.6352932997454792,True
8423,5,0.294152170419693,0.13184136152267456,0,146,2026-03-14,811,1335,Strawweight,194.0,-250.0,0.3225806451612903,14,19,0.23300970873786409,True,0.25772875039541293,True
8424,5,0.6587772369384766,0.09458136558532715,1,151,2026-03-14,3091,1918,Welterweight,-500.0,333.0,0.783001808318264,5,11,0.6548463356973994,True,0.8294650783881604,True
8425,5,0.5018148422241211,0.14498722553253174,1,147,2026-03-14,2340,692,Featherweight,-500.0,301.0,0.7696737044145873,3,25,0.4524271844660194,True,0.7987342685014664,True
8426,5,0.36592230200767517,0.15191835165023804,0,145,2026-03-14,4245,6,Featherweight,360.0,-560.0,0.20395550061804696,16,3,0.3333333333333333,True,0.1516122829888677,True
8427,5,0.4989129304885864,0.01750636100769043,1,154,2026-03-14,1372,2079,Lightweight,-320.0,210.0,0.7025495750708216,0,4,0.4524271844660194,True,0.7248608835488177,True
8428,5,0.6515337228775024,0.05744028091430664,1,156,2026-03-14,1067,4223,Bantamweight,-1667.0,450.0,0.8384161675277766,1,3,0.6548463356973994,True,0.8819178539795414,True
8429,5,0.4715002775192261,0.020917892456054688,0,158,2026-03-14,3248,3821,Strawweight,118.0,-152.0,0.43198025233132203,11,6,0.4524271844660194,True,0.40870957909620226,True
8430,5,0.44588956236839294,0.048140764236450195,0,157,2026-03-14,186,4088,Bantamweight,150.0,-250.0,0.358974358974359,3,0,0.4375,True,0.32325710720623335,True
8431,5,0.41453802585601807,0.011425971984863281,0,153,2026-03-14,1822,3520,Bantamweight,210.0,-280.0,0.30448717948717946,3,2,0.4176829268292683,True,0.26105010199351847,True
8432,5,0.5205212831497192,0.12675833702087402,0,155,2026-03-14,3081,1141,Middleweight,-100.0,-140.0,0.46153846153846145,27,19,0.4936708860759494,True,0.44878032219349695,True
8433,5,0.4616033732891083,0.21175098419189453,0,152,2026-03-14,2100,1207,Heavyweight,163.0,-230.0,0.3529789282276179,1,8,0.4524271844660194,True,0.31831650597478817,True
8434,5,0.5094397068023682,0.136138916015625,0,132,2026-03-21,3562,4085,Featherweight,175.0,-275.0,0.33149171270718236,10,9,0.4524271844660194,True,0.294371613082728,True
8435,5,0.45366472005844116,0.13216328620910645,0,133,2026-03-21,1030,1363,Featherweight,150.0,-250.0,0.358974358974359,2,1,0.45161290322580644,True,0.32495601237743,True
8436,5,0.5621601939201355,0.04219663143157959,0,134,2026-03-21,3434,524,Welterweight,144.0,-230.0,0.37028725314183125,5,4,0.6147540983606558,True,0.35808690725989134,True
8437,5,0.6840132474899292,0.014351367950439453,1,135,2026-03-21,4847,446,Light Heavyweight,-800.0,410.0,0.8192771084337349,1,6,0.6666666666666666,True,0.8651152812003433,True
8438,5,0.3197702467441559,0.019836902618408203,0,136,2026-03-21,3243,3287,Middleweight,290.0,-470.0,0.23720349563046192,13,8,0.30324909747292417,True,0.1806191383994766,True
8439,5,0.5417400598526001,0.01154625415802002,1,137,2026-03-21,2482,4715,Featherweight,184.0,-300.0,0.3194888178913738,3,0,0.5243902439024389,True,0.2891212821465897,True
8440,5,0.4529402256011963,0.009412050247192383,1,138,2026-03-21,2502,2801,Lightweight,-177.0,110.0,0.5729921381223987,6,1,0.45161290322580644,True,0.5746133291417332,True
8441,5,0.3765440881252289,0.03148895502090454,0,139,2026-03-21,4000,2806,Featherweight,-290.0,194.0,0.6861419604056012,0,13,0.35802469135802467,True,0.6951002172658012,True
8442,5,0.41642940044403076,0.052422285079956055,0,140,2026-03-21,989,2630,Heavyweight,500.0,-1400.0,0.1515151515151515,0,2,0.4176829268292683,True,0.10916558005861367,True
8443,5,0.6541392803192139,0.03343701362609863,1,141,2026-03-21,3458,2369,Middleweight,-1115.0,490.0,0.8441008532751653,0,3,0.6548463356973994,True,0.887052666721443,True
8444,5,0.32033994793891907,0.16053956747055054,0,142,2026-03-21,4289,3673,Heavyweight,180.0,-275.0,0.3275109170305677,1,1,0.30324909747292417,True,0.2723973871139374,True
8445,5,0.5235407948493958,0.04203808307647705,0,143,2026-03-21,2887,1747,Lightweight,-155.0,-118.0,0.5289605510331872,1,1,0.4936708860759494,True,0.5283022096800875,True
8446,5,0.39856457710266113,0.028409600257873535,0,144,2026-03-21,1744,4710,Strawweight,330.0,-600.0,0.21341463414634146,2,0,0.3885350318471338,True,0.1649496591989948,True
8447,5,0.5726538896560669,0.10594797134399414,1,119,2026-03-28,1330,553,Middleweight,102.0,-145.0,0.45547499535229596,7,18,0.6147540983606558,True,0.45820030000330947,True
8448,5,0.27473950386047363,0.055184006690979004,1,120,2026-03-28,2289,2636,Flyweight,124.0,-205.0,0.39911018058099973,14,12,0.23300970873786409,True,0.3396356388124382,True
8449,5,0.28373247385025024,0.021952271461486816,0,121,2026-03-28,2863,3611,Welterweight,550.0,-1115.0,0.14357459379615953,20,21,0.23300970873786409,True,0.09192005384261877,True
8450,5,0.4625622630119324,0.04426610469818115,1,122,2026-03-28,4333,3697,Featherweight,-335.0,235.0,0.7206614223791942,0,17,0.4524271844660194,True,0.745153647763279,True
8451,5,0.5710480809211731,0.03207993507385254,0,123,2026-03-28,298,4221,Middleweight,-164.0,118.0,0.5752349079675634,4,1,0.6147540983606558,True,0.5989956908525772,True
8452,5,0.6729220151901245,0.046441495418548584,1,131,2026-03-28,742,2322,Strawweight,-1000.0,330.0,0.7962962962962963,2,7,0.6666666666666666,True,0.8433701568240471,True
8453,5,0.40242457389831543,0.04706263542175293,0,124,2026-03-28,2332,3074,Lightweight,118.0,-200.0,0.40760869565217395,11,12,0.3885350318471338,True,0.37212751264780014,True
8454,5,0.31500083208084106,0.07886886596679688,1,126,2026-03-28,3620,1993,Lightweight,210.0,-420.0,0.2854006586169045,1,12,0.30324909747292417,True,0.22851807155422654,True
8455,5,0.5550451278686523,0.01719951629638672,0,127,2026-03-28,3156,3424,Heavyweight,-104.0,-143.0,0.4641833810888252,23,0,0.6,True,0.46640329221071997,True
8456,5,0.3952023983001709,0.01762568950653076,0,128,2026-03-28,3529,208,Flyweight,-113.0,-130.0,0.48416542473919527,5,7,0.3885350318471338,True,0.46095530366234444,True
8457,5,0.3433869183063507,0.05913263559341431,0,129,2026-03-28,2668,738,Light Heavyweight,310.0,-900.0,0.2132196162046908,2,3,0.30324909747292417,True,0.15781637716933772,True
8458,5,0.6948081254959106,0.06807684898376465,0,125,2026-03-28,145,4961,Lightweight,-350.0,220.0,0.713375796178344,9,1,0.6666666666666666,True,0.759598295255945,True
8459,5,0.432935893535614,0.03805887699127197,1,106,2026-04-04,1285,1133,Lightweight,114.0,-150.0,0.43782837127845886,19,7,0.4176829268292683,True,0.41086382955752276,True
8460,5,0.5213595628738403,0.024952232837677002,0,107,2026-04-04,3825,358,Strawweight,105.0,-140.0,0.4554079696394686,10,12,0.4936708860759494,True,0.44157951847314203,True
8461,5,0.2934271991252899,0.11846023797988892,0,108,2026-04-04,2543,539,Light Heavyweight,290.0,-1600.0,0.2141057934508816,6,1,0.23300970873786409,True,0.15224263148185344,True
8462,5,0.3754557967185974,0.05719399452209473,1,109,2026-04-04,4959,4608,Bantamweight,-142.0,102.0,0.542394675138038,1,3,0.35802469135802467,True,0.5253054117603938,True
8463,5,0.5584924221038818,0.053170204162597656,1,110,2026-04-04,1256,78,Featherweight,-1000.0,500.0,0.8450704225352113,0,1,0.6,True,0.8847117088955869,True
8464,5,0.4237236976623535,0.013522863388061523,1,118,2026-04-04,202,669,Lightweight,-163.0,128.0,0.5855918315895626,4,0,0.4176829268292683,True,0.5849190542591007,True
8465,5,0.49802452325820923,0.02841818332672119,0,111,2026-04-04,1365,2773,Featherweight,170.0,-280.0,0.3345070422535211,1,0,0.4524271844660194,True,0.29771200897428307,True
8466,5,0.70746248960495,0.0014575719833374023,1,113,2026-04-04,3596,884,Flyweight,-450.0,300.0,0.7659574468085105,5,2,0.6923076923076923,True,0.8160356652994262,True
8467,5,0.5328819751739502,0.14423775672912598,0,114,2026-04-04,4496,3877,Lightweight,-275.0,175.0,0.6685082872928176,13,3,0.4936708860759494,True,0.6909555765398108,True
8468,5,0.6364361047744751,0.02444291114807129,1,115,2026-04-04,2800,3474,Bantamweight,-180.0,110.0,0.574468085106383,1,2,0.6548463356973994,True,0.603736945710893,True
8469,5,0.4368942975997925,0.06900668144226074,1,116,2026-04-04,4561,2809,Middleweight,430.0,-800.0,0.17509727626459146,6,3,0.4176829268292683,True,0.13065045692812707,True
8470,5,0.4063442647457123,0.02552133798599243,1,117,2026-04-04,4739,3297,Flyweight,-125.0,-112.0,0.5125725338491296,4,5,0.3885350318471338,True,0.4944251189235467,True
8471,5,0.4304743707180023,0.03635317087173462,1,112,2026-04-04,1896,4613,Heavyweight,-120.0,-164.0,0.4675324675324676,5,1,0.4176829268292683,True,0.44551734072048893,True
8472,5,0.4511418640613556,0.006220996379852295,0,98,2026-04-11,480,2154,Featherweight,-110.0,-150.0,0.46610169491525427,10,25,0.45161290322580644,True,0.44847264937262943,True
8473,5,0.6177270412445068,0.06717491149902344,1,94,2026-04-11,357,3603,Light Heavyweight,-125.0,-112.0,0.5125725338491296,10,8,0.6548463356973994,True,0.531488415239691,True
8474,5,0.5942046046257019,0.06533372402191162,0,95,2026-04-11,3672,2159,Light Heavyweight,-280.0,200.0,0.6885245901639344,6,11,0.6147540983606558,True,0.7270693996916856,True
8475,5,0.6920049786567688,0.07318603992462158,1,96,2026-04-11,2307,4325,Heavyweight,-135.0,-125.0,0.5083682008368201,2,20,0.6666666666666666,True,0.5283224385921584,True
8476,5,0.563645601272583,0.0009131431579589844,1,97,2026-04-11,3786,189,Light Heavyweight,-210.0,130.0,0.6090794451450189,14,15,0.6147540983606558,True,0.6380283572285181,True
8477,5,0.34760838747024536,0.01993536949157715,0,99,2026-04-11,4126,3360,Featherweight,,,,2,1,0.30324909747292417,True,0.30324909747292417,False
8478,5,0.45055651664733887,0.04033219814300537,1,100,2026-04-11,1889,1933,Welterweight,-142.0,-110.0,0.5283486888731397,28,21,0.45161290322580644,True,0.521866646069378,True
8479,5,0.5631953477859497,0.05018734931945801,0,102,2026-04-11,3681,2250,Strawweight,,,,14,9,0.6147540983606558,True,0.6147540983606558,False
8480,5,0.5266774892807007,0.05044889450073242,1,104,2026-04-11,886,717,Middleweight,200.0,-290.0,0.30952380952380953,24,25,0.4936708860759494,True,0.2746981285537623,True
8481,5,0.5271084308624268,0.05382084846496582,0,105,2026-04-11,1433,467,Welterweight,124.0,-180.0,0.40983606557377045,5,6,0.4936708860759494,True,0.3883804031301895,True
8482,5,0.4004020094871521,0.10587131977081299,0,101,2026-04-11,3871,102,Lightweight,150.0,-260.0,0.3564356435643565,6,12,0.3885350318471338,True,0.3144666000081988,True
8483,5,0.5554007887840271,0.06536316871643066,1,86,2026-04-18,1057,3519,Lightweight,-175.0,110.0,0.5719844357976653,2,15,0.6,True,0.5931965236257603,True
8484,5,0.2851167321205139,0.017166733741760254,0,82,2026-04-18,3148,5072,Welterweight,205.0,-280.0,0.3079416531604538,24,7,0.23300970873786409,True,0.24270903465463456,True
8485,5,0.49243947863578796,0.024506866931915283,1,83,2026-04-18,3703,1099,Bantamweight,-165.0,110.0,0.5666394112837285,16,9,0.4524271844660194,True,0.5672268178002439,True
8486,5,0.4380694031715393,0.004910469055175781,1,84,2026-04-18,1844,424,Lightweight,140.0,-180.0,0.39325842696629215,9,0,0.4176829268292683,True,0.3595690258446053,True
8487,5,0.42661052942276,0.03837859630584717,0,87,2026-04-18,3495,764,Featherweight,270.0,-435.0,0.2494754021916531,4,0,0.4176829268292683,True,0.20332054466197286,True
8488,5,0.44894927740097046,0.04010009765625,0,85,2026-04-18,3571,1209,Flyweight,225.0,-370.0,0.28101644245142,7,11,0.45161290322580644,True,0.23945486598867888,True
8489,5,0.5856606960296631,0.04369521141052246,0,90,2026-04-18,5047,3572,Bantamweight,110.0,-150.0,0.4424778761061947,3,2,0.6147540983606558,True,0.4428455082331819,True
8490,5,0.46889591217041016,0.03637409210205078,1,93,2026-04-18,541,2554,Bantamweight,175.0,-265.0,0.33371428571428574,1,0,0.4524271844660194,True,0.2968331417716969,True
8491,5,0.5347269177436829,0.051344990730285645,0,91,2026-04-18,4019,3534,Flyweight,-205.0,120.0,0.5965608465608466,6,16,0.4936708860759494,True,0.6078384243646355,True
8492,5,0.5008640289306641,0.008136749267578125,1,89,2026-04-18,4474,5071,Heavyweight,-163.0,120.0,0.5768983268983269,0,10,0.4524271844660194,True,0.5793283563758409,True
8493,5,0.48508062958717346,0.012567996978759766,1,88,2026-04-18,253,3176,Middleweight,-186.0,130.0,0.5993275427290558,3,0,0.4524271844660194,True,0.6057209864687573,True
8494,5,0.48785197734832764,0.049392879009246826,1,69,2026-04-25,1738,91,Featherweight,105.0,-141.0,0.4546740873502499,22,12,0.4524271844660194,True,0.43518902444625684,True
8495,5,0.5102447271347046,0.003968000411987305,1,70,2026-04-25,85,949,Bantamweight,165.0,-235.0,0.34977812581571394,12,11,0.4936708860759494,True,0.31959391598131803,True
8496,5,0.49100005626678467,0.03084707260131836,1,71,2026-04-25,4756,1205,Lightweight,-105.0,-125.0,0.4796954314720812,10,17,0.4524271844660194,True,0.464558339189736,True
8497,5,0.47227364778518677,0.042081356048583984,1,72,2026-04-25,2649,1773,Bantamweight,-125.0,-103.0,0.5226570545829042,15,0,0.4524271844660194,True,0.5152497511074496,True
8498,5,0.3974273204803467,0.04332304000854492,1,73,2026-04-25,3499,497,Bantamweight,150.0,-225.0,0.3661971830985915,14,12,0.3885350318471338,True,0.325332211987304,True
8499,5,0.500536322593689,0.005105257034301758,1,74,2026-04-25,1191,1668,Heavyweight,110.0,-162.0,0.43507140484888734,15,2,0.4524271844660194,True,0.41230589869743417,True
8500,5,0.39539873600006104,0.02013242244720459,1,75,2026-04-25,1234,3444,Middleweight,225.0,-400.0,0.2777777777777778,3,10,0.3885350318471338,True,0.22972792562837535,True
8501,5,0.5379095077514648,0.02681910991668701,0,76,2026-04-25,2673,1391,Middleweight,140.0,-210.0,0.3808353808353809,8,2,0.5243902439024389,True,0.35876435996361516,True
8502,5,0.5851629972457886,0.03412425518035889,1,77,2026-04-25,737,4058,Bantamweight,-480.0,300.0,0.7680000000000001,1,13,0.6147540983606558,True,0.8110106861665157,True
8503,5,0.6938644647598267,0.02509176731109619,0,78,2026-04-25,2497,2844,Bantamweight,-715.0,400.0,0.8143507972665148,5,15,0.6666666666666666,True,0.8605142868251844,True
8504,5,0.5288835763931274,0.011110424995422363,0,79,2026-04-25,3954,4537,Lightweight,325.0,-600.0,0.2153846153846154,0,6,0.4936708860759494,True,0.175093632280884,True
8505,5,0.5274553894996643,0.07658183574676514,1,80,2026-04-25,257,3728,Welterweight,-150.0,-100.0,0.5454545454545454,0,18,0.4936708860759494,True,0.5477708237497151,True
8506,5,0.48077699542045593,0.1366470456123352,0,81,2026-04-25,1761,722,Strawweight,-250.0,190.0,0.6744186046511629,4,4,0.4524271844660194,True,0.6929105186418901,True
8507,5,0.5433399677276611,0.010507702827453613,1,7,2026-05-02,60,2779,Light Heavyweight,-240.0,175.0,0.66,7,1,0.5243902439024389,True,0.6848666532022096,True
8508,5,0.3633924126625061,0.005320072174072266,0,2,2026-05-02,4002,3662,Lightweight,285.0,-450.0,0.24096385542168672,25,4,0.3333333333333333,True,0.18710524047227378,True
8509,5,0.5705093145370483,0.023992538452148438,1,3,2026-05-02,3349,1600,Flyweight,-196.0,150.0,0.6234096692111959,7,21,0.6147540983606558,True,0.6543845085647855,True
8510,5,0.364890992641449,0.05173158645629883,0,4,2026-05-02,3305,3673,Heavyweight,-120.0,-122.0,0.4981301421091996,5,2,0.3333333333333333,True,0.4692787256811674,True
8511,5,0.41718313097953796,0.04842478036880493,1,5,2026-05-02,4289,4548,Heavyweight,175.0,-265.0,0.33371428571428574,2,17,0.4176829268292683,True,0.2928436817027569,True
8512,5,0.6586018800735474,0.028386592864990234,1,6,2026-05-02,4210,3837,Middleweight,-225.0,130.0,0.6142433234421365,2,2,0.6548463356973994,True,0.6493008761158761,True
8513,5,0.6024689674377441,0.024732589721679688,1,8733,2026-05-02,100,9593,Featherweight,-800.0,475.0,0.8363636363636364,1,0,0.6147540983606558,True,0.8775507889477429,True
8514,5,0.7505378723144531,0.14399218559265137,1,8,2026-05-02,3195,1227,Middleweight,-1800.0,350.0,0.81,8,25,0.8421052631578947,True,0.8720239381599965,True
8515,5,0.2826046049594879,0.046539306640625,0,9,2026-05-02,1342,3292,Bantamweight,-128.0,-145.0,0.48680533995653524,11,2,0.23300970873786409,True,0.4392658794657448,True
8516,5,0.5193700790405273,0.018662691116333008,1,10,2026-05-02,4390,4189,Middleweight,110.0,-156.0,0.4386566141192597,1,0,0.4936708860759494,True,0.42195031690840007,True
8517,5,0.5894060134887695,0.005400359630584717,1,11,2026-05-02,2048,3172,Welterweight,-250.0,170.0,0.6585365853658537,2,7,0.6147540983606558,True,0.6939600126482323,True
8518,5,0.25730377435684204,0.006667613983154297,1,12,2026-05-02,4779,1832,Lightweight,-380.0,125.0,0.6404494382022471,1,1,0.23300970873786409,True,0.6224159087795884,True
8519,5,0.32502084970474243,0.14858782291412354,1,1,2026-05-02,2640,1001,Welterweight,-120.0,-115.0,0.5048923679060665,7,9,0.30324909747292417,True,0.472546195500446,True
8520,5,0.75798499584198,0.07477426528930664,1,17,2026-05-09,681,1430,Lightweight,-500.0,300.0,0.7692307692307692,29,35,0.9411764705882353,True,0.8553932527935835,True
8521,5,0.6098357439041138,0.03221726417541504,0,19,2026-05-09,4835,2382,Welterweight,140.0,-205.0,0.38268506900878296,10,1,0.6548463356973994,True,0.37804995037815337,True
8522,5,0.523293673992157,0.05789172649383545,1,14,2026-05-09,509,17,Flyweight,123.0,-175.0,0.41337842916196915,10,9,0.4936708860759494,True,0.39249043254340343,True
8523,5,0.46575212478637695,0.07799327373504639,1,15,2026-05-09,2905,4755,Heavyweight,,,,18,12,0.4524271844660194,True,0.4524271844660194,False
8524,5,0.5131264328956604,0.05773329734802246,1,16,2026-05-09,2792,3557,Welterweight,130.0,-167.0,0.4100752572569498,10,16,0.4936708860759494,True,0.38865776960009163,True
8525,5,0.21912869811058044,0.11338162422180176,0,18,2026-05-09,3576,3202,Middleweight,700.0,-1800.0,0.11656441717791413,2,4,0.16666666666666666,True,0.0672410133659033,True
8526,5,0.4036027789115906,0.004627823829650879,1,21,2026-05-09,4920,3907,Middleweight,140.0,-188.0,0.38961038961038963,11,3,0.3885350318471338,True,0.35165811419000037,True
8527,5,0.6836674213409424,0.021367311477661133,1,20,2026-05-09,1092,4506,Lightweight,-160.0,115.0,0.5695364238410596,14,7,0.6666666666666666,True,0.5997518627869238,True
8528,5,0.4688430428504944,0.01928269863128662,1,22,2026-05-09,602,1551,Featherweight,-340.0,138.0,0.6477745757284662,10,6,0.4524271844660194,True,0.6622414575883391,True
8529,5,0.2418016791343689,0.005367755889892578,0,23,2026-05-09,4036,3760,Middleweight,500.0,-900.0,0.15625,2,2,0.23300970873786409,True,0.10220886711559742,True
8530,5,0.5364874601364136,0.030416131019592285,1,24,2026-05-09,45,2629,Flyweight,-190.0,145.0,0.6161482461945731,3,4,0.5243902439024389,True,0.6345585849622096,True
8531,5,0.3980797827243805,0.11180877685546875,1,8751,2026-05-09,2795,1823,Lightweight,210.0,-280.0,0.30448717948717946,46,17,0.3885350318471338,True,0.2578908277806643,True
8532,5,0.3262936472892761,0.07206356525421143,1,13,2026-05-09,2975,3456,Middleweight,310.0,-500.0,0.22641509433962265,24,9,0.30324909747292417,True,0.17027223539202746,True
8533,5,0.6222748756408691,0.08332526683807373,0,33,2026-05-16,842,3102,Bantamweight,-159.0,120.0,0.5745729303547964,5,14,0.6548463356973994,True,0.603858091203312,True
8534,5,0.38529592752456665,0.053643226623535156,1,25,2026-05-16,1034,2583,Featherweight,-132.0,-105.0,0.5262543757292881,14,9,0.35802469135802467,True,0.5061781867389759,True
8535,5,0.4165463447570801,0.04354727268218994,1,26,2026-05-16,1704,4346,Featherweight,130.0,-190.0,0.3988995873452545,9,5,0.4176829268292683,True,0.3660058896508808,True
8536,5,0.4535708427429199,0.003507256507873535,1,27,2026-05-16,1692,1795,Bantamweight,188.0,-265.0,0.32352419783726294,0,3,0.45161290322580644,True,0.28548689469213756,True
8537,5,0.4144039452075958,0.06845998764038086,1,29,2026-05-16,3556,1360,Bantamweight,-128.0,-105.0,0.5229174970107613,2,4,0.4176829268292683,True,0.5107637749833278,True
8538,5,0.4880061149597168,0.08486318588256836,1,31,2026-05-16,4268,2893,Light Heavyweight,-182.0,135.0,0.6026490066225165,3,3,0.4524271844660194,True,0.6096197814171803,True
8539,5,0.4481676518917084,0.007853209972381592,1,34,2026-05-16,1064,4822,Middleweight,120.0,-163.0,0.4231016731016731,15,12,0.4375,True,0.39643637757916883,True
8540,5,0.6354706287384033,0.004262208938598633,1,36,2026-05-16,823,4539,Flyweight,-188.0,136.0,0.6063853050513885,3,3,0.6548463356973994,True,0.6403667373243824,True
8541,5,0.43699198961257935,0.06812381744384766,1,37,2026-05-16,430,4438,Strawweight,-275.0,200.0,0.6875,2,4,0.4176829268292683,True,0.703844433667481,True
8542,5,0.43240243196487427,0.01197516918182373,0,27019,2026-05-16,9982,979,Catch Weight,215.0,-350.0,0.28985507246376807,0,12,0.4176829268292683,True,0.24540977057810234,True
8543,5,0.5273647904396057,0.0535738468170166,1,27021,2026-05-16,3346,1676,Welterweight,-127.0,-110.0,0.5164601084430673,10,5,0.4936708860759494,True,0.5135388060987186,True
8544,5,0.6220085620880127,0.05510878562927246,0,27023,2026-05-16,9983,1905,Lightweight,,,,0,0,0.6548463356973994,True,0.6548463356973994,False
8545,5,0.4511053264141083,0.13083314895629883,0,35,2026-05-16,1884,950,Strawweight,142.0,-200.0,0.3826530612244898,11,4,0.45161290322580644,True,0.35177878240378774,True
8546,5,0.3846396803855896,0.07136785984039307,0,38,2026-05-30,4866,1200,Bantamweight,421.0,-516.0,0.1864203658197049,21,16,0.35802469135802467,True,0.1371623459697056,True
8547,5,0.4401026964187622,0.001703023910522461,1,44,2026-05-30,4266,2889,Middleweight,-174.0,155.0,0.6182248850494636,0,0,0.4176829268292683,True,0.6233676687361662,True
8548,5,0.4988107681274414,0.10834312438964844,0,40,2026-05-30,3311,1488,Heavyweight,463.0,-594.0,0.17185789778664856,3,11,0.4524271844660194,True,0.12980248171989053,True
8549,5,0.6545780897140503,0.04069399833679199,0,41,2026-05-30,3844,2981,Bantamweight,226.0,-286.0,0.29278800934494376,3,2,0.6548463356973994,True,0.27398576589396473,True
8550,5,0.2645239531993866,0.05651289224624634,0,27872,2026-05-30,2694,2938,Welterweight,301.0,-368.0,0.2407803753704314,7,23,0.23300970873786409,True,0.1768671827912584,True
8551,5,0.38677316904067993,0.09129655361175537,1,39,2026-05-30,2559,35,Light Heavyweight,195.0,-240.0,0.32442748091603046,17,4,0.35802469135802467,True,0.2757936069939566,True
8552,5,0.37385979294776917,0.01511383056640625,1,48,2026-05-30,2549,3984,Strawweight,-122.0,107.0,0.5321785307877102,6,10,0.35802469135802467,True,0.5131940479052296,True
8553,5,0.5840611457824707,0.031926631927490234,1,26712,2026-05-30,4039,5102,Welterweight,-102.0,-113.0,0.4876548752020112,0,0,0.6147540983606558,True,0.4962335553184893,True
8554,5,0.5081523656845093,0.05210697650909424,0,27879,2026-05-30,729,10976,Featherweight,-107.0,-105.0,0.5022899015342339,0,0,0.4524271844660194,True,0.49118988231985217,True
8555,5,0.3159710168838501,0.14621508121490479,0,27877,2026-05-30,823,2353,Bantamweight,237.0,-285.0,0.2861496153703222,4,2,0.30324909747292417,True,0.22928276685210694,True
8556,5,0.4944929778575897,0.03730583190917969,1,47,2026-05-30,1021,65,Strawweight,161.0,-197.0,0.36613780095417736,29,0,0.4524271844660194,True,0.3331339238728627,True
8557,5,0.38348639011383057,0.01470029354095459,0,45,2026-05-30,630,44,Bantamweight,275.0,-390.0,0.25096030729833546,9,1,0.35802469135802467,True,0.1993329212170547,True
8558,5,0.31244006752967834,0.005803346633911133,1,58,2026-06-06,1725,1829,Lightweight,246.0,-266.0,0.284523772505364,5,10,0.30324909747292417,True,0.22762351449527998,True
8559,5,0.6786112189292908,0.13926684856414795,1,49,2026-06-06,3427,2843,Welterweight,108.0,-117.0,0.4713702319923538,7,21,0.6666666666666666,True,0.48463673053459166,True
8560,5,0.5282413959503174,0.12485623359680176,1,52,2026-06-06,679,1276,Flyweight,109.0,-118.0,0.46920063707976417,6,11,0.4936708860759494,True,0.45779112507025305,True
8561,5,0.41530007123947144,0.014519572257995605,0,54,2026-06-06,3888,2789,Middleweight,178.0,-193.0,0.35320780191431395,14,18,0.4176829268292683,True,0.31442227372286347,True
8562,5,0.524591863155365,0.05527776479721069,0,57,2026-06-06,3578,977,Featherweight,157.0,-168.0,0.3829884531839488,9,9,0.4936708860759494,True,0.35740499378293333,True
8563,5,0.4252285957336426,0.008981108665466309,0,53,2026-06-06,4504,4176,Flyweight,251.0,-251.0,0.2849002849002849,1,0,0.4176829268292683,True,0.24015829255234314,True
8564,5,0.642439603805542,0.03281813859939575,1,59,2026-06-06,3179,3255,Strawweight,-292.0,292.0,0.7448979591836735,6,6,0.6548463356973994,True,0.7911604048518897,True
8565,5,0.5881591439247131,0.2246793508529663,1,60,2026-06-06,4124,576,Bantamweight,-113.0,103.0,0.5185243789416578,5,13,0.6147540983606558,True,0.5326471175898723,True
8566,5,0.5729622840881348,0.10618400573730469,1,27657,2026-06-06,4847,60,Light Heavyweight,,,,2,8,0.6147540983606558,True,0.6147540983606558,False
8567,5,0.3568545877933502,0.016238510608673096,0,27658,2026-06-06,814,3596,Catch Weight,,,,16,6,0.30324909747292417,True,0.30324909747292417,False
8568,5,0.37806662917137146,0.06199580430984497,1,27659,2026-06-06,4586,541,Bantamweight,,,,5,2,0.35802469135802467,True,0.35802469135802467,False
8569,5,0.30136531591415405,0.05055654048919678,1,27656,2026-06-06,4747,1361,Bantamweight,,,,12,2,0.23300970873786409,True,0.23300970873786409,False
8570,5,0.7723114490509033,0.05211949348449707,1,64,2026-06-14,3968,646,Lightweight,-556.0,440.0,0.8206866389678548,5,7,0.9411764705882353,True,0.8958424885740964,True
8571,5,0.27920669317245483,0.06014251708984375,1,61,2026-06-14,415,1809,Lightweight,421.0,-533.0,0.18563430920869342,15,9,0.23300970873786409,True,0.12701532257970363,True
8572,5,0.5884983539581299,0.028484582901000977,1,62,2026-06-14,3477,2749,Heavyweight,-106.0,-108.0,0.49774245981578463,13,12,0.6147540983606558,True,0.5081459710110277,True
8573,5,0.2829778492450714,0.05943232774734497,0,65,2026-06-14,3882,4720,Middleweight,251.0,-302.0,0.27496203882299836,9,6,0.23300970873786409,True,0.2097232573197175,True
8574,5,0.6406049728393555,0.015488386154174805,0,66,2026-06-14,3846,4704,Featherweight,138.0,-164.0,0.4034723071280108,10,9,0.6548463356973994,True,0.40252920325797614,True
8575,5,0.6786078214645386,0.04114890098571777,1,67,2026-06-14,2307,3901,Heavyweight,-357.0,292.0,0.7538299110124755,3,31,0.6666666666666666,True,0.8014280273434884,True
8576,5,0.35736483335494995,0.0681157112121582,0,63,2026-06-14,55,252,Bantamweight,324.0,-395.0,0.22813162503456538,10,15,0.30324909747292417,True,0.17190883811799892,True
8577,5,0.34436261653900146,0.1410841941833496,1,17717,2026-06-20,3401,1975,Flyweight,506.0,-506.0,0.16501650165016502,5,4,0.30324909747292417,True,0.11431986691192075,True
8578,5,0.7094715237617493,0.028598904609680176,1,17719,2026-06-20,1067,3006,Bantamweight,-506.0,506.0,0.834983498349835,2,4,0.6923076923076923,True,0.8812364357158148,True
8579,5,0.554037868976593,0.11880701780319214,0,17714,2026-06-20,683,153,Flyweight,135.0,-135.0,0.425531914893617,10,10,0.6,True,0.4208034871208621,True
8580,5,0.30735480785369873,0.004894614219665527,0,17716,2026-06-20,673,738,Light Heavyweight,277.0,-277.0,0.26525198938992045,20,4,0.30324909747292417,True,0.20817357724814514,True
8581,5,0.6786647439002991,0.00472867488861084,1,17718,2026-06-20,4157,2070,Featherweight,-182.0,182.0,0.6453900709219859,9,5,0.6666666666666666,True,0.6858792400641363,True
8582,5,0.4785286784172058,0.0742485523223877,0,68,2026-06-20,4856,1072,Flyweight,-153.0,153.0,0.6047430830039525,5,3,0.4524271844660194,True,0.612076367619233,True
8583,5,0.3483484387397766,0.020767807960510254,0,27409,2026-06-20,3698,1344,Bantamweight,-102.0,102.0,0.504950495049505,12,6,0.30324909747292417,True,0.4726146256014533,True
8584,5,0.48098212480545044,0.049068570137023926,1,27411,2026-06-20,3909,395,Featherweight,-285.0,285.0,0.7402597402597403,0,5,0.4524271844660194,True,0.7668296447546842,True
8585,5,0.7182098627090454,0.08602523803710938,1,27676,2026-06-20,1202,692,Featherweight,,,,5,26,0.75,True,0.75,False
8586,5,0.47292155027389526,0.012965917587280273,0,27683,2026-06-20,2723,20464,Featherweight,,,,0,0,0.4524271844660194,True,0.4524271844660194,False
8587,5,0.490396648645401,0.11237984895706177,1,27410,2026-06-20,2819,1030,Featherweight,355.0,-355.0,0.21978021978021978,4,3,0.4524271844660194,True,0.17625557700896102,True
8588,5,0.49094223976135254,0.0036908388137817383,0,27681,2026-06-20,1938,20463,Welterweight,,,,0,0,0.4524271844660194,True,0.4524271844660194,False
8589,5,0.6306657791137695,0.06731653213500977,0,26738,2026-06-27,2155,4050,Lightweight,-106.0,106.0,0.5145631067961165,6,12,0.6548463356973994,True,0.5338303512818187,True
8590,5,0.5190943479537964,0.048255205154418945,1,26739,2026-06-27,3868,3905,Middleweight,-308.0,308.0,0.7549019607843137,6,15,0.4936708860759494,True,0.7866066912004622,True
8591,5,0.5729122161865234,0.020437240600585938,1,27070,2026-06-27,3265,5029,Middleweight,-251.0,251.0,0.7150997150997151,5,9,0.6147540983606558,True,0.7558043773948672,True
8592,5,0.45891112089157104,0.003528118133544922,1,27071,2026-06-27,4654,2254,Middleweight,-182.0,182.0,0.6453900709219859,5,3,0.45161290322580644,True,0.659380022186023,True
8593,5,0.46499893069267273,0.01937943696975708,0,27072,2026-06-27,519,534,Lightweight,-174.0,174.0,0.635036496350365,6,2,0.4524271844660194,True,0.6474628043538825,True
8594,5,0.3291737139225006,0.09128230810165405,0,27074,2026-06-27,1673,2148,Bantamweight,153.0,-153.0,0.3952569169960474,3,5,0.30324909747292417,True,0.34634613896841526,True
8595,5,0.5793593525886536,0.04298222064971924,0,27075,2026-06-27,1800,736,Middleweight,-111.0,111.0,0.5260663507109005,18,7,0.6147540983606558,True,0.541520403490361,True
8596,5,0.6563876867294312,0.09906536340713501,1,27076,2026-06-27,539,113,Light Heavyweight,-506.0,506.0,0.834983498349835,2,3,0.6548463356973994,True,0.8787935616208672,True
8597,5,0.5951120853424072,0.020773887634277344,1,27077,2026-06-27,2575,3787,Flyweight,-251.0,251.0,0.7150997150997151,7,14,0.6147540983606558,True,0.7558043773948672,True
8598,5,0.4895361065864563,0.021337270736694336,0,27166,2026-06-27,3737,10036,Welterweight,153.0,-153.0,0.3952569169960474,1,0,0.4524271844660194,True,0.36628997498394583,True
8599,5,0.567490816116333,0.018966495990753174,0,27693,2026-06-27,1848,496,Featherweight,,,,1,4,0.6147540983606558,True,0.6147540983606558,False
8600,5,0.37203168869018555,0.00014638900756835938,0,27694,2026-06-27,20465,5084,Welterweight,,,,0,2,0.35802469135802467,True,0.35802469135802467,False
8601,5,0.5168038010597229,0.021730780601501465,0,27696,2026-06-27,20467,20466,Welterweight,,,,0,0,0.4936708860759494,True,0.4936708860759494,False
8602,5,0.424611359834671,0.0035021305084228516,0,27250,2026-07-11,202,1363,Featherweight,228.0,-228.0,0.3048780487804878,5,2,0.4176829268292683,True,0.2614705379066792,True
8603,5,0.32612866163253784,0.001929163932800293,1,27245,2026-07-11,1943,41,Lightweight,130.0,-130.0,0.43478260869565216,8,12,0.30324909747292417,True,0.3910736223820894,True
8604,5,0.4175490736961365,0.024361491203308105,0,27246,2026-07-11,939,777,Bantamweight,-149.0,127.0,0.5759753418592375,16,14,0.4176829268292683,True,0.5735536154624686,True
8605,5,0.6381090879440308,0.06798362731933594,0,27247,2026-07-11,1494,1629,Flyweight,-199.0,166.0,0.639037110365309,4,12,0.6548463356973994,True,0.6772415453142374,True
8606,5,0.4452701508998871,0.10875797271728516,0,27248,2026-07-11,4046,1771,Heavyweight,725.0,-1393.0,0.11497660807454613,1,0,0.4375,True,0.07842773066541128,True
8607,5,0.4960463047027588,0.05326378345489502,0,27249,2026-07-11,3146,1970,Light Heavyweight,120.0,-120.0,0.45454545454545453,21,24,0.4524271844660194,True,0.4350384665319378,True
8608,5,0.6452527046203613,0.05585289001464844,1,27244,2026-07-11,827,3970,Welterweight,-312.0,245.0,0.7231926901370599,32,14,0.6548463356973994,True,0.7686327785250832,True
8609,5,0.37407779693603516,0.0672445297241211,0,45479,2026-07-11,2844,3596,Flyweight,,,,16,7,0.35802469135802467,True,0.35802469135802467,False
8610,5,0.46076756715774536,0.015735626220703125,0,27252,2026-07-11,4633,84,Bantamweight,344.0,-344.0,0.22522522522522523,17,10,0.4524271844660194,True,0.18171638823463912,True
8611,5,0.49046266078948975,0.037700653076171875,0,27253,2026-07-11,2284,2489,Flyweight,111.0,-111.0,0.47393364928909953,8,5,0.4524271844660194,True,0.4577819758438864,True
8612,5,0.45559847354888916,0.16277074813842773,1,27561,2026-07-11,681,3074,Lightweight,-106.0,106.0,0.5145631067961165,30,13,0.45161290322580644,True,0.5055728680487874,True
8613,5,0.44098037481307983,0.0967254638671875,0,27569,2026-07-11,4467,2568,Middleweight,125.0,-125.0,0.4444444444444444,8,1,0.4176829268292683,True,0.41855456756346937,True
8614,5,0.3539087772369385,0.010385990142822266,0,45477,2026-07-11,20653,1683,Bantamweight,,,,0,6,0.30324909747292417,True,0.30324909747292417,False
8615,5,0.7479978203773499,0.00023353099822998047,1,27251,2026-07-11,2032,2321,Middleweight,-228.0,228.0,0.6951219512195121,1,5,0.8421052631578947,True,0.7649585504310019,True
8616,5,0.5850359201431274,0.062126874923706055,1,45489,2026-07-18,20654,1792,Heavyweight,106.0,-106.0,0.4854368932038835,0,1,0.6147540983606558,True,0.4936131909195646,True
8617,5,0.4361061453819275,0.0149688720703125,0,45490,2026-07-18,20655,4739,Flyweight,506.0,-506.0,0.16501650165016502,0,5,0.4176829268292683,True,0.12136456250461262,True
8618,5,0.5475618839263916,0.14647626876831055,0,27578,2026-07-18,2866,2340,Featherweight,-111.0,111.0,0.5260663507109005,2,4,0.5567010309278351,True,0.5334403390114633,True
8619,5,0.5113798379898071,0.029695749282836914,1,27580,2026-07-18,989,969,Light Heavyweight,141.0,-141.0,0.4149377593360996,1,0,0.4936708860759494,True,0.3943011913534431,True
8620,5,0.2290220707654953,0.0517040491104126,0,27581,2026-07-18,884,4667,Flyweight,700.0,-700.0,0.125,3,2,0.23300970873786409,True,0.07732069590677557,True
8621,5,0.37201130390167236,0.0009733438491821289,1,45486,2026-07-18,3986,3017,Welterweight,160.0,-160.0,0.38461538461538464,1,2,0.35802469135802467,True,0.342016889084656,True
8622,5,0.55061936378479,0.07049155235290527,1,45564,2026-07-18,20688,20689,Featherweight,125.0,-125.0,0.4444444444444444,0,0,0.5567010309278351,True,0.4371547879072848,True
